cell_index,x,y,dist_along_px,dist_along_um,Ki67,HER2,EGFR,CD44
LSP33564--unmicst_cellRing_491094,26223.900584795323,7533.760233918128,1091.1663593847625,709.2581336000957,2125.058479532164,10884.140350877193,2369.748538011696,16208.456140350878
LSP33564--unmicst_cellRing_491129,26200.229357798165,7536.40366972477,1091.1663593847625,709.2581336000957,2577.211009174312,12715.385321100915,2750.651376146789,13329.339449541283
LSP33564--unmicst_cellRing_491160,26208.32098765432,7538.493827160494,1091.1663593847625,709.2581336000957,5418.469135802469,12234.703703703704,3796.074074074074,10398.83950617284
LSP33564--unmicst_cellRing_491188,26230.208633093524,7543.201438848921,1091.1663593847625,709.2581336000957,2152.1870503597124,9432.007194244605,2490.043165467626,18217.40287769784
LSP33564--unmicst_cellRing_491189,26245.674242424244,7543.674242424242,1091.1663593847625,709.2581336000957,2395.128787878788,12931.674242424242,2540.189393939394,22039.93181818182
LSP33564--unmicst_cellRing_491275,26212.611940298502,7551.243781094528,1091.1663593847625,709.2581336000957,2115.4626865671644,12254.49751243781,2427.2139303482586,21210.885572139305
LSP33564--unmicst_cellRing_491276,26257.74042553192,7553.83829787234,1091.1663593847625,709.2581336000957,2216.272340425532,11414.846808510638,2333.0510638297874,20434.140425531918
LSP33564--unmicst_cellRing_491309,26145.84474885845,7554.844748858448,1043.3773376997417,678.1952695048321,2716.3698630136987,16794.753424657534,3075.4748858447488,9681.7899543379
LSP33564--unmicst_cellRing_491322,26240.372727272726,7553.236363636363,1091.1663593847625,709.2581336000957,3382.081818181818,15000.518181818185,2621.3636363636365,23027.881818181817
LSP33564--unmicst_cellRing_491336,26162.035211267605,7554.647887323944,1058.643191836154,688.1180746935001,2678.4154929577467,18382.190140845072,2684.4084507042253,11832.514084507042
LSP33564--unmicst_cellRing_491356,26177.025,7557.0,1071.903253364111,696.7371146866722,2670.7916666666665,17075.683333333334,3645.283333333333,11965.758333333331
LSP33564--unmicst_cellRing_491365,26186.364864864863,7556.689189189189,1080.7777329957391,702.5055264472305,2656.0810810810813,17115.837837837837,3524.662162162162,11659.162162162162
LSP33564--unmicst_cellRing_491390,26238.052631578947,7561.345864661655,1091.1663593847625,709.2581336000957,2724.3383458646617,13563.345864661656,2643.842105263158,28484.22556390977
LSP33564--unmicst_cellRing_491406,26202.18888888889,7561.333333333333,1091.1663593847625,709.2581336000957,2429.088888888889,15592.738888888887,3126.05,16405.044444444444
LSP33564--unmicst_cellRing_491421,26161.71052631579,7564.0,1055.1144114806004,685.8243674623903,2995.0394736842104,14624.368421052632,2858.315789473684,10264.157894736842
LSP33564--unmicst_cellRing_491422,26187.45930232558,7565.726744186047,1078.6895220027066,701.1481893017593,2668.6686046511627,15492.755813953489,3217.0813953488373,8446.401162790698
LSP33564--unmicst_cellRing_491431,26170.532786885247,7565.836065573771,1062.762912926193,690.7958934020254,3050.88524590164,14261.532786885246,2991.3278688524592,4781.327868852459
LSP33564--unmicst_cellRing_491457,26272.5291005291,7567.4338624338625,1091.1663593847625,709.2581336000957,2313.899470899471,13162.089947089948,2481.6031746031745,30411.51851851852
LSP33564--unmicst_cellRing_491464,26221.18181818182,7566.646464646465,1091.1663593847625,709.2581336000957,2491.656565656566,13609.676767676769,2791.656565656566,10842.040404040405
LSP33564--unmicst_cellRing_491473,26213.46103896104,7572.564935064935,1091.1663593847625,709.2581336000957,2599.1233766233768,13378.214285714286,3094.4025974025976,12422.24025974026
LSP33564--unmicst_cellRing_491484,26098.606194690263,7570.159292035398,993.755045163265,645.9407793561222,2217.4646017699115,18795.433628318584,2690.119469026549,27982.561946902653
LSP33564--unmicst_cellRing_491518,26201.14857142857,7574.4,1088.5496676706819,707.5572839859433,2401.2514285714287,14247.897142857142,2996.617142857143,9288.028571428573
LSP33564--unmicst_cellRing_491561,26225.394736842107,7575.355263157895,1091.1663593847625,709.2581336000957,3464.0263157894738,13758.552631578948,3024.144736842105,8399.46052631579
LSP33564--unmicst_cellRing_491582,26237.0,7579.352422907489,1091.1663593847625,709.2581336000957,2508.748898678414,15372.453744493392,2495.092511013216,20953.497797356828
LSP33564--unmicst_cellRing_491583,26255.47120418848,7579.335078534032,1091.1663593847625,709.2581336000957,2370.303664921466,15937.104712041884,2464.774869109948,19984.03664921466
LSP33564--unmicst_cellRing_491595,26059.04273504273,7583.51282051282,952.0133948074123,618.808706624818,2359.128205128205,13558.589743589744,2811.2051282051284,12998.333333333334
LSP33564--unmicst_cellRing_491607,26170.070588235296,7582.188235294117,1056.6918852865354,686.849725436248,2211.1823529411763,18147.511764705883,2450.9,19761.482352941177
LSP33564--unmicst_cellRing_491608,26209.53153153153,7583.684684684685,1091.1663593847625,709.2581336000957,2758.7207207207207,14343.486486486489,2619.4684684684685,10563.036036036036
LSP33564--unmicst_cellRing_491628,26190.72549019608,7582.725490196079,1075.8954339248166,699.3320320511308,2720.5424836601305,17495.843137254902,2748.3529411764707,14802.40522875817
LSP33564--unmicst_cellRing_491629,26219.87898089172,7587.834394904458,1091.1663593847625,709.2581336000957,2815.872611464968,15490.464968152866,2640.923566878981,11767.535031847134
LSP33564--unmicst_cellRing_491653,26086.49193548387,7585.169354838709,977.208897740001,635.1857835310007,2250.7258064516127,13590.741935483871,2740.2419354838707,15059.701612903224
LSP33564--unmicst_cellRing_491654,26122.566666666666,7586.583333333333,1010.5848049064493,656.8801231891921,2486.5666666666666,19507.2,2719.083333333333,29763.37222222222
LSP33564--unmicst_cellRing_491676,26073.140350877195,7589.578947368421,963.1556236442366,626.0511553687538,2280.251461988304,13387.941520467835,2965.1403508771928,22544.526315789477
LSP33564--unmicst_cellRing_491685,26042.68717948718,7592.948717948718,933.4075506610122,606.714907929658,2987.825641025641,14330.615384615385,3263.7179487179487,9184.46153846154
LSP33564--unmicst_cellRing_491692,26197.39814814815,7590.87037037037,1079.3512352775579,701.5783029304126,2877.9166666666665,13559.99074074074,2508.6296296296296,19703.5
LSP33564--unmicst_cellRing_491693,26273.33783783784,7590.810810810811,1091.1663593847625,709.2581336000957,2336.7162162162163,13594.783783783783,2553.2027027027025,19562.68918918919
LSP33564--unmicst_cellRing_491698,26261.98051948052,7591.74025974026,1091.1663593847625,709.2581336000957,2461.2077922077924,14778.694805194806,2454.8506493506493,27139.88961038961
LSP33564--unmicst_cellRing_491713,26058.98181818182,7594.272727272727,948.2468980018243,616.3604837011858,2424.9727272727278,13591.836363636365,2623.2,10970.690909090908
LSP33564--unmicst_cellRing_491720,26085.695035460994,7596.056737588652,972.7075880389135,632.2599322252938,2385.744680851064,12127.95744680851,2753.659574468085,22215.5390070922
LSP33564--unmicst_cellRing_491721,26249.09604519774,7593.084745762711,1091.1663593847625,709.2581336000957,2684.237288135593,18026.011299435027,2392.4180790960454,14549.988700564973
LSP33564--unmicst_cellRing_491729,26185.386454183263,7596.960159362549,1065.9764945314628,692.8847214454509,2335.8486055776893,17237.350597609562,2535.3027888446213,19797.14342629482
LSP33564--unmicst_cellRing_491737,26207.483333333334,7594.708333333333,1087.4951205546693,706.871828360535,2309.883333333333,13132.291666666666,2432.491666666667,18592.741666666665
LSP33564--unmicst_cellRing_491754,26215.54054054054,7599.027027027027,1091.1663593847625,709.2581336000957,2898.824324324324,18234.027027027027,2861.108108108108,15103.121621621622
LSP33564--unmicst_cellRing_491755,26285.415094339623,7597.033018867924,1091.1663593847625,709.2581336000957,2657.75,14767.514150943396,2627.990566037736,11319.0
LSP33564--unmicst_cellRing_491776,26068.081818181818,7600.354545454546,954.6924548747805,620.5500956686074,2155.7636363636366,11915.063636363637,2592.2636363636366,17427.754545454547
LSP33564--unmicst_cellRing_491777,26077.54651162791,7601.523255813953,963.1740686993373,626.0631446545693,2281.5,12970.372093023256,2708.395348837209,15785.290697674418
LSP33564--unmicst_cellRing_491778,26099.994535519127,7599.743169398907,984.859689281275,640.1587980328287,2185.3661202185795,14371.704918032789,2628.158469945355,28388.71584699453
LSP33564--unmicst_cellRing_491791,26224.298850574716,7598.908045977011,1091.1663593847625,709.2581336000957,3333.689655172414,18738.885057471263,3045.528735632184,16795.183908045976
LSP33564--unmicst_cellRing_491804,26009.78313253012,7602.325301204819,899.2880831973703,584.5372540782907,3890.9036144578313,15355.10843373494,3072.9036144578317,6342.843373493976
LSP33564--unmicst_cellRing_491805,26201.436842105264,7604.1736842105265,1078.5562427747295,701.0615578035743,2711.3315789473686,15406.189473684211,2919.5105263157893,16366.926315789471
LSP33564--unmicst_cellRing_491806,26240.858974358973,7601.615384615385,1091.1663593847625,709.2581336000957,3081.423076923077,17330.173076923078,2805.794871794872,12738.564102564103
LSP33564--unmicst_cellRing_491812,26018.35668789809,7604.401273885351,906.6204207139681,589.3032734640793,4068.4140127388537,12956.171974522293,3084.605095541401,5827.464968152866
LSP33564--unmicst_cellRing_491813,26027.054054054053,7600.891891891892,915.9944454741076,595.39638955817,19331.986486486487,18990.283783783783,3358.783783783784,12352.216216216217
LSP33564--unmicst_cellRing_491814,26231.090909090908,7601.4,1091.1663593847625,709.2581336000957,3482.8,18989.727272727272,3096.690909090909,16849.072727272727
LSP33564--unmicst_cellRing_491824,26033.55652173913,7604.382608695652,920.8949412092377,598.5817117860045,5456.834782608696,13935.35652173913,3759.6,12724.53043478261
LSP33564--unmicst_cellRing_491825,26056.858974358973,7602.628205128205,943.3737603762053,613.1929442445335,2745.0,13449.05128205128,2719.923076923077,21059.5
LSP33564--unmicst_cellRing_491841,26132.31343283582,7607.169154228855,1012.6374470113165,658.2143405573557,2163.800995024876,13193.054726368158,2647.542288557214,20307.422885572138
LSP33564--unmicst_cellRing_491842,26158.11363636364,7604.759090909091,1037.6869339960792,674.4965070974515,2307.6136363636365,16870.45909090909,2620.3772727272726,24952.35
LSP33564--unmicst_cellRing_491859,25998.89285714286,7607.401785714285,887.3153395150841,576.7549706848047,3791.151785714286,14233.375,2995.3839285714284,3311.098214285714
LSP33564--unmicst_cellRing_491860,26040.9,7607.585714285714,926.6840432684103,602.3446281244667,3232.0857142857144,12827.014285714286,4472.5,9823.128571428571
LSP33564--unmicst_cellRing_491861,26257.25842696629,7605.921348314607,1091.1663593847625,709.2581336000957,2486.85393258427,16205.134831460677,2458.85393258427,15669.393258426966
LSP33564--unmicst_cellRing_491862,26264.945054945056,7606.56043956044,1091.1663593847625,709.2581336000957,2628.6043956043954,18367.285714285717,2493.725274725274,16513.01098901099
LSP33564--unmicst_cellRing_491874,26102.5625,7607.453125,984.61234798092,639.998026187598,2146.75,13072.75,2658.03125,27360.828125
LSP33564--unmicst_cellRing_491875,26249.486486486487,7607.7027027027025,1091.1663593847625,709.2581336000957,3056.162162162162,18472.85135135135,2949.0945945945946,18998.783783783783
LSP33564--unmicst_cellRing_491887,26072.527777777777,7609.194444444444,955.8184570363445,621.281997073624,2193.805555555556,17468.26388888889,2435.583333333333,24491.08333333333
LSP33564--unmicst_cellRing_491897,26051.01418439716,7609.9716312056735,935.3557208895262,607.981218578192,2991.113475177305,14603.524822695035,3471.9148936170213,19427.18439716312
LSP33564--unmicst_cellRing_491898,26062.731707317074,7610.231707317073,946.2653038588746,615.0724475082685,2638.121951219512,14296.658536585366,2614.170731707317,20911.158536585364
LSP33564--unmicst_cellRing_491899,26216.82208588957,7610.055214723926,1090.9708049117319,709.1310231926258,2490.914110429448,16730.65644171779,3040.680981595092,15058.41717791411
LSP33564--unmicst_cellRing_491900,26229.84146341464,7610.908536585366,1091.1663593847625,709.2581336000957,2491.390243902439,16622.20731707317,2794.1768292682927,14495.201219512195
LSP33564--unmicst_cellRing_491918,26111.85714285714,7612.165413533835,991.7127406369422,644.6132814140125,2249.8496240601503,14534.902255639096,2583.4210526315787,29842.39097744361
LSP33564--unmicst_cellRing_491919,26123.536,7611.712,1002.8319927357164,651.8407952782158,2397.64,13563.648,2923.816,23497.008
LSP33564--unmicst_cellRing_491940,25986.616822429907,7611.906542056075,874.2388779647534,568.2552706770898,3884.457943925234,25404.093457943924,4428.897196261682,8333.364485981308
LSP33564--unmicst_cellRing_491941,26002.72413793104,7613.9655172413795,888.6490167020814,577.621860856353,4201.517241379311,15453.080459770115,3133.0459770114944,4249.0344827586205
LSP33564--unmicst_cellRing_491949,26020.0,7614.370967741936,904.726097727124,588.0719635226307,4434.532258064516,16674.25806451613,3303.0806451612902,5093.580645161291
LSP33564--unmicst_cellRing_491963,26009.95,7616.95,894.4030793217174,581.3620015591164,4553.28,17453.29,3391.02,4875.24
LSP33564--unmicst_cellRing_491976,26031.867816091955,7617.551724137931,914.7699008269815,594.600435537538,3671.9597701149423,17613.94252873563,3840.155172413793,6965.758620689655
LSP33564--unmicst_cellRing_491977,26092.317596566525,7617.360515021459,971.5800338618402,631.5270220101961,2127.0,14980.317596566523,2395.403433476394,23262.80686695279
LSP33564--unmicst_cellRing_491999,26163.87951807229,7616.385542168675,1039.0913257154832,675.4093617150642,2163.867469879518,13243.686746987953,2467.421686746988,32998.97590361446
LSP33564--unmicst_cellRing_492007,25992.80991735537,7619.570247933884,877.4103909610861,570.316754124706,3884.090909090909,17803.785123966944,3328.5785123966944,9142.446280991737
LSP33564--unmicst_cellRing_492008,26047.46913580247,7620.320987654321,928.4602001565466,603.4991301017553,3256.796296296296,17224.0,3607.4938271604938,5034.407407407408
LSP33564--unmicst_cellRing_492009,26155.23776223776,7619.2307692307695,1029.9984596784188,669.4989987909722,2184.6853146853146,12855.748251748251,2594.3846153846152,24611.06993006993
LSP33564--unmicst_cellRing_492020,26061.36231884058,7621.253623188406,941.1802209270995,611.7671436026147,2804.710144927536,13804.72463768116,2756.659420289855,6441.246376811594
LSP33564--unmicst_cellRing_492032,26222.76439790576,7622.371727748691,1091.1663593847625,709.2581336000957,2394.6544502617803,16406.30890052356,2709.4869109947645,21585.84293193717
LSP33564--unmicst_cellRing_492036,25963.52173913044,7622.268115942029,848.9875253983035,551.8418915088973,9563.942028985508,18095.181159420288,5789.355072463768,6162.173913043478
LSP33564--unmicst_cellRing_492037,26017.353982300883,7623.141592920354,899.218740994468,584.4921816464042,11033.66371681416,18457.29203539823,3513.575221238938,4617.893805309735
LSP33564--unmicst_cellRing_492038,26253.809523809523,7623.107142857143,1091.1663593847625,709.2581336000957,2490.753968253968,18105.150793650795,2620.2023809523807,17178.305555555555
LSP33564--unmicst_cellRing_492051,26173.40909090909,7623.054545454545,1045.7376995344105,679.7295046973668,2264.809090909091,10368.936363636363,2238.927272727273,15993.527272727271
LSP33564--unmicst_cellRing_492062,25972.75384615385,7622.738461538462,857.4915609446025,557.3695146139917,4837.953846153846,19179.69230769231,4595.384615384615,5308.461538461538
LSP33564--unmicst_cellRing_492063,26145.79411764706,7624.794117647059,1019.2158295843013,662.4902892297958,2236.8,13284.79411764706,3083.8117647058825,10814.3
LSP33564--unmicst_cellRing_492082,25941.57692307692,7627.2692307692305,826.6638655412057,537.3315126017837,3763.807692307693,15551.930769230768,4798.215384615384,6912.776923076923
LSP33564--unmicst_cellRing_492083,25980.911504424777,7625.628318584071,864.1529215520536,561.6993990088349,3981.433628318584,20585.87610619469,3250.982300884956,14528.787610619467
LSP33564--unmicst_cellRing_492084,25995.893203883494,7626.621359223301,877.8739090838195,570.6180409044827,4072.844660194175,20411.19417475728,3564.8349514563106,6764.611650485437
LSP33564--unmicst_cellRing_492085,26275.936305732484,7625.929936305733,1091.1663593847625,709.2581336000957,2285.0891719745223,15227.43949044586,2458.312101910828,14788.738853503184
LSP33564--unmicst_cellRing_492096,26073.10091743119,7627.5504587155965,950.0285066735765,617.5185293378248,2924.100917431193,16137.605504587156,2915.1559633027523,8027.908256880734
LSP33564--unmicst_cellRing_492097,26086.70918367347,7626.821428571428,963.0539099716054,625.9850414815436,2388.688775510204,19220.79081632653,2723.8214285714284,14159.36224489796
LSP33564--unmicst_cellRing_492098,26265.84375,7626.9375,1091.1663593847625,709.2581336000957,2058.71875,14100.90625,2514.46875,19476.59375
LSP33564--unmicst_cellRing_492109,26007.590277777777,7629.819444444444,887.7514626122522,577.038450697964,3703.8333333333335,16093.965277777776,3189.9791666666665,4755.604166666667
LSP33564--unmicst_cellRing_492110,26049.114864864863,7631.141891891892,926.274704143372,602.0785576931918,3489.175675675676,16953.966216216217,3727.263513513513,4406.459459459459
LSP33564--unmicst_cellRing_492129,26059.63855421687,7631.987951807229,935.8616263905516,608.3100571538586,3566.7831325301204,15455.56626506024,3197.746987951807,3453.987951807229
LSP33564--unmicst_cellRing_492138,25971.808823529413,7631.235294117647,853.6753143371236,554.8889543191303,4165.941176470588,16253.926470588236,3241.764705882353,8144.529411764706
LSP33564--unmicst_cellRing_492139,26157.464968152864,7632.464968152866,1027.5268494371146,667.8924521341245,5094.4331210191085,11938.433121019109,2465.388535031847,14423.764331210192
LSP33564--unmicst_cellRing_492147,25962.943396226416,7631.811320754717,845.1547601842432,549.3505941197581,5699.056603773585,15397.396226415094,3358.132075471698,2830.7169811320755
LSP33564--unmicst_cellRing_492148,26068.12121212121,7631.212121212121,944.091754234809,613.6596402526259,3021.909090909091,15511.0,2872.3939393939395,5261.69696969697
LSP33564--unmicst_cellRing_492157,25955.33333333333,7631.9885057471265,837.9501113507345,544.6675723779774,5456.206896551724,17658.2183908046,4343.091954022989,7258.0
LSP33564--unmicst_cellRing_492158,26029.982035928144,7633.101796407185,907.6390679317713,589.9653941556513,3465.5508982035926,18073.526946107784,4044.508982035928,9474.640718562874
LSP33564--unmicst_cellRing_492159,26123.0421686747,7632.993975903614,995.0317958263777,646.7706672871456,2093.385542168675,18095.01807228916,2683.481927710844,23191.385542168675
LSP33564--unmicst_cellRing_492160,26216.264,7633.48,1082.3715913070425,703.5415343495777,2320.952,12972.672,2809.064,20951.104
LSP33564--unmicst_cellRing_492161,26287.76649746193,7633.868020304569,1091.1663593847625,709.2581336000957,2212.3807106598983,15776.335025380711,2302.97461928934,23391.40609137056
LSP33564--unmicst_cellRing_492165,26207.04597701149,7632.83908045977,1073.9395792178864,698.0607264916262,2208.977011494253,13510.011494252874,2508.6436781609195,17210.67816091954
LSP33564--unmicst_cellRing_492178,25985.85606060606,7634.416666666667,865.7647277824528,562.7470730585943,4047.621212121212,23801.060606060608,5079.204545454545,12273.068181818182
LSP33564--unmicst_cellRing_492179,26083.50476190476,7635.657142857143,956.9999407885805,622.0499615125773,2695.2571428571428,13807.952380952382,2815.247619047619,8182.323809523809
LSP33564--unmicst_cellRing_492180,26196.420168067227,7635.016806722689,1063.2143930192858,691.0893554625358,2210.840336134454,16511.907563025212,2317.983193277311,21383.29411764706
LSP33564--unmicst_cellRing_492189,25924.36363636364,7635.888888888889,807.5342551331852,524.8972658365703,8755.131313131313,18349.89898989899,6957.333333333333,4228.50505050505
LSP33564--unmicst_cellRing_492190,26067.23703703704,7637.955555555555,940.9370825844375,611.6091036798844,2768.4814814814813,13090.192592592592,2821.0592592592598,4417.844444444445
LSP33564--unmicst_cellRing_492200,25950.846153846152,7638.649572649572,831.4416939321526,540.4371010558992,4749.196581196581,19537.7094017094,4137.717948717948,10064.564102564103
LSP33564--unmicst_cellRing_492201,25963.8,7639.666666666667,843.250843273306,548.113048127649,4356.333333333333,16618.01111111111,3583.3,8256.044444444444
LSP33564--unmicst_cellRing_492213,25927.676300578038,7641.549132947976,808.6925704343545,525.6501707823304,26973.473988439306,15035.832369942196,6198.618497109826,3301.942196531792
LSP33564--unmicst_cellRing_492214,26143.275449101795,7637.718562874252,1012.3960492582299,658.0574320178495,2470.215568862276,17369.586826347306,2879.431137724551,28428.91017964072
LSP33564--unmicst_cellRing_492215,26223.950704225357,7639.80985915493,1087.4049789055584,706.813236288613,2329.669014084507,13983.50704225352,2594.823943661972,17177.218309859156
LSP33564--unmicst_cellRing_492221,25969.45555555556,7642.566666666667,847.5599831151811,550.9139890248678,4391.011111111111,17602.466666666667,4571.366666666667,5127.822222222222
LSP33564--unmicst_cellRing_492222,26054.36363636364,7642.181818181818,927.3958800023088,602.8073220015008,3641.602272727273,16927.613636363636,3640.818181818182,8231.03409090909
LSP33564--unmicst_cellRing_492223,26109.897637795275,7638.629921259842,980.7501166130112,637.4875757984573,2499.566929133858,16471.44094488189,2959.0944881889764,10712.188976377953
LSP33564--unmicst_cellRing_492233,25996.423312883435,7640.711656441717,873.514106891043,567.784169479178,3911.656441717792,19700.31288343558,3959.748466257669,9072.104294478528
LSP33564--unmicst_cellRing_492234,26203.890410958906,7641.342465753424,1068.0460362653234,694.2299235724603,2629.219178082192,20718.534246575346,2403.8082191780823,18064.15068493151
LSP33564--unmicst_cellRing_492235,26251.54225352113,7640.443661971831,1091.1663593847625,709.2581336000957,2067.8098591549297,13968.387323943662,2418.281690140845,29620.859154929574
LSP33564--unmicst_cellRing_492245,26047.95555555556,7640.7555555555555,921.8722960741405,599.2169924481914,3599.711111111111,16544.8,3115.955555555556,9193.4
LSP33564--unmicst_cellRing_492246,26124.020979020977,7642.272727272727,992.7518968668851,645.2887329634754,2537.4125874125875,16051.174825174823,2910.622377622378,10377.622377622378
LSP33564--unmicst_cellRing_492256,25911.907894736843,7640.618421052632,794.2116146354356,516.2375495130332,5750.118421052632,19255.565789473683,7449.434210526316,3223.0263157894738
LSP33564--unmicst_cellRing_492257,25978.12962962963,7642.740740740741,855.6423281606136,556.1675133043989,5106.944444444444,22687.175925925927,7123.472222222223,6103.898148148148
LSP33564--unmicst_cellRing_492258,26009.37419354839,7642.335483870967,885.1113104151725,575.3223517698622,4266.916129032258,18004.496774193547,3393.458064516129,6087.122580645161
LSP33564--unmicst_cellRing_492259,26024.0,7642.72972972973,898.7046465257514,584.1580202417384,4284.540540540541,16351.662162162162,3082.4527027027025,8625.925675675675
LSP33564--unmicst_cellRing_492268,26041.382716049386,7642.580246913581,915.0733362132472,594.7976685386108,3764.641975308642,19164.938271604937,3326.679012345679,10839.222222222224
LSP33564--unmicst_cellRing_492284,25895.23577235772,7645.983739837398,776.7118792265784,504.86272149727597,35365.422764227646,13958.861788617884,5636.365853658536,7314.455284552845
LSP33564--unmicst_cellRing_492285,25937.954128440368,7645.146788990825,817.1001315713181,531.1150855213568,7641.954128440367,20246.67889908257,6044.8899082568805,13282.11009174312
LSP33564--unmicst_cellRing_492286,26077.51219512195,7644.524390243902,948.3178689702683,616.4066148306744,2677.792682926829,15684.939024390244,3236.256097560976,13116.817073170732
LSP33564--unmicst_cellRing_492287,26086.74358974359,7645.461538461538,956.6603126838046,621.829203244473,2605.8205128205127,17479.08547008547,3223.641025641026,10867.581196581195
LSP33564--unmicst_cellRing_492294,26067.321739130435,7646.921739130435,937.9256370857764,609.6516641057547,2966.8434782608697,16747.652173913044,3541.417391304348,9469.652173913044
LSP33564--unmicst_cellRing_492295,26234.839552238805,7648.921641791045,1091.1663593847625,709.2581336000957,2278.7611940298507,15185.320895522387,2529.876865671642,25004.93656716418
LSP33564--unmicst_cellRing_492321,25910.24778761062,7648.407079646017,789.9682503219427,513.4793627092628,5818.884955752213,17108.141592920354,5863.238938053098,5320.601769911505
LSP33564--unmicst_cellRing_492322,25947.42105263158,7647.684210526316,825.1119970439681,536.3227980785794,35614.71578947368,19059.34736842105,4077.052631578948,12778.747368421053
LSP33564--unmicst_cellRing_492323,25981.33613445378,7649.193277310925,856.4278608404362,556.6781095462835,5104.44537815126,19628.10924369748,4226.050420168067,6228.176470588235
LSP33564--unmicst_cellRing_492324,26140.31654676259,7647.748201438849,1006.1609619655778,654.0046252776256,8973.258992805755,13774.05035971223,3776.043165467626,7735.870503597122
LSP33564--unmicst_cellRing_492332,26025.00657894737,7651.6973684210525,896.55806531763,582.7627424564596,3747.032894736842,16423.342105263157,2904.6381578947367,10693.526315789471
LSP33564--unmicst_cellRing_492337,26100.186274509804,7648.862745098039,968.106448341803,629.269191422172,2714.450980392157,14875.382352941177,2775.343137254902,9356.78431372549
LSP33564--unmicst_cellRing_492338,26108.58064516129,7648.790322580645,976.0112116983624,634.4072876039356,2804.951612903226,14192.193548387097,2755.322580645161,5658.870967741936
LSP33564--unmicst_cellRing_492350,25888.72413793104,7652.390804597701,768.3906690732163,499.4539348975906,20803.04597701149,13364.919540229885,4382.0114942528735,5575.96551724138
LSP33564--unmicst_cellRing_492351,25923.64893617021,7652.085106382979,801.2799664197746,520.8319781728535,9891.617021276596,13768.159574468084,7415.127659574468,5767.989361702128
LSP33564--unmicst_cellRing_492352,25958.989898989897,7650.616161616162,834.9609290605805,542.7246038893774,5770.272727272727,17160.23232323232,3660.838383838384,6223.353535353535
LSP33564--unmicst_cellRing_492353,25994.86559139785,7653.123655913979,867.7730255688261,564.0524666197371,4737.956989247312,20380.68817204301,4740.037634408603,9226.94623655914
LSP33564--unmicst_cellRing_492354,26247.681159420288,7652.891304347826,1091.1663593847625,709.2581336000957,2316.876811594203,14386.630434782608,2750.695652173913,23261.07246376812
LSP33564--unmicst_cellRing_492358,25879.867924528306,7652.773584905661,759.945382741346,493.9644987818749,4835.320754716981,13954.056603773584,5232.773584905661,3131.849056603773
LSP33564--unmicst_cellRing_492359,26010.693333333333,7653.226666666666,882.5950175422109,573.6867614024371,3706.7933333333335,15689.366666666669,2982.026666666666,16772.553333333333
LSP33564--unmicst_cellRing_492360,26128.777777777777,7651.923076923077,993.8902932542088,646.0286906152357,9798.97435897436,14791.649572649572,4168.051282051282,5022.401709401709
LSP33564--unmicst_cellRing_492367,26115.29936305733,7654.777070063694,980.2542329350707,637.165251407796,5071.503184713376,15382.36305732484,3544.203821656051,5852.592356687898
LSP33564--unmicst_cellRing_492368,26207.97524752475,7655.09405940594,1067.1398201905558,693.6408831238613,2656.4356435643563,14969.039603960397,2497.024752475248,14859.366336633664
LSP33564--unmicst_cellRing_492375,25915.673469387755,7654.326530612245,793.0206978400178,515.4634535960116,8040.244897959184,16986.551020408162,5191.775510204082,9407.081632653062
LSP33564--unmicst_cellRing_492376,25948.21,7655.3,823.2271544940936,535.0976504211609,9006.99,18569.36,3787.72,7211.7
LSP33564--unmicst_cellRing_492388,25968.859649122805,7654.508771929824,842.8837465841071,547.8744352796697,4763.473684210527,20833.01754385965,4413.982456140351,5463.491228070176
LSP33564--unmicst_cellRing_492397,25899.64285714286,7655.508928571428,777.565146385877,505.4173451508201,5573.705357142857,16585.071428571428,4429.473214285715,9414.535714285714
LSP33564--unmicst_cellRing_492398,26032.51388888889,7658.24537037037,901.3478540698842,585.8761051454247,3362.171296296296,19174.37037037037,3479.833333333333,16836.27314814815
LSP33564--unmicst_cellRing_492399,26141.5145631068,7656.466019417476,1004.2802049557695,652.7821332212502,3045.640776699029,12585.825242718449,3772.640776699029,5650.78640776699
LSP33564--unmicst_cellRing_492415,25936.13492063492,7656.642857142857,811.4293463939679,527.4290751560792,8343.619047619048,18271.285714285717,5045.023809523809,14039.63492063492
LSP33564--unmicst_cellRing_492416,26098.98709677419,7657.909677419355,963.8619877830372,626.5102920589742,2604.219354838709,16334.393548387096,3727.3806451612895,9363.032258064515
LSP33564--unmicst_cellRing_492423,25869.47701149425,7659.482758620689,747.8785458015733,486.12105477102267,11422.528735632184,16024.988505747126,4461.0,6989.086206896552
LSP33564--unmicst_cellRing_492424,26167.48186528497,7658.549222797927,1027.9375621362153,668.15941538854,1932.6735751295337,15307.072538860104,2713.60621761658,22449.36787564767
LSP33564--unmicst_cellRing_492425,26236.893203883494,7660.47572815534,1091.1663593847625,709.2581336000957,2958.9417475728155,17875.563106796115,2981.019417475728,11985.291262135925
LSP33564--unmicst_cellRing_492433,25956.5,7659.359375,829.6095707791804,539.2462210064673,5714.359375,18124.28125,4802.46875,4894.28125
LSP33564--unmicst_cellRing_492434,25981.172043010756,7658.236559139785,853.1562943675838,554.5515913389295,20506.64516129032,20428.59139784946,4497.268817204301,4168.354838709677
LSP33564--unmicst_cellRing_492435,26044.875,7661.465909090909,911.8409989157232,592.69664929522,3514.5397727272725,15409.835227272728,3887.284090909091,5601.397727272727
LSP33564--unmicst_cellRing_492439,25889.47899159664,7661.453781512605,765.974926909176,497.8837024909644,6848.53781512605,17599.21848739496,4437.873949579832,8525.226890756303
LSP33564--unmicst_cellRing_492440,25909.42635658915,7660.937984496124,784.8773341319734,510.17026718578273,8244.67441860465,16338.558139534884,4074.139534883721,7666.604651162791
LSP33564--unmicst_cellRing_492441,26125.446153846155,7661.892307692307,987.3261568237941,641.7620019354662,3073.6384615384613,15064.03846153846,3617.076923076923,4628.523076923077
LSP33564--unmicst_cellRing_492458,25921.688524590165,7664.172131147541,795.2729099406921,516.9273914614499,18002.385245901638,17812.926229508197,4223.696721311476,8370.934426229509
LSP33564--unmicst_cellRing_492459,25930.720430107525,7663.225806451613,804.077391836122,522.6503046934794,20215.79569892473,15021.440860215054,4589.870967741936,6837.215053763441
LSP33564--unmicst_cellRing_492460,26071.33333333333,7660.88596491228,936.877366704283,608.9702883577839,9748.043859649122,17367.622807017542,3475.5526315789475,12509.280701754386
LSP33564--unmicst_cellRing_492461,26085.14534883721,7662.267441860465,949.3664642518909,617.0882017637291,2742.279069767442,16466.866279069767,3016.401162790697,7316.273255813953
LSP33564--unmicst_cellRing_492462,26134.34210526316,7663.828947368421,995.0091604858102,646.7559543157766,2421.7105263157896,12740.078947368422,3158.9210526315787,8510.052631578947
LSP33564--unmicst_cellRing_492463,26154.79710144928,7662.159420289855,1014.7858120590383,659.6107778383749,2225.7391304347825,13476.45652173913,3006.521739130435,14319.72463768116
LSP33564--unmicst_cellRing_492464,26260.96907216495,7660.896907216495,1091.1663593847625,709.2581336000957,2360.494845360825,15710.98969072165,2770.463917525773,32152.29896907217
LSP33564--unmicst_cellRing_492465,26268.617283950614,7662.135802469136,1091.1663593847625,709.2581336000957,2456.0,19662.086419753086,2799.333333333333,29920.53086419753
LSP33564--unmicst_cellRing_492475,26009.15573770492,7663.172131147541,877.7231287739437,570.5200337030634,4108.2213114754095,18717.762295081968,3010.901639344262,11213.532786885246
LSP33564--unmicst_cellRing_492480,25960.26582278481,7663.924050632911,831.5709466334407,540.5211153117365,4978.455696202532,19715.41772151899,4285.974683544304,6056.455696202532
LSP33564--unmicst_cellRing_492481,26113.69230769231,7665.726495726496,974.9710419613133,633.7311772748536,3061.923076923077,17027.82051282051,3654.290598290598,6326.076923076923
LSP33564--unmicst_cellRing_492482,26247.492753623188,7664.463768115942,1091.1663593847625,709.2581336000957,3080.927536231884,16960.347826086956,3039.4347826086955,21197.971014492752
LSP33564--unmicst_cellRing_492491,25969.96153846154,7663.641025641025,840.7698847290114,546.5004250738574,5911.910256410257,20654.76923076923,3803.9615384615386,5381.307692307692
LSP33564--unmicst_cellRing_492492,25979.12162162162,7667.682432432432,847.9752424533813,551.1839075946979,6193.972972972973,19978.094594594597,3992.162162162162,6535.905405405405
LSP33564--unmicst_cellRing_492504,25839.376811594204,7665.855072463768,717.4267260954473,466.32737196204073,11721.478260869566,19812.028985507248,8027.463768115942,8569.811594202898
LSP33564--unmicst_cellRing_492505,25945.975806451614,7666.016129032258,817.4356942917489,531.3332012896368,19601.201612903227,16326.209677419354,6660.129032258064,7155.5161290322585
LSP33564--unmicst_cellRing_492506,26061.319327731093,7665.226890756303,925.9807502385628,601.8874876550658,7671.5210084033615,16524.66386554622,4433.638655462185,12071.857142857143
LSP33564--unmicst_cellRing_492507,26145.087719298244,7667.701754385965,1003.7609784504621,652.4446359928004,2558.9473684210525,16976.026315789473,3222.2105263157896,10236.88596491228
LSP33564--unmicst_cellRing_492508,26233.340206185567,7669.154639175258,1086.1027391638675,705.9667804565139,2780.278350515464,19379.546391752578,2945.237113402062,15762.690721649484
LSP33564--unmicst_cellRing_492513,25992.46060606061,7669.084848484848,860.0130872427679,559.0085067077991,5121.466666666666,17180.145454545454,3486.6363636363635,9058.89090909091
LSP33564--unmicst_cellRing_492514,26034.202898550724,7667.797101449275,899.6405136965237,584.7663339027405,3640.246376811594,18819.536231884056,5160.028985507246,11609.927536231884
LSP33564--unmicst_cellRing_492515,26225.17073170732,7667.528455284553,1078.9946545880894,701.3465254822581,2739.1056910569105,19721.17886178862,3004.9024390243903,15606.59349593496
LSP33564--unmicst_cellRing_492522,25903.27049180328,7668.532786885245,776.4806305098007,504.71240983137045,6601.827868852459,18885.688524590165,5415.934426229508,4766.663934426229
LSP33564--unmicst_cellRing_492523,25914.727272727272,7669.127272727273,787.0301722679984,511.569611974199,19810.454545454544,18929.727272727272,4849.272727272727,4824.254545454545
LSP33564--unmicst_cellRing_492524,26053.56043956044,7668.406593406594,917.6013268197011,596.4408624328057,6445.516483516483,19621.934065934067,5016.461538461538,8963.395604395604
LSP33564--unmicst_cellRing_492525,26253.533333333333,7668.506666666667,1091.1663593847625,709.2581336000957,2550.213333333333,18803.746666666662,2843.2533333333336,41295.89333333333
LSP33564--unmicst_cellRing_492535,25937.35714285714,7669.142857142857,808.2674617399986,525.3738501309991,7423.982142857143,15534.75,4714.357142857143,9985.25
LSP33564--unmicst_cellRing_492536,26156.92105263158,7670.991228070176,1013.7349339494797,658.9277070671618,2846.9210526315787,20004.535087719298,3625.7894736842095,8937.736842105263
LSP33564--unmicst_cellRing_492547,25873.046153846157,7669.838461538461,747.658929164136,485.9783039566884,22755.615384615383,21223.93076923077,6189.115384615385,8309.707692307693
LSP33564--unmicst_cellRing_492548,25884.93984962406,7670.849624060151,758.4749600056736,493.0087240036878,8619.15037593985,18425.075187969924,4327.902255639097,6129.360902255639
LSP33564--unmicst_cellRing_492549,26007.206896551725,7669.724137931034,873.6350466881578,567.8627803473025,3838.1724137931033,13506.258620689656,3168.7758620689656,16605.172413793105
LSP33564--unmicst_cellRing_492550,26242.56779661017,7672.762711864407,1091.1663593847625,709.2581336000957,2742.076271186441,16978.01694915254,2854.5,20893.474576271183
LSP33564--unmicst_cellRing_492559,25814.276923076923,7674.338461538461,690.9409382532501,449.1116098646126,9163.323076923078,16621.623076923075,10754.884615384615,3233.0615384615385
LSP33564--unmicst_cellRing_492560,25858.025316455696,7670.075949367088,733.4769968844138,476.760047974869,6724.291139240507,16296.645569620254,8405.987341772152,7744.379746835443
LSP33564--unmicst_cellRing_492561,25929.763440860213,7672.94623655914,799.8280955277111,519.8882620930123,4625.731182795699,17315.107526881722,3405.6559139784945,7508.752688172043
LSP33564--unmicst_cellRing_492562,25956.673469387755,7671.377551020408,825.6293231923116,536.6590600750026,5816.15306122449,21027.88775510204,4338.061224489796,19213.132653061224
LSP33564--unmicst_cellRing_492569,25896.701030927838,7673.721649484536,768.5250953213736,499.54131195889283,5110.092783505154,16896.556701030928,3878.2061855670095,4554.783505154639
LSP33564--unmicst_cellRing_492570,25967.219178082192,7673.246575342466,834.8842635844954,542.674771329922,5943.643835616438,19136.972602739726,3699.027397260274,7331.2054794520545
LSP33564--unmicst_cellRing_492571,26014.345794392524,7672.77570093458,879.2843510819914,571.5348282032944,6083.757009345794,17896.51401869159,4669.439252336449,16048.41121495327
LSP33564--unmicst_cellRing_492572,26136.86458333333,7674.244791666667,993.7863071284561,645.9610996334965,2472.6875,14626.416666666666,2905.239583333333,22245.375
LSP33564--unmicst_cellRing_492573,26193.19270833333,7672.4375,1047.2845615164235,680.7349649856753,2088.6197916666665,15953.614583333334,2926.208333333333,21116.90625
LSP33564--unmicst_cellRing_492583,25835.591549295776,7671.830985915493,711.8133946583378,462.67870652791953,23108.394366197183,15061.957746478873,5536.507042253521,2762.281690140845
LSP33564--unmicst_cellRing_492584,25849.452991452992,7673.5641025641025,724.2276665752764,470.7479832739297,8737.615384615385,17855.871794871793,5333.91452991453,6456.982905982906
LSP33564--unmicst_cellRing_492595,25981.79120879121,7677.604395604396,847.0607384300657,550.5894799795427,5064.56043956044,16771.054945054944,3311.1758241758243,12065.296703296704
LSP33564--unmicst_cellRing_492596,25997.24607329843,7677.691099476439,861.5383318632199,559.999915711093,4808.989528795812,16517.413612565444,4313.874345549738,15036.51832460733
LSP33564--unmicst_cellRing_492605,25939.71794871795,7676.679487179487,807.8854119678562,525.1255177791065,4722.448717948718,17753.28205128205,3605.858974358974,9060.615384615385
LSP33564--unmicst_cellRing_492606,25974.641304347828,7680.228260869565,839.4445845945642,545.6389799864668,4956.554347826087,17620.608695652172,3070.5,14223.358695652174
LSP33564--unmicst_cellRing_492607,26049.58375634518,7677.517766497462,910.7274754869223,591.9728590664995,3855.5939086294416,14408.497461928931,4360.10152284264,6148.482233502538
LSP33564--unmicst_cellRing_492612,25829.457142857143,7676.5,704.4454549907763,457.8895457440046,6057.771428571428,16110.971428571427,4059.742857142857,3343.6857142857143
LSP33564--unmicst_cellRing_492613,25912.40625,7676.59375,782.277473504164,508.4803577777067,4444.9375,19976.0625,3947.0104166666665,10370.854166666666
LSP33564--unmicst_cellRing_492614,25958.82758620689,7678.586206896552,825.1663184921376,536.3581070198895,15410.637931034482,21616.258620689656,3791.103448275862,17338.827586206895
LSP33564--unmicst_cellRing_492620,25838.24074074074,7678.203703703703,712.1032935090302,462.86714078086965,7158.722222222223,15996.296296296296,4475.092592592592,2638.277777777778
LSP33564--unmicst_cellRing_492621,25891.638095238097,7680.838095238095,761.319230552187,494.8574998589216,4600.038095238096,16393.22857142857,4017.8,3814.447619047619
LSP33564--unmicst_cellRing_492622,26102.951871657755,7678.614973262032,960.4458867643214,624.2898263968088,3366.705882352941,16186.27807486631,4383.705882352941,5879.625668449198
LSP33564--unmicst_cellRing_492623,26117.26605504587,7676.440366972477,974.6322749579962,633.5109787226976,3865.577981651376,20837.688073394496,4154.825688073394,12506.275229357798
LSP33564--unmicst_cellRing_492624,26182.048192771083,7676.879518072289,1035.2918852002558,672.9397253801664,2232.939759036145,18937.89156626506,2920.975903614458,16705.590361445782
LSP33564--unmicst_cellRing_492637,25875.90303030303,7680.812121212121,746.5576772514515,485.2624902134435,8346.684848484849,18186.90303030303,4531.69696969697,4223.381818181818
LSP33564--unmicst_cellRing_492638,26177.179856115108,7682.892086330935,1028.6492355393261,668.622003100562,2135.863309352518,15359.1654676259,2786.9856115107914,18408.15827338129
LSP33564--unmicst_cellRing_492646,25861.73949579832,7678.949579831933,733.9044484165697,477.0378914707703,5425.378151260505,20405.14285714286,6376.638655462185,6340.210084033613
LSP33564--unmicst_cellRing_492647,25921.577777777777,7679.355555555556,789.9346973491897,513.4575532769734,4524.133333333333,18423.722222222223,3369.1444444444446,13652.4
LSP33564--unmicst_cellRing_492648,25947.13492063492,7680.166666666667,813.6455723775646,528.869622045417,9742.190476190475,21771.285714285717,3872.8253968253966,13401.357142857143
LSP33564--unmicst_cellRing_492649,26167.881355932204,7681.364406779661,1020.4473765190894,663.2907947374081,3091.576271186441,21536.186440677968,2886.5677966101694,23299.0
LSP33564--unmicst_cellRing_492656,25821.45,7682.025,695.0244892892455,451.7659180380096,5260.925,17227.7,7306.158333333334,3748.266666666667
LSP33564--unmicst_cellRing_492657,25966.19512195122,7680.024390243902,831.5864334034783,540.531181712261,6765.121951219512,20473.34146341464,3528.6585365853657,17607.024390243903
LSP33564--unmicst_cellRing_492664,25903.774193548383,7685.198924731183,771.2080579593464,501.2852376735752,4712.0,16989.209677419356,5528.33870967742,7448.510752688172
LSP33564--unmicst_cellRing_492665,26128.32298136646,7682.757763975155,982.8335866022862,638.8418312914861,2318.360248447205,17205.049689440995,4498.496894409938,12063.975155279502
LSP33564--unmicst_cellRing_492674,25841.656862745094,7684.862745098039,713.0144044664078,463.4593629031651,5587.519607843137,21551.08823529412,6361.401960784314,8476.64705882353
LSP33564--unmicst_cellRing_492675,25930.594339622643,7683.292452830188,797.0413596625245,518.076883780641,4831.745283018868,18605.283018867925,3756.188679245283,14082.962264150943
LSP33564--unmicst_cellRing_492681,25803.783783783783,7683.162162162162,678.0491905324509,440.73197384609307,17953.522522522522,17520.891891891893,16320.693693693696,5756.396396396396
LSP33564--unmicst_cellRing_492682,26088.69369369369,7682.7027027027025,945.6525507716614,614.6741580015799,3714.6576576576576,22898.99099099099,5784.9009009009005,8406.153153153153
LSP33564--unmicst_cellRing_492683,26139.58823529412,7684.607843137255,992.7704952518313,645.3008219136904,2075.6666666666665,9558.686274509804,2939.058823529412,4783.372549019608
LSP33564--unmicst_cellRing_492684,26157.696969696968,7684.083333333333,1009.9499833077349,656.4674891500277,2173.742424242424,11714.85606060606,2415.439393939394,12698.583333333334
LSP33564--unmicst_cellRing_492685,26190.788990825688,7684.302752293578,1040.9378263919048,676.6095871547382,1900.4954128440368,13341.155963302752,2573.1100917431195,11683.62385321101
LSP33564--unmicst_cellRing_492693,25830.43076923077,7687.523076923077,701.5593601411649,456.0135840917572,17640.46923076923,16354.284615384617,10758.984615384616,3377.5615384615385
LSP33564--unmicst_cellRing_492694,26147.471264367818,7684.137931034483,1000.3322906910873,650.2159889492068,1971.32183908046,11723.528735632184,2427.367816091954,25312.32183908046
LSP33564--unmicst_cellRing_492704,25850.647058823528,7686.411764705882,720.9195017248537,468.5976761211549,5340.588235294118,15524.039215686274,5174.686274509804,6769.794117647059
LSP33564--unmicst_cellRing_492705,25860.380530973453,7688.513274336283,729.3318497969254,474.06570236800155,5029.070796460177,17035.24778761062,5396.221238938053,5000.097345132744
LSP33564--unmicst_cellRing_492706,25880.20512820513,7687.2991452991455,748.3597542458587,486.43384025980816,4238.282051282052,16320.94871794872,4548.649572649572,4442.726495726496
LSP33564--unmicst_cellRing_492707,25954.975409836065,7687.631147540984,818.4321743781893,531.9809133458231,7408.696721311476,14154.188524590165,3130.1803278688526,11817.893442622952
LSP33564--unmicst_cellRing_492708,25968.297709923663,7688.435114503817,830.6606637828742,539.9294314588682,3788.335877862595,15613.053435114503,3545.793893129771,13007.465648854964
LSP33564--unmicst_cellRing_492709,26031.674796747968,7685.983739837398,890.9978173439414,579.148581273562,6158.682926829269,14064.983739837398,5286.975609756098,8274.081300813008
LSP33564--unmicst_cellRing_492710,26112.282828282827,7685.606060606061,966.7947859416471,628.4166108620707,2624.656565656566,22902.565656565657,5376.818181818182,8319.666666666666
LSP33564--unmicst_cellRing_492720,25793.161971830985,7688.464788732394,666.2504944755217,433.0628214090891,6430.239436619719,17940.464788732395,7789.880281690141,3500.6901408450703
LSP33564--unmicst_cellRing_492721,25915.726708074533,7689.670807453416,780.8862713340031,507.5760763671021,4350.639751552795,15385.546583850932,4046.981366459627,7268.490683229814
LSP33564--unmicst_cellRing_492727,25989.33108108108,7688.533783783784,850.3706772240351,552.7409401956229,34023.91216216216,17444.37162162162,5434.013513513513,9498.662162162162
LSP33564--unmicst_cellRing_492728,26039.5,7690.945945945946,896.6326915748904,582.8112495236787,30255.635135135137,14331.02027027027,3819.425675675676,10613.72972972973
LSP33564--unmicst_cellRing_492729,26092.7463768116,7689.847826086957,946.9936323569469,615.5458610320155,7799.340579710145,18898.101449275364,4371.485507246377,10407.079710144928
LSP33564--unmicst_cellRing_492736,25773.967213114756,7690.786885245901,647.4318645915051,420.83071198447834,5629.606557377049,16764.114754098362,4616.934426229508,2693.934426229508
LSP33564--unmicst_cellRing_492737,25935.918032786885,7689.934426229508,799.7489918413074,519.8368446968499,30187.88524590164,13790.88524590164,4237.639344262295,7514.2786885245905
LSP33564--unmicst_cellRing_492738,25943.27868852459,7689.016393442623,806.9749181513569,524.5336967983819,34656.55737704918,13828.147540983606,3766.1967213114754,6474.0
LSP33564--unmicst_cellRing_492739,26214.914634146346,7687.121951219512,1062.6126949032068,690.6982516870845,2625.7195121951218,24965.84146341464,2103.9268292682927,47518.57317073171
LSP33564--unmicst_cellRing_492750,25813.714285714286,7690.122448979592,684.9715009769604,445.2314756350243,9252.622448979591,17082.785714285714,7197.714285714285,4217.357142857143
LSP33564--unmicst_cellRing_492751,26019.322580645163,7690.844086021505,877.7272601255485,570.5227190816065,5881.881720430108,11528.924731182797,4755.779569892473,2922.1236559139784
LSP33564--unmicst_cellRing_492758,25802.810344827587,7693.612068965517,673.5329768885258,437.79643497754176,11295.327586206897,18707.07758620689,8726.655172413793,3226.5775862068967
LSP33564--unmicst_cellRing_492759,25927.653846153848,7692.358974358975,791.1555727228641,514.2511222698618,4656.923076923077,16165.923076923076,5031.141025641025,9908.371794871797
LSP33564--unmicst_cellRing_492760,26209.08823529412,7690.808823529412,1055.8724604293209,686.3170992790587,2122.4117647058824,19333.514705882357,2817.6176470588234,10952.970588235294
LSP33564--unmicst_cellRing_492765,25765.19047619048,7692.492063492064,638.6053062715029,415.0934490764769,6006.396825396825,16509.698412698413,4488.396825396825,3216.6349206349205
LSP33564--unmicst_cellRing_492766,25891.22018348624,7691.669724770642,757.1928972625872,492.1753832206817,3701.394495412844,16944.77981651376,5216.660550458716,5919.715596330275
LSP33564--unmicst_cellRing_492773,26057.466666666667,7695.416666666667,911.9567909092575,592.7719140910174,7535.327777777778,22399.733333333334,8792.105555555556,5818.127777777778
LSP33564--unmicst_cellRing_492774,26141.746575342466,7693.13698630137,991.8562369965049,644.7065540477282,953.4041095890412,5926.342465753424,1529.6164383561645,2745.81506849315
LSP33564--unmicst_cellRing_492775,26186.433628318584,7693.70796460177,1033.6071432135418,671.8446430888022,1113.345132743363,6402.371681415929,1648.787610619469,3452.2743362831857
LSP33564--unmicst_cellRing_492784,25753.5,7696.66049382716,626.1944518540244,407.0263937051158,6693.024691358025,17754.864197530864,4154.376543209876,2671.6604938271603
LSP33564--unmicst_cellRing_492785,25778.6,7695.9,650.0179937144626,422.5116959144007,5874.328571428571,21587.957142857143,6648.471428571429,6023.942857142857
LSP33564--unmicst_cellRing_492786,25785.657894736843,7691.421052631579,658.1872893562738,427.821738081578,9670.21052631579,18551.34210526316,4708.026315789473,4471.263157894737
LSP33564--unmicst_cellRing_492787,25837.55769230769,7695.057692307692,705.6519597251344,458.67377382133736,6113.1057692307695,17320.596153846152,6536.019230769231,5885.6057692307695
LSP33564--unmicst_cellRing_492788,25879.10606060606,7695.257575757576,744.584511540341,483.9799325012217,4052.515151515152,14701.787878787878,3873.4242424242425,3766.212121212121
LSP33564--unmicst_cellRing_492789,25955.830687830687,7696.957671957672,816.0198465532525,530.4129002596142,4212.058201058201,17068.21164021164,3435.26455026455,9256.703703703704
LSP33564--unmicst_cellRing_492790,25980.43396226415,7695.688679245283,839.5524093150905,545.7090660548088,37865.84905660377,16094.745283018869,3949.132075471698,12366.028301886792
LSP33564--unmicst_cellRing_492791,26004.868686868685,7693.737373737374,863.1619712858082,561.0552813357754,3455.3636363636365,19533.323232323237,4051.656565656566,6742.757575757576
LSP33564--unmicst_cellRing_492803,25849.80487804878,7697.024390243902,716.4704053445436,465.7057634739533,7033.674796747968,18885.09756097561,12653.837398373984,6876.943089430894
LSP33564--unmicst_cellRing_492804,25863.17117117117,7696.837837837837,729.0816574979689,473.90307737367976,5349.072072072072,21966.702702702703,7501.459459459459,6219.540540540541
LSP33564--unmicst_cellRing_492805,26160.99074074074,7694.62962962963,1009.4061714210994,656.1140114237146,1029.4166666666667,7364.990740740741,1550.611111111111,7515.398148148148
LSP33564--unmicst_cellRing_492817,25938.462686567163,7696.373134328358,799.9180120173619,519.9467078112853,7381.567164179104,15464.731343283582,3617.507462686567,7207.462686567164
LSP33564--unmicst_cellRing_492818,26194.79069767442,7696.511627906977,1040.4854050122394,676.3155132579557,1177.1976744186047,6600.302325581395,1634.1046511627908,4016.813953488372
LSP33564--unmicst_cellRing_492825,25790.95833333333,7696.416666666667,661.4406498103585,429.93642237673305,14345.708333333334,19815.291666666668,5655.583333333333,2844.458333333333
LSP33564--unmicst_cellRing_492826,25992.30921052632,7698.348684210527,849.7827101264476,552.3587615821909,8816.41447368421,15114.342105263158,4364.006578947368,5786.8223684210525
LSP33564--unmicst_cellRing_492833,25767.577464788734,7698.816901408451,638.6655811340239,415.13262773711557,13936.647887323945,15317.43661971831,4838.2535211267605,2171.4084507042253
LSP33564--unmicst_cellRing_492834,25783.990566037737,7701.037735849057,653.3069624761437,424.6495256094934,8073.830188679245,21407.93396226415,7404.5,4295.066037735849
LSP33564--unmicst_cellRing_492835,25870.83333333333,7700.185185185185,735.1201830245687,477.8281189659697,4005.425925925926,18690.64814814815,4372.111111111111,7095.824074074074
LSP33564--unmicst_cellRing_492836,25886.1170212766,7699.276595744681,749.7802052212639,487.3571333938216,4579.840425531915,18006.627659574468,5330.553191489362,6208.287234042553
LSP33564--unmicst_cellRing_492837,25915.195652173912,7699.684782608696,776.935603523329,505.00814229016385,20292.804347826088,17757.07608695652,5738.847826086957,7720.086956521739
LSP33564--unmicst_cellRing_492842,26076.37373737374,7697.909090909091,928.845635246234,603.7496629100522,18446.010101010103,21445.464646464647,5815.363636363636,5157.424242424242
LSP33564--unmicst_cellRing_492843,26151.5593220339,7697.423728813559,999.5896743036755,649.7332882973891,928.6610169491526,6019.237288135593,1479.8474576271187,2754.0508474576272
LSP33564--unmicst_cellRing_492853,25965.79069767442,7700.0,824.3205127545453,535.8083332904545,4461.325581395349,18937.6511627907,3944.9767441860463,8545.186046511628
LSP33564--unmicst_cellRing_492854,26092.60655737705,7700.360655737705,943.2382457695102,613.1048597501816,3608.3032786885246,18225.188524590165,3626.6393442622953,9731.516393442624
LSP33564--unmicst_cellRing_492855,26175.245398773008,7699.067484662577,1021.2571377251804,663.8171395213673,979.1717791411044,6299.705521472392,1554.3006134969326,3071.3680981595094
LSP33564--unmicst_cellRing_492865,25734.71111111111,7702.096296296297,606.6834092761223,394.3442160294795,6611.466666666666,21175.755555555555,4147.548148148148,3721.548148148149
LSP33564--unmicst_cellRing_492866,25794.24,7701.54,662.7549595130042,430.79072368345277,25575.72,16644.74,4272.16,1973.14
LSP33564--unmicst_cellRing_492867,25804.85882352941,7701.411764705882,672.7670576738701,437.2985874880156,6193.517647058824,16175.682352941176,3787.423529411765,3069.858823529412
LSP33564--unmicst_cellRing_492868,25814.635135135137,7699.432432432432,682.6264273037551,443.7071777474408,7605.621621621622,18013.891891891893,4353.243243243243,4355.554054054054
LSP33564--unmicst_cellRing_492869,26025.27619047619,7700.885714285714,879.8542158713835,571.9052403163993,2972.1428571428573,16048.09523809524,4257.457142857143,10848.019047619047
LSP33564--unmicst_cellRing_492870,26128.106382978724,7700.095744680851,976.6532606221202,634.8246194043782,1037.4893617021276,6995.021276595745,1795.787234042553,6326.18085106383
LSP33564--unmicst_cellRing_492878,25827.98245614035,7702.111111111111,694.2321255071996,451.25088157967974,8742.397660818713,19619.06432748538,8653.754385964912,5209.12865497076
LSP33564--unmicst_cellRing_492879,25895.326315789476,7701.463157894736,757.6711871168775,492.4862716259704,5471.852631578948,18411.610526315788,4904.873684210526,8922.484210526316
LSP33564--unmicst_cellRing_492880,25904.222222222223,7704.006535947712,765.1449847284323,497.344240073481,37460.96732026144,16973.13071895425,5753.568627450981,6566.980392156863
LSP33564--unmicst_cellRing_492881,25922.50574712644,7704.649425287356,782.0861055577045,508.355968612508,13203.954022988506,19064.83908045977,5535.574712643678,6268.632183908046
LSP33564--unmicst_cellRing_492882,25937.067567567567,7702.5,796.4962699170868,517.7225754461065,6269.486486486487,17880.62162162162,5345.216216216216,6181.148648648648
LSP33564--unmicst_cellRing_492883,26043.87248322148,7702.89932885906,896.6163952443972,582.8006569088582,2779.3892617449665,23245.5033557047,8181.503355704698,6949.268456375839
LSP33564--unmicst_cellRing_492891,25956.524193548383,7707.596774193548,813.0031718395088,528.4520616956808,20166.290322580644,19519.65322580645,4032.016129032258,3908.491935483871
LSP33564--unmicst_cellRing_492901,25762.2676056338,7707.12676056338,630.8165181647225,410.0307368070697,7350.704225352113,20101.51408450704,6920.140845070423,2455.3169014084506
LSP33564--unmicst_cellRing_492902,25971.666666666668,7705.994535519126,827.7697606813996,538.0503444429097,29428.88524590164,17167.420765027324,3900.087431693989,11021.147540983606
LSP33564--unmicst_cellRing_492903,26160.78823529412,7703.8,1006.0547338771983,653.9355770201789,1014.2823529411764,6180.964705882353,1554.8823529411766,3261.3411764705884
LSP33564--unmicst_cellRing_492915,25751.90909090909,7705.381818181818,621.694521414627,404.1014389195076,7105.018181818182,17460.18181818182,7619.072727272727,1794.3090909090909
LSP33564--unmicst_cellRing_492916,26085.59259259259,7705.333333333333,934.9399811959894,607.7109877773931,2882.320987654321,14880.543209876543,3174.1481481481483,9217.111111111111
LSP33564--unmicst_cellRing_492925,25812.5,7707.813725490196,677.7328524235269,440.5263540752925,5668.4607843137255,24230.71568627451,6068.980392156863,3996.843137254902
LSP33564--unmicst_cellRing_492926,25945.55421686747,7705.6626506024095,803.372413017101,522.1920684611157,5445.518072289156,16663.469879518074,4723.301204819277,9236.939759036144
LSP33564--unmicst_cellRing_492927,25995.97177419355,7710.330645161291,849.090160376649,551.9086042448218,5395.689516129032,20388.43548387097,8464.395161290322,7770.685483870968
LSP33564--unmicst_cellRing_492928,26118.119266055044,7705.321100917431,965.4769906413911,627.5600439169043,2124.2844036697247,22365.036697247702,4643.440366972477,8008.559633027523
LSP33564--unmicst_cellRing_492929,26151.84946236559,7706.172043010752,996.846180858383,647.950017557949,1006.8817204301076,6617.408602150537,1546.2903225806451,3706.2150537634407
LSP33564--unmicst_cellRing_492938,25743.99375,7708.88125,613.0580140244853,398.48770911591544,9344.54375,19429.66875,4722.1625,2738.7
LSP33564--unmicst_cellRing_492939,25775.0202020202,7706.747474747474,642.9181350247637,417.89678776609645,9856.373737373737,18919.18181818182,11725.555555555557,2720.373737373737
LSP33564--unmicst_cellRing_492945,25791.4427480916,7709.633587786259,657.3390375485384,427.27037440655,26046.297709923663,18497.221374045803,7315.32824427481,2338.3664122137407
LSP33564--unmicst_cellRing_492946,25838.44155844156,7708.298701298701,701.9170085931016,456.24605558551605,4652.519480519481,17786.285714285714,4667.701298701299,5731.532467532467
LSP33564--unmicst_cellRing_492947,25850.879310344822,7706.896551724138,714.075697614516,464.1492034494354,4141.172413793103,19491.18103448276,6414.051724137931,7143.706896551724
LSP33564--unmicst_cellRing_492948,25884.675,7708.725,745.1693860590185,484.36010093836205,4049.4,17240.925,5232.591666666666,6484.741666666667
LSP33564--unmicst_cellRing_492949,25930.077777777777,7709.066666666667,787.671194934873,511.9862767076675,8545.066666666668,17725.31111111111,5044.144444444444,14272.044444444444
LSP33564--unmicst_cellRing_492950,26032.251908396946,7708.763358778626,883.6866250902732,574.3963063086776,2870.595419847328,18122.36641221374,3946.580152671756,20910.625954198476
LSP33564--unmicst_cellRing_492951,26075.63333333333,7708.133333333333,924.6259658684809,601.0068778145126,6003.325,20291.725,3891.308333333333,6761.091666666666
LSP33564--unmicst_cellRing_492958,25712.275862068964,7711.206896551724,582.4826973359518,378.61375326836867,9028.758620689656,23237.91379310345,11461.689655172411,2731.4913793103447
LSP33564--unmicst_cellRing_492959,25825.641304347828,7710.271739130435,689.2212336790662,447.99380189139305,6465.054347826087,17656.956521739132,5260.923913043478,3961.217391304348
LSP33564--unmicst_cellRing_492960,25982.134615384617,7712.076923076923,835.4992149057539,543.0744896887401,8035.673076923077,17352.05769230769,4870.147435897436,8337.833333333334
LSP33564--unmicst_cellRing_492966,25862.165048543688,7709.106796116504,723.9076733689195,470.5399876897977,4405.135922330097,20496.388349514564,6459.582524271845,8560.029126213592
LSP33564--unmicst_cellRing_492972,25962.46153846154,7711.641025641025,817.1823641106962,531.1685366719526,8504.615384615385,17915.53846153846,3442.692307692308,5011.48717948718
LSP33564--unmicst_cellRing_492973,26018.548387096773,7711.201612903225,869.9825768963741,565.4886749826431,3540.209677419354,17499.032258064515,4080.83064516129,7619.459677419355
LSP33564--unmicst_cellRing_492984,25942.886363636364,7711.965909090909,798.6951463924803,519.1518451551123,17281.613636363636,17152.920454545456,8282.818181818182,4737.579545454545
LSP33564--unmicst_cellRing_492992,25831.652777777777,7714.513888888889,693.4017879667412,450.71116217838176,4793.194444444444,17449.583333333332,4341.125,4857.958333333333
LSP33564--unmicst_cellRing_492993,26104.687074829933,7715.068027210885,949.5080864966345,617.1802562228124,3242.2721088435374,17189.61224489796,4330.517006802721,5637.979591836735
LSP33564--unmicst_cellRing_493004,25896.87341772152,7713.392405063291,755.011025442215,490.75716653743973,10617.569620253164,19147.113924050635,8173.53164556962,5165.0
LSP33564--unmicst_cellRing_493005,25908.43283582089,7713.664179104478,765.7681627131552,497.7493057635509,5762.970149253732,18447.38805970149,5693.44776119403,6907.835820895522
LSP33564--unmicst_cellRing_493006,26062.66129032258,7712.91129032258,910.8019794743091,592.0212866583009,3128.814516129032,18438.00806451613,4040.032258064516,5878.145161290323
LSP33564--unmicst_cellRing_493013,25844.21875,7716.125,704.6420616440384,458.017340068625,5470.90625,20755.979166666668,9637.59375,4646.041666666667
LSP33564--unmicst_cellRing_493014,25855.23015873016,7717.31746031746,714.5673898653184,464.468803412457,4605.142857142857,16133.031746031746,7671.642857142857,2790.5396825396824
LSP33564--unmicst_cellRing_493015,25877.180327868853,7716.868852459016,735.3266671543205,477.9623336503083,18785.319672131147,15839.032786885246,5755.311475409836,3940.1393442622953
LSP33564--unmicst_cellRing_493016,26123.21359223301,7714.009708737864,967.2637699244838,628.7214504509145,2394.009708737864,16594.495145631066,3076.097087378641,11041.26213592233
LSP33564--unmicst_cellRing_493025,25959.0125,7718.9125,811.4380211214781,527.4347137289608,7155.05,19147.85,4149.4375,5025.0875
LSP33564--unmicst_cellRing_493026,25967.827160493827,7717.469135802469,820.2099218913371,533.1364492293692,4542.246913580247,20055.975308641977,5166.679012345679,9285.456790123457
LSP33564--unmicst_cellRing_493027,26027.536082474227,7717.412371134021,876.2782632858731,569.5808711358176,3230.938144329897,19149.659793814437,3947.0515463917527,21915.371134020617
LSP33564--unmicst_cellRing_493028,26040.506172839505,7718.975308641975,887.9144898320435,577.1444183908283,4419.530864197531,17214.302469135804,6559.722222222223,5987.938271604939
LSP33564--unmicst_cellRing_493036,25730.625615763547,7717.950738916256,597.3827764114998,388.2988046674749,7065.817733990148,19082.960591133004,3980.71921182266,2935.7487684729062
LSP33564--unmicst_cellRing_493037,25764.187969924813,7716.022556390977,629.5524741087798,409.20910817070694,9178.255639097744,20159.84210526316,6832.075187969925,2555.1052631578946
LSP33564--unmicst_cellRing_493038,25779.2,7715.921739130435,643.6790238616717,418.3913655100866,7624.834782608696,26155.77391304348,10966.104347826087,3588.6434782608694
LSP33564--unmicst_cellRing_493039,25867.294736842105,7716.536842105263,726.1615171210701,472.0049861286956,6506.663157894737,18597.336842105266,6412.031578947369,4210.38947368421
LSP33564--unmicst_cellRing_493040,25950.191489361703,7716.872340425532,803.8610512878176,522.5096833370815,47359.0,17475.744680851065,4711.085106382979,2454.106382978724
LSP33564--unmicst_cellRing_493041,26113.417582417584,7716.692307692308,957.1434690947814,622.1432549116079,3151.351648351648,14176.483516483517,3768.1098901098894,5060.494505494506
LSP33564--unmicst_cellRing_493055,25706.72807017544,7718.561403508772,574.7396300090194,373.5807595058626,5648.982456140351,22986.70175438597,7839.482456140351,3406.09649122807
LSP33564--unmicst_cellRing_493056,25789.560975609755,7717.756097560976,652.772505822474,424.30212878460816,9890.268292682927,19486.439024390245,9908.658536585366,3288.682926829268
LSP33564--unmicst_cellRing_493057,25889.35789473684,7717.915789473684,746.396835112001,485.15794282280063,10820.357894736842,18331.326315789476,7716.031578947369,4669.052631578948
LSP33564--unmicst_cellRing_493058,25922.80208333333,7718.125,777.7187770451204,505.5172050793283,19052.947916666668,18490.78125,3871.6875,8591.822916666666
LSP33564--unmicst_cellRing_493059,25933.15702479339,7718.644628099173,787.2598280265931,511.71888821728555,11907.09917355372,17616.314049586777,5907.801652892562,6235.752066115702
LSP33564--unmicst_cellRing_493065,25797.27513227513,7720.851851851852,658.9465714739988,428.31527145809923,31304.100529100528,21881.925925925927,14455.751322751325,2767.619047619048
LSP33564--unmicst_cellRing_493066,25943.13793103448,7719.862068965517,796.2092117664936,517.5359876482208,13862.51724137931,18144.48275862069,8571.068965517241,3803.2586206896553
LSP33564--unmicst_cellRing_493077,25696.21551724138,7719.448275862069,564.565759486211,366.9677436660372,6945.672413793103,19494.0,8533.077586206897,2987.75
LSP33564--unmicst_cellRing_493078,25752.383720930236,7718.802325581395,617.5135409464261,401.383801615177,16647.93023255814,17661.56976744186,4392.627906976744,2196.3255813953488
LSP33564--unmicst_cellRing_493079,25811.94964028777,7718.942446043166,673.3797726077523,437.696852195039,6818.158273381295,24292.62589928057,11689.10071942446,4180.431654676259
LSP33564--unmicst_cellRing_493080,25997.741626794257,7723.387559808612,846.2503485773925,550.0627265753052,21072.22966507177,20031.057416267944,9335.33014354067,12392.655502392345
LSP33564--unmicst_cellRing_493081,26012.95238095238,7720.609523809524,861.4863710776409,559.9661412004666,5945.780952380952,21367.866666666665,4313.352380952381,10609.114285714286
LSP33564--unmicst_cellRing_493082,26048.689655172413,7720.3448275862065,895.1242049178378,581.8307331965946,3958.9885057471274,20446.310344827587,5280.885057471264,2963.816091954023
LSP33564--unmicst_cellRing_493090,26060.21111111111,7721.488888888889,905.5449993424282,588.6042495725784,5418.777777777777,20610.3,4710.488888888889,3672.8555555555554
LSP33564--unmicst_cellRing_493094,25688.30769230769,7722.138461538461,556.2152826376071,361.5399337144446,16385.907692307694,17114.96923076923,10975.6,2192.923076923077
LSP33564--unmicst_cellRing_493095,25783.31168831169,7723.207792207792,645.0269102624316,419.2674916705805,17660.675324675325,17346.415584415583,8061.636363636364,1824.909090909091
LSP33564--unmicst_cellRing_493096,25832.9125,7721.0375,692.3353737045632,450.01799290796606,5969.7875,21092.5625,9080.825,3099.2625
LSP33564--unmicst_cellRing_493097,25980.010752688173,7722.16129032258,830.0291125516255,539.5189231585566,16235.354838709678,17929.032258064515,7079.333333333333,11606.021505376344
LSP33564--unmicst_cellRing_493098,26077.72340425532,7723.070921985815,921.4384092997361,598.9349660448285,3577.177304964539,18595.90070921986,3938.368794326241,19260.40425531915
LSP33564--unmicst_cellRing_493109,25745.78527607362,7724.417177914111,609.3839450121474,396.0995642578958,16540.22699386503,19692.23926380368,4512.969325153375,2878.5337423312885
LSP33564--unmicst_cellRing_493110,25765.1007751938,7724.15503875969,627.605774971949,407.9437537317669,9697.410852713178,16665.15503875969,6078.263565891473,2141.108527131783
LSP33564--unmicst_cellRing_493111,25899.77358490566,7723.669811320755,754.1904333122535,490.2237816529648,4951.405660377359,18080.509433962263,5829.801886792453,3862.896226415094
LSP33564--unmicst_cellRing_493112,25911.18556701031,7722.79381443299,765.2048489603468,497.3831518242254,12795.360824742267,17182.556701030928,5961.556701030928,6130.721649484536
LSP33564--unmicst_cellRing_493113,25951.1875,7731.085227272727,799.8963301127923,519.932614573315,9832.84659090909,18236.00568181818,6735.823863636364,6630.840909090909
LSP33564--unmicst_cellRing_493114,26068.402173913044,7723.54347826087,912.5256626090265,593.1416806958673,5569.673913043478,19686.152173913044,4681.630434782609,11563.141304347826
LSP33564--unmicst_cellRing_493124,25718.45930232558,7726.290697674419,583.0871825565391,379.00666866175044,6155.645348837209,21876.017441860466,4515.21511627907,2732.9593023255816
LSP33564--unmicst_cellRing_493125,25840.08333333333,7725.537037037037,697.515488932566,453.3850678061679,8523.462962962964,19402.435185185182,13164.055555555557,3293.1574074074074
LSP33564--unmicst_cellRing_493126,25944.17094017094,7727.555555555556,794.5266851305681,516.4423453348693,7767.0940170940175,15805.495726495728,5581.350427350428,2414.008547008547
LSP33564--unmicst_cellRing_493139,25682.104347826087,7727.721739130435,548.4674523869339,356.5038440515071,10237.278260869563,19775.539130434783,9749.695652173914,2368.9304347826087
LSP33564--unmicst_cellRing_493140,25880.28395061728,7725.16049382716,735.381621019999,477.9980536629994,10502.95061728395,19186.987654320987,7917.691358024691,4047.456790123457
LSP33564--unmicst_cellRing_493141,26024.11038961039,7727.779220779221,869.4887512792424,565.1676883315075,3581.383116883117,17814.467532467534,4456.961038961039,18570.38961038961
LSP33564--unmicst_cellRing_493153,25708.05128205128,7725.820512820513,573.4792616788926,372.7615200912802,6714.4358974358975,22069.17948717949,4245.692307692308,1945.205128205128
LSP33564--unmicst_cellRing_493154,25732.23404255319,7727.946808510638,595.4466139433132,387.0402990631536,5540.340425531915,19764.478723404256,4082.170212765957,3426.36170212766
LSP33564--unmicst_cellRing_493155,25774.764705882357,7727.635294117647,635.4775428538326,413.0604028549912,11716.823529411764,18231.24705882353,6024.952941176471,2268.035294117647
LSP33564--unmicst_cellRing_493156,26031.644736842107,7734.122807017544,874.3743891453596,568.3433529444837,3713.855263157895,16978.179824561405,4526.552631578948,16136.59649122807
LSP33564--unmicst_cellRing_493157,26054.62365591398,7727.451612903225,898.244496060505,583.8589224393282,6991.419354838709,20511.913978494624,5969.860215053764,5364.569892473119
LSP33564--unmicst_cellRing_493164,25664.945205479453,7727.671232876713,532.3775745515265,346.0454234584923,7872.356164383562,16912.164383561645,6668.698630136986,2381.4794520547944
LSP33564--unmicst_cellRing_493165,25799.43023255814,7728.825581395349,658.2207424454781,427.8434825895608,49351.76744186047,17120.70930232558,13315.127906976744,2116.0697674418607
LSP33564--unmicst_cellRing_493166,25827.347222222223,7727.25,684.9695818983564,445.23022823393165,6957.75,16029.597222222224,10510.708333333334,1793.5
LSP33564--unmicst_cellRing_493167,25863.01818181818,7725.054545454545,719.2107657470568,467.48699773558695,6940.054545454545,21299.34545454545,6732.163636363636,3671.818181818182
LSP33564--unmicst_cellRing_493168,25888.71875,7726.359375,742.8860722277263,482.87594694802215,20344.59375,20638.53125,11056.484375,4196.296875
LSP33564--unmicst_cellRing_493169,25928.00806451613,7728.508064516129,779.0262287312044,506.36704867528283,8801.233870967742,18160.5,4516.241935483871,2707.120967741936
LSP33564--unmicst_cellRing_493170,25968.11111111111,7727.716049382716,816.9439988246407,531.0135992360165,4551.135802469136,23996.83950617284,6322.783950617284,12586.327160493827
LSP33564--unmicst_cellRing_493171,25983.14942528736,7727.850574712644,831.0140906892728,540.1591589480274,8250.896551724138,20899.494252873563,9943.988505747126,9546.218390804595
LSP33564--unmicst_cellRing_493179,25700.03603603604,7729.963963963964,564.5269574894728,366.9425223681573,12178.774774774774,21350.027027027027,5692.324324324324,2184.162162162162
LSP33564--unmicst_cellRing_493180,25855.83333333333,7728.211111111111,711.3781695806416,462.3958102274171,7865.6,21937.522222222226,8096.6,3318.8777777777777
LSP33564--unmicst_cellRing_493181,26009.45679012345,7730.648148148148,854.7443965227137,555.583857739764,11827.512345679012,19576.37654320988,3963.6975308641977,13009.975308641977
LSP33564--unmicst_cellRing_493183,25819.567164179105,7727.0298507462685,677.7423335317523,440.53251679563897,12825.940298507465,19939.985074626864,11683.68656716418,3137.1194029850744
LSP33564--unmicst_cellRing_493184,25871.242424242424,7727.651515151515,726.0355973647551,471.9231382870908,4804.19696969697,20680.68181818182,4993.30303030303,4801.939393939394
LSP33564--unmicst_cellRing_493185,25905.2,7732.07,756.3883726138314,491.6524421989904,7893.71,19403.93,8908.63,4901.05
LSP33564--unmicst_cellRing_493186,25916.553846153845,7727.861538461539,768.4970325214823,499.52307113896353,5811.569230769231,21272.415384615382,4914.169230769231,5238.830769230769
LSP33564--unmicst_cellRing_493194,25810.80864197531,7731.061728395061,668.130779154493,434.28500645042044,21363.753086419754,17352.123456790123,9488.944444444443,2394.783950617284
LSP33564--unmicst_cellRing_493195,25863.59349593496,7734.666666666667,716.4371806446773,465.68416741904025,6937.8130081300815,21431.845528455284,6878.292682926829,5664.138211382114
LSP33564--unmicst_cellRing_493206,25846.617283950614,7730.827160493827,701.825219634993,456.18639276274547,4886.814814814815,26880.69135802469,9256.518518518518,4216.703703703704
LSP33564--unmicst_cellRing_493207,25893.27083333333,7732.125,745.1715019371119,484.36147625912275,12523.333333333334,17253.5,10323.46875,4401.989583333333
LSP33564--unmicst_cellRing_493213,25714.618181818183,7732.490909090909,577.3440937009864,375.2736609056412,7772.054545454545,16242.054545454546,3287.9454545454546,1494.4363636363637
LSP33564--unmicst_cellRing_493223,25877.89814814815,7734.435185185185,729.9447592108354,474.46409348704304,26770.35185185185,15040.222222222224,7796.907407407408,4598.222222222223
LSP33564--unmicst_cellRing_493224,25917.1511627907,7734.825581395349,766.6569858826908,498.32704082374903,5807.03488372093,17413.372093023256,3787.337209302325,3379.7093023255816
LSP33564--unmicst_cellRing_493225,25959.03658536585,7734.4390243902435,806.1080970142838,523.9702630592844,5995.243902439024,20746.69512195122,5769.012195121952,13956.69512195122
LSP33564--unmicst_cellRing_493226,25983.73205741627,7737.712918660287,828.1611145249443,538.3047244412138,4095.306220095694,21835.15311004785,7670.349282296651,13887.468899521533
LSP33564--unmicst_cellRing_493235,25669.319444444445,7734.458333333333,534.1439236081521,347.1935503452989,9067.208333333334,18615.416666666668,6623.861111111111,2653.8611111111118
LSP33564--unmicst_cellRing_493236,25676.86206896552,7733.137931034483,541.6793748053258,352.0915936234618,16119.43103448276,17279.310344827587,7659.293103448276,2299.0172413793102
LSP33564--unmicst_cellRing_493237,25744.69,7735.23,604.6282533288395,393.0083646637457,6065.06,21940.59,4592.025,2182.845
LSP33564--unmicst_cellRing_493238,25758.964285714286,7733.3452380952385,618.6772701294336,402.1402255841319,6111.214285714285,20911.27380952381,4480.833333333333,2411.619047619048
LSP33564--unmicst_cellRing_493239,25767.0612244898,7733.326530612245,626.2843167054583,407.0848058585479,6647.0204081632655,20285.14285714286,5409.7959183673465,2722.9591836734694
LSP33564--unmicst_cellRing_493240,25777.163636363635,7736.5,634.6734467269916,412.5377403725446,6568.118181818182,19873.36363636364,5841.090909090909,2529.390909090909
LSP33564--unmicst_cellRing_493241,25786.806722689074,7734.0,644.5872500459901,418.98171252989357,10859.621848739496,21112.67226890756,9863.0,2643.8571428571427
LSP33564--unmicst_cellRing_493242,25828.9296875,7734.921875,683.8102800788365,444.47668205124376,15057.921875,15355.3203125,6281.4296875,1661.7421875
LSP33564--unmicst_cellRing_493252,25707.02564102564,7737.192307692308,568.5962390609443,369.5875553896138,7853.602564102564,21322.371794871797,3460.423076923077,1999.5641025641023
LSP33564--unmicst_cellRing_493253,25728.95945945946,7736.391891891892,589.4614483763456,383.1499414446247,4779.891891891892,17065.18918918919,3368.162162162162,2157.45945945946
LSP33564--unmicst_cellRing_493254,25937.17777777778,7735.588888888888,785.1928332675467,510.37534162390534,10962.944444444443,19536.0,6320.655555555555,4349.566666666667
LSP33564--unmicst_cellRing_493255,26047.950704225357,7734.612676056338,889.5119278992614,578.18275313452,3230.957746478873,18260.25352112676,4484.6760563380285,12747.05633802817
LSP33564--unmicst_cellRing_493263,25650.446540880504,7737.220125786163,515.4758407114383,335.05929646243493,6610.74213836478,23752.893081761005,10695.459119496856,2725.22641509434
LSP33564--unmicst_cellRing_493264,25796.47619047619,7737.678571428572,652.3958491550851,424.0573019508053,26573.29761904762,17540.119047619046,10531.440476190475,2275.4166666666665
LSP33564--unmicst_cellRing_493265,26081.25925925926,7735.061728395061,920.6238687744046,598.405514703363,3754.617283950617,18505.71604938272,3675.1111111111113,17073.59259259259
LSP33564--unmicst_cellRing_493280,25690.624,7738.36,552.7974723928445,359.31835705534894,9977.944,22961.2,9037.008,2481.0
LSP33564--unmicst_cellRing_493281,25720.57575757576,7741.75,579.744540109231,376.8339510710002,6930.810606060606,19261.022727272728,3629.113636363637,1851.219696969697
LSP33564--unmicst_cellRing_493294,25762.638655462182,7740.663865546218,619.6034160191972,402.7422204124782,7978.915966386555,18612.52100840336,4269.243697478992,1915.890756302521
LSP33564--unmicst_cellRing_493295,25905.377358490565,7740.433962264151,753.6715103208595,489.8864817085587,7581.132075471698,18837.31132075472,7002.132075471698,3708.066037735849
LSP33564--unmicst_cellRing_493296,25971.23846153846,7739.407692307693,815.8491270607842,530.3019325895098,4951.484615384616,18761.976923076923,5564.446153846154,6229.2307692307695
LSP33564--unmicst_cellRing_493297,26040.406593406595,7740.780219780219,880.3041032585791,572.1976671180764,3336.714285714286,18572.197802197803,3584.923076923077,19672.48351648352
LSP33564--unmicst_cellRing_493302,25674.47142857143,7742.114285714286,536.3408186659267,348.62153213285234,10472.842857142858,19188.542857142857,7365.728571428572,2858.1714285714284
LSP33564--unmicst_cellRing_493303,25682.75,7740.85,544.5477579798419,353.95604268689726,20126.6875,19759.7875,10271.9375,2864.475
LSP33564--unmicst_cellRing_493304,25698.380952380958,7741.166666666667,559.1113689479159,363.42238981614537,7184.440476190476,22538.73809523809,3989.845238095238,2047.047619047619
LSP33564--unmicst_cellRing_493305,25849.4,7738.16,701.9094706950474,456.2411559517808,4823.373333333333,21385.2,5679.413333333333,3641.04
LSP33564--unmicst_cellRing_493306,25886.56363636364,7739.872727272727,736.2045441972068,478.53295372818445,19764.927272727276,15813.481818181815,6207.818181818182,3370.918181818182
LSP33564--unmicst_cellRing_493307,25925.81981981982,7739.333333333333,773.2402764418644,502.60617968721186,6060.576576576576,20410.6036036036,5268.225225225226,6946.216216216216
LSP33564--unmicst_cellRing_493316,25663.9375,7741.3828125,526.7047828404553,342.358108846296,15152.9765625,20575.1171875,9179.328125,2704.78125
LSP33564--unmicst_cellRing_493317,25806.54081632653,7740.969387755102,660.709055859893,429.4608863089305,7575.326530612245,18808.97959183673,8113.65306122449,2240.295918367347
LSP33564--unmicst_cellRing_493318,25952.70408163265,7742.397959183673,797.4200532838296,518.3230346344892,12150.173469387755,21676.877551020407,7920.84693877551,12335.948979591836
LSP33564--unmicst_cellRing_493326,25627.728395061727,7742.728395061728,492.25142232599785,319.9634245118986,8069.395061728395,18267.135802469136,5730.061728395061,4375.555555555556
LSP33564--unmicst_cellRing_493327,25711.127167630057,7746.248554913294,569.3243391687756,370.0608204597042,5752.369942196532,19277.693641618494,3374.913294797688,1678.3410404624278
LSP33564--unmicst_cellRing_493328,25815.597222222223,7741.375,669.0704765733153,434.89580977265496,9799.75,20277.902777777777,5211.375,1892.388888888889
LSP33564--unmicst_cellRing_493329,25825.15053763441,7742.354838709677,677.7003904762017,440.50525380953115,55723.84946236559,16102.83870967742,6668.870967741936,1780.010752688172
LSP33564--unmicst_cellRing_493338,25770.15,7745.94,624.8354490147797,406.1430418596068,5612.89,15306.31,3690.73,1565.75
LSP33564--unmicst_cellRing_493339,25868.163120567377,7743.099290780142,717.8196690084994,466.58278485552466,20771.89361702128,15198.709219858156,6935.156028368794,3442.375886524823
LSP33564--unmicst_cellRing_493340,26068.47674418605,7741.093023255814,906.5457231179315,589.2547200266555,3046.488372093024,16848.279069767443,3112.3372093023254,18898.825581395347
LSP33564--unmicst_cellRing_493347,25639.84,7743.25,503.44077205215063,327.23650183389793,42227.16,17242.66,7003.58,1735.49
LSP33564--unmicst_cellRing_493348,25738.158333333333,7745.3,595.0254977179468,386.7665735166654,11532.691666666668,19813.666666666668,7439.366666666667,2073.9
LSP33564--unmicst_cellRing_493349,25779.396551724138,7745.5344827586205,633.6549841903233,411.8757397237101,6115.6551724137935,17421.51724137931,4305.551724137931,2355.7413793103447
LSP33564--unmicst_cellRing_493350,25790.18656716418,7745.283582089552,643.870067241049,418.51554370668185,12708.022388059702,17909.231343283584,12525.597014925374,1782.813432835821
LSP33564--unmicst_cellRing_493351,25854.81818181818,7742.931818181818,705.3505069415736,458.4778295120229,4566.0,19057.045454545456,4530.068181818182,4793.704545454545
LSP33564--unmicst_cellRing_493352,25916.64814814815,7745.731481481482,762.4251628554998,495.5763558560749,6434.0462962962965,18038.49074074074,5041.833333333333,3966.0
LSP33564--unmicst_cellRing_493353,25962.0,7745.959349593496,804.918397878465,523.1969586210023,5590.065040650406,20694.682926829268,5856.390243902439,7448.731707317073
LSP33564--unmicst_cellRing_493354,26017.14746543779,7747.129032258064,856.2821003803789,556.5833652472463,5397.852534562212,15763.027649769583,6944.599078341013,12513.52534562212
LSP33564--unmicst_cellRing_493355,26032.65909090909,7748.5,870.370244909,565.74065919085,3277.1363636363635,15983.90909090909,3791.469696969697,16040.484848484848
LSP33564--unmicst_cellRing_493362,25635.0,7748.813186813187,496.9796394296382,323.03676562926483,32958.89010989011,19316.956043956045,6639.285714285715,2024.868131868132
LSP33564--unmicst_cellRing_493363,25846.565656565657,7746.373737373738,696.4173111683006,452.6712522593954,6949.747474747474,18189.33333333333,6563.262626262626,4124.070707070707
LSP33564--unmicst_cellRing_493364,25897.92604501608,7757.813504823152,740.6856285542799,481.44565856028197,9523.469453376203,18590.33118971061,5134.929260450161,4077.845659163987
LSP33564--unmicst_cellRing_493370,25657.9776119403,7749.813432835821,518.2039070760784,336.83253959945097,8328.313432835821,19965.67910447761,6273.738805970149,3274.492537313433
LSP33564--unmicst_cellRing_493371,25834.64406779661,7745.940677966101,685.3758049198663,445.49427319791306,43054.07627118644,17116.830508474577,9611.966101694916,2825.491525423729
LSP33564--unmicst_cellRing_493372,25985.904191616766,7746.844311377245,827.0521884720416,537.5839225068271,9454.077844311378,19163.63473053892,9273.898203592817,9740.754491017964
LSP33564--unmicst_cellRing_493381,25856.846153846152,7750.623931623932,704.6024254700017,457.99157655550107,5517.837606837607,19168.5641025641,5586.461538461538,4245.863247863248
LSP33564--unmicst_cellRing_493382,25880.67948717949,7746.666666666667,728.3389853770773,473.4203404951002,32095.26923076923,17001.102564102563,6574.217948717948,2923.692307692308
LSP33564--unmicst_cellRing_493383,25896.35135135135,7746.783783783784,743.0097919194692,482.956364747655,11501.121621621622,19518.027027027027,8917.68918918919,4012.391891891892
LSP33564--unmicst_cellRing_493384,25932.927536231884,7746.144927536232,777.5640972785261,505.416663231042,9312.971014492754,19551.565217391304,11722.057971014492,4006.22463768116
LSP33564--unmicst_cellRing_493385,26006.074074074077,7746.16049382716,846.2213953897614,550.0439070033449,9257.20987654321,16484.962962962964,7935.925925925926,3966.6543209876554
LSP33564--unmicst_cellRing_493386,26051.6640625,7746.078125,889.0451187094627,577.8793271611507,2907.203125,22526.9921875,3915.9921875,27869.3515625
LSP33564--unmicst_cellRing_493398,25759.52252252252,7750.207207207207,613.3883798003212,398.7024468702088,24927.891891891893,16436.972972972973,8120.927927927928,2064.6036036036035
LSP33564--unmicst_cellRing_493410,25613.99541284404,7754.54128440367,475.2879563115787,308.9371716025262,6181.454128440367,20168.80733944954,7805.564220183486,3063.692660550458
LSP33564--unmicst_cellRing_493414,25669.647058823528,7751.670588235294,528.517792279131,343.53656498143516,18292.258823529413,19002.98823529412,7154.2235294117645,1917.3647058823528
LSP33564--unmicst_cellRing_493415,25748.936936936934,7749.495495495496,603.6970410517723,392.40307668365205,8609.333333333334,21258.1981981982,8073.189189189189,2673.5405405405404
LSP33564--unmicst_cellRing_493416,25791.719576719577,7754.968253968253,641.9704602299859,417.2807991494908,14590.417989417989,19671.47619047619,13874.708994708995,2348.333333333333
LSP33564--unmicst_cellRing_493417,25871.263157894737,7751.578947368421,717.8064418525312,466.5741872041453,15262.705263157895,18344.75789473684,5228.221052631579,3946.6736842105274
LSP33564--unmicst_cellRing_493418,25948.993710691822,7753.811320754717,790.0025448667423,513.5016541633825,15812.509433962265,18493.025157232703,5134.352201257861,10311.182389937108
LSP33564--unmicst_cellRing_493428,25623.9247311828,7752.268817204301,485.3920071867551,315.50480467139084,10450.827956989247,15957.010752688171,6527.720430107527,3600.3118279569894
LSP33564--unmicst_cellRing_493429,25811.0796460177,7750.911504424779,661.5422624170568,430.0024705710869,23900.53982300885,17258.274336283186,10365.256637168142,2426.0353982300885
LSP33564--unmicst_cellRing_493430,25888.336,7752.128,733.643443362168,476.8682381854092,42708.104,16596.824,9067.168,2223.984
LSP33564--unmicst_cellRing_493441,25821.73043478261,7752.452173913043,671.0090368176665,436.1558739314832,11385.62608695652,18936.634782608697,11387.391304347826,3209.1304347826085
LSP33564--unmicst_cellRing_493442,25938.984375,7751.703125,781.3335485925164,507.8668065851357,8405.171875,20949.890625,6818.734375,11157.875
LSP33564--unmicst_cellRing_493443,25987.08208955224,7754.395522388059,825.5547163113072,536.6105656023497,5098.738805970149,16869.20895522388,7265.126865671642,4925.440298507463
LSP33564--unmicst_cellRing_493450,25680.867724867723,7754.338624338624,538.1308680667623,349.78506424339554,14737.047619047618,20802.09523809524,7881.428571428572,2574.7619047619046
LSP33564--unmicst_cellRing_493451,25730.48888888889,7752.188888888889,585.4513496167651,380.5433772508973,8239.955555555556,23632.355555555558,5602.511111111111,2708.711111111111
LSP33564--unmicst_cellRing_493452,25770.944444444445,7753.425925925926,623.0005350530469,404.95034778448047,6264.722222222223,16456.25925925926,4105.777777777777,2420.0185185185187
LSP33564--unmicst_cellRing_493453,25778.14285714286,7757.285714285715,628.4270826570813,408.47760372710286,11412.032467532468,16947.72077922078,4870.558441558442,1853.8181818181815
LSP33564--unmicst_cellRing_493454,25840.55,7753.9625,688.1543031365782,447.3002970387758,21341.875,21447.95,7902.35,4474.2625
LSP33564--unmicst_cellRing_493463,25832.285714285717,7754.523809523809,680.2031141701681,442.13202421060925,43816.47619047619,17813.634920634922,9223.15873015873,3494.333333333333
LSP33564--unmicst_cellRing_493464,25921.459119496856,7756.974842767296,763.065244538506,495.9924089500289,53530.04402515724,16437.79245283019,5629.496855345912,3640.723270440252
LSP33564--unmicst_cellRing_493465,25998.57894736842,7752.986842105263,836.8324392960917,543.9410855424596,4834.513157894737,16862.105263157893,6511.4078947368425,6518.552631578948
LSP33564--unmicst_cellRing_493466,26025.85483870968,7754.451612903225,861.931364513153,560.2553869335494,3807.5,20898.6935483871,5627.064516129032,18958.290322580644
LSP33564--unmicst_cellRing_493474,25740.25609756097,7754.756097560976,593.7348235075843,385.92763527992986,7447.4390243902435,24016.475609756097,13452.926829268292,3194.9268292682927
LSP33564--unmicst_cellRing_493475,25877.04761904762,7759.325396825397,720.565845684743,468.3677996950829,11952.31746031746,18882.75396825397,5565.087301587301,3423.0238095238096
LSP33564--unmicst_cellRing_493476,25931.026315789477,7756.171052631579,772.3230673316596,502.0099937655787,45989.82894736842,15526.53947368421,5523.5921052631575,4318.25
LSP33564--unmicst_cellRing_493477,25957.3309352518,7759.107913669065,796.0027788009126,517.4018062205931,18975.0,20935.179856115108,7877.741007194245,8316.58273381295
LSP33564--unmicst_cellRing_493478,25968.80141843972,7755.198581560284,808.1178055877045,525.276573632008,15606.63120567376,18956.28368794326,10773.780141843972,8280.63829787234
LSP33564--unmicst_cellRing_493491,25647.44578313253,7754.481927710844,506.70828546223987,329.36038555045593,15124.831325301206,18067.43373493976,8617.012048192772,1834.9277108433732
LSP33564--unmicst_cellRing_493492,25668.693965517243,7763.689655172414,523.4797330184492,340.26182646199203,16906.978448275862,20787.375,10339.405172413792,2698.581896551724
LSP33564--unmicst_cellRing_493493,25722.33103448276,7758.103448275862,575.7546162936719,374.24050059088677,29683.344827586207,25529.337931034483,4993.958620689656,2966.2413793103447
LSP33564--unmicst_cellRing_493504,26004.64,7757.44,840.9867917421913,546.6414146324244,5969.7,21812.87,8087.53,9511.01
LSP33564--unmicst_cellRing_493513,25594.20588235294,7757.455882352941,455.70675823212036,296.20939285087826,3603.6323529411766,14984.83088235294,6212.823529411765,4627.264705882353
LSP33564--unmicst_cellRing_493514,25630.571428571428,7759.05,489.2935532775364,318.04080963039866,29679.35,17574.071428571428,10272.707142857143,2510.957142857143
LSP33564--unmicst_cellRing_493515,25655.44385026738,7762.941176470588,511.2998747963927,332.34491861765525,24972.042780748663,19887.080213903744,8543.636363636364,2134.598930481284
LSP33564--unmicst_cellRing_493516,25759.680412371134,7757.79381443299,610.9212236124872,397.0987953481167,14692.422680412372,21029.98969072165,9138.60824742268,5187.422680412371
LSP33564--unmicst_cellRing_493517,25803.69811320755,7758.179245283019,652.1077735514185,423.87005280842203,12762.377358490568,16842.009433962263,11054.924528301886,3014.6509433962265
LSP33564--unmicst_cellRing_493518,25888.19047619048,7759.492063492064,730.9681913010826,475.1293243457037,25310.603174603173,15294.444444444443,9966.126984126984,2356.68253968254
LSP33564--unmicst_cellRing_493519,25904.45901639344,7759.983606557377,746.0700200609255,484.94551303960156,38473.098360655735,18155.590163934427,4274.163934426229,3519.4918032786886
LSP33564--unmicst_cellRing_493520,25913.52380952381,7757.587301587301,755.4052322005202,491.01340093033815,56029.206349206346,17024.84126984127,5603.730158730159,3053.9523809523807
LSP33564--unmicst_cellRing_493526,25860.195530726254,7759.994413407821,704.5161549517926,457.9355007186652,5001.581005586592,20637.67039106145,7369.977653631285,4635.921787709497
LSP33564--unmicst_cellRing_493527,25938.890909090907,7759.054545454545,778.711521783983,506.162489159589,7635.581818181819,18544.69090909091,5043.818181818182,6571.381818181818
LSP33564--unmicst_cellRing_493528,25994.821917808214,7761.054794520548,830.5244113321984,539.840867365929,3318.3972602739727,16946.068493150684,7100.315068493151,15039.356164383562
LSP33564--unmicst_cellRing_493540,25730.975903614457,7763.168674698795,582.1233963039595,378.38020759757364,5945.626506024097,19990.90361445783,5326.277108433735,3205.578313253012
LSP33564--unmicst_cellRing_493551,25742.43076923077,7763.815384615385,592.6531367074947,385.2245388598716,6622.6461538461535,22204.4,11189.007692307692,5118.707692307692
LSP33564--unmicst_cellRing_493552,25967.349514563102,7766.116504854369,802.9911152980927,521.9442249437603,9666.995145631068,18927.703883495145,7260.810679611651,5412.383495145631
LSP33564--unmicst_cellRing_493560,25791.7786259542,7766.832061068702,637.9360227672448,414.65841479870915,39586.12977099237,16699.34351145038,10246.290076335878,2356.4656488549617
LSP33564--unmicst_cellRing_493561,25813.16049382716,7762.111111111111,659.6346605198103,428.7625293378767,9115.456790123457,19305.16049382716,7289.851851851852,4175.740740740741
LSP33564--unmicst_cellRing_493562,25905.368852459014,7766.852459016393,744.5561509173618,483.9614980962852,13142.852459016394,19233.22950819672,4574.745901639344,4991.803278688524
LSP33564--unmicst_cellRing_493569,25641.669421487604,7764.438016528926,497.8538039178622,323.60497254661044,14343.95867768595,19355.495867768597,11540.305785123966,2283.090909090909
LSP33564--unmicst_cellRing_493570,25766.33695652174,7764.673913043478,614.7979131378706,399.6186435396159,8254.54347826087,19323.228260869564,4530.54347826087,2848.771739130435
LSP33564--unmicst_cellRing_493571,25845.4,7761.8375,689.9922123222434,448.4949380094582,5967.5,18852.0125,10205.9625,3960.0625
LSP33564--unmicst_cellRing_493572,25929.456692913387,7766.307086614173,767.3554186457833,498.78102211975914,7923.889763779527,17257.629921259842,4608.685039370079,3896.732283464567
LSP33564--unmicst_cellRing_493573,25987.763358778622,7765.580152671756,822.3384927074877,534.520020259867,5606.93893129771,18614.41221374046,7368.343511450382,11307.893129770991
LSP33564--unmicst_cellRing_493574,26008.043103448275,7765.017241379311,841.5691467051737,547.019945358363,14441.456896551725,15777.5,5289.663793103448,9381.672413793103
LSP33564--unmicst_cellRing_493590,25582.78475336323,7769.09865470852,440.97207437879905,286.6318483462194,3349.6681614349777,10643.659192825113,3232.865470852018,1165.7488789237668
LSP33564--unmicst_cellRing_493591,25774.698795180724,7768.180722891566,621.4382528099499,403.93486432646745,14097.253012048192,18041.397590361445,5215.373493975903,2046.9036144578315
LSP33564--unmicst_cellRing_493592,25782.93181818182,7766.363636363636,629.7930054787015,409.365453561156,28071.477272727272,16755.18181818182,10271.386363636364,1768.840909090909
LSP33564--unmicst_cellRing_493593,25833.926829268294,7764.841463414634,678.1867748196298,440.82140363275937,15161.30487804878,20857.98780487805,8537.524390243903,4042.0243902439024
LSP33564--unmicst_cellRing_493603,25719.814569536426,7769.139072847682,569.5880466682086,370.23223033433555,4633.086092715232,19737.13245033113,4975.529801324504,2658.748344370861
LSP33564--unmicst_cellRing_493604,25804.009523809524,7767.571428571428,649.1622824389901,421.9554835853436,6564.257142857143,21340.152380952382,4895.72380952381,4377.133333333333
LSP33564--unmicst_cellRing_493605,25822.7610619469,7767.176991150442,666.9003299671242,433.4852144786307,5272.026548672567,18825.769911504423,8600.902654867257,4113.699115044248
LSP33564--unmicst_cellRing_493606,25915.07692307692,7768.648351648351,753.050011378269,489.48250739587485,37527.53846153846,19250.76923076923,3953.010989010989,4474.0
LSP33564--unmicst_cellRing_493630,25839.92207792208,7769.922077922078,682.0630509431217,443.3409831130291,37869.41558441558,16287.16883116883,7939.545454545455,5748.441558441558
LSP33564--unmicst_cellRing_493631,25849.13725490196,7770.568627450981,690.4904506306834,448.81879290994425,7807.049019607844,19486.62745098039,9174.323529411764,5208.362745098039
LSP33564--unmicst_cellRing_493632,25942.36036036036,7772.04954954955,777.4884661916437,505.36750302456846,14394.891891891892,16014.621621621622,5532.968468468468,5384.581081081081
LSP33564--unmicst_cellRing_493641,25597.14393939394,7769.787878787879,454.2134446130738,295.238738998498,3458.696969696969,10719.681818181818,3900.1666666666665,1293.3333333333333
LSP33564--unmicst_cellRing_493642,25626.9793814433,7770.041237113402,482.1326364224762,313.38621367460956,11219.0206185567,18348.494845360823,12146.268041237114,4665.298969072165
LSP33564--unmicst_cellRing_493643,25637.884615384617,7773.666666666667,491.1195692302552,319.2277199996659,9843.628205128203,14604.185897435897,6555.814102564103,1739.2948717948718
LSP33564--unmicst_cellRing_493644,25860.805970149253,7772.358208955224,700.8269441192144,455.5375136774894,9279.378109452737,20109.243781094527,5145.731343283582,6034.298507462687
LSP33564--unmicst_cellRing_493645,25978.137096774197,7771.943548387097,811.10863549053,527.2206130688445,18619.41935483871,21892.75,7130.919354838709,6313.693548387097
LSP33564--unmicst_cellRing_493651,25542.33962264151,7772.783018867924,401.7360965533687,261.1284627596897,14041.566037735847,15652.77358490566,5632.490566037736,2874.377358490566
LSP33564--unmicst_cellRing_493652,25557.72807017544,7771.210526315789,416.72332708737014,270.8701626067906,10028.570175438595,19001.157894736843,8114.710526315789,4705.578947368421
LSP33564--unmicst_cellRing_493653,25814.346534653465,7773.257425742574,656.9054748190088,426.9885586323557,6177.623762376237,18372.663366336637,4203.544554455446,3026.4455445544554
LSP33564--unmicst_cellRing_493662,25733.166666666668,7772.398148148148,580.9981453163571,377.6487944556321,6161.342592592592,23331.48148148148,5947.351851851852,4135.777777777777
LSP33564--unmicst_cellRing_493663,25753.03389830509,7773.525423728814,599.2589070714426,389.51828959643774,8610.533898305084,23288.64406779661,7885.508474576271,3093.1525423728813
LSP33564--unmicst_cellRing_493664,25759.196428571428,7770.964285714285,605.926588376432,393.85228244468084,18656.071428571428,20768.214285714286,6374.178571428572,2853.928571428572
LSP33564--unmicst_cellRing_493665,25952.40506329114,7771.987341772152,786.9388752919726,511.51026893978224,7337.481012658228,24107.645569620254,6834.544303797468,4980.417721518988
LSP33564--unmicst_cellRing_493675,25766.520408163266,7775.673469387755,611.1781895286489,397.26582319362177,7195.326530612245,17729.551020408162,4573.275510204082,2055.530612244898
LSP33564--unmicst_cellRing_493676,25781.95,7773.9,626.2733259310768,407.07766185519995,17150.55,18207.75,9879.35,1836.35
LSP33564--unmicst_cellRing_493677,25888.6,7777.463829787234,725.1571183681704,471.3521269393107,7447.03829787234,19956.395744680853,3932.506382978723,3500.8553191489364
LSP33564--unmicst_cellRing_493686,25744.05357142857,7774.883928571428,590.3607492185779,383.73448699207563,6512.026785714285,19665.910714285717,5801.071428571428,3970.5625
LSP33564--unmicst_cellRing_493687,25879.066666666666,7773.333333333333,717.6321029644329,466.4608669268814,10197.190476190475,17372.342857142856,4156.638095238095,3222.7619047619046
LSP33564--unmicst_cellRing_493688,25930.79365079365,7773.746031746032,766.0459580290164,497.9298727188607,5825.206349206349,19157.650793650795,4056.142857142857,8452.809523809523
LSP33564--unmicst_cellRing_493689,25963.118343195267,7777.4792899408285,795.1021669276213,516.8164085029539,6376.301775147929,20324.49704142012,5127.201183431953,3921.698224852071
LSP33564--unmicst_cellRing_493700,25533.164285714287,7776.157142857143,391.960028708578,254.77401866057573,31020.914285714287,18380.342857142856,7764.207142857143,3440.1857142857143
LSP33564--unmicst_cellRing_493701,25803.530612244896,7777.051020408163,645.4447830414082,419.5391089769153,10284.27551020408,17478.04081632653,5413.061224489796,2839.969387755102
LSP33564--unmicst_cellRing_493702,25912.60769230769,7777.192307692308,747.7867452944026,486.0613844413617,40865.84615384616,19874.846153846152,5377.169230769231,4888.076923076923
LSP33564--unmicst_cellRing_493713,25570.953757225438,7776.150289017341,427.4353731677545,277.83299255904046,6474.705202312139,19485.994219653177,4977.7341040462425,4273.0346820809245
LSP33564--unmicst_cellRing_493714,25773.62162162162,7775.567567567567,617.8806075441815,401.62239490371803,8765.027027027027,16654.72972972973,5206.810810810811,2050.7297297297296
LSP33564--unmicst_cellRing_493715,25793.022727272728,7776.386363636364,635.8101603939501,413.27660425606757,12337.931818181818,18774.977272727272,9806.022727272728,2397.068181818182
LSP33564--unmicst_cellRing_493725,25627.5223880597,7778.462686567164,479.739190237685,311.8304736544953,3488.9402985074626,15157.432835820897,6601.985074626866,3172.313432835821
LSP33564--unmicst_cellRing_493726,25797.526315789477,7774.131578947368,640.8149822203897,416.5297384432533,6776.394736842105,19680.0,5289.263157894737,3015.4736842105262
LSP33564--unmicst_cellRing_493745,25662.23846153846,7779.784615384616,511.87145797061675,332.7164476809009,4045.0615384615385,11604.553846153844,4070.638461538461,1819.9846153846156
LSP33564--unmicst_cellRing_493746,25775.616822429907,7782.1682242990655,617.4780268187022,401.3607174321565,17348.158878504673,15428.990654205609,7265.280373831775,2964.0934579439254
LSP33564--unmicst_cellRing_493747,25785.93442622951,7781.049180327869,627.5489361969767,407.90680852803484,8666.081967213115,11925.311475409835,4997.934426229508,1426.5901639344263
LSP33564--unmicst_cellRing_493748,25822.663366336637,7778.60396039604,662.8693493024507,430.86507704659294,5341.762376237623,17726.396039603962,5764.920792079208,4557.326732673268
LSP33564--unmicst_cellRing_493749,25864.945205479453,7779.54794520548,702.2338926704023,456.45203023576147,48632.30136986302,15653.86301369863,3993.109589041096,3737.013698630137
LSP33564--unmicst_cellRing_493750,25871.322916666668,7781.770833333333,707.4543441108154,459.8453236720301,18854.510416666668,16693.59375,3863.46875,2799.375
LSP33564--unmicst_cellRing_493751,25893.96648044693,7783.513966480447,728.1089416741121,473.2708120881729,11920.508379888268,18862.972067039107,5939.63687150838,3545.608938547486
LSP33564--unmicst_cellRing_493752,25929.694117647057,7780.317647058823,762.748361734662,495.7864351275303,6979.482352941176,19328.305882352943,4484.670588235294,6992.388235294117
LSP33564--unmicst_cellRing_493768,25737.257142857143,7779.685714285714,582.325598291757,378.5116388896421,7161.057142857143,18495.714285714286,6452.657142857143,2305.0285714285715
LSP33564--unmicst_cellRing_493769,25831.8,7777.938461538461,671.6753290868919,436.58896390647976,5933.676923076923,20447.846153846152,8996.923076923076,6232.569230769231
LSP33564--unmicst_cellRing_493782,25555.386363636364,7782.871212121212,410.5053228511679,266.8284598532591,6547.113636363636,17691.78787878788,7026.5,4026.8030303030314
LSP33564--unmicst_cellRing_493783,25727.649484536083,7780.226804123711,573.1203557179552,372.5282312166709,6639.917525773196,27808.731958762888,10271.268041237114,2572.938144329897
LSP33564--unmicst_cellRing_493794,25546.0641025641,7782.820512820513,401.7719930123531,261.15179545802954,14237.23076923077,15960.75641025641,5900.24358974359,2762.4102564102564
LSP33564--unmicst_cellRing_493795,25760.07619047619,7782.847619047619,602.6558226295906,391.7262847092339,8327.961904761905,19585.152380952382,4617.314285714286,2235.695238095238
LSP33564--unmicst_cellRing_493796,25792.436619718308,7783.859154929577,632.6838500605027,411.24450253932673,13461.605633802816,21406.61971830986,6803.605633802817,2695.5915492957747
LSP33564--unmicst_cellRing_493797,25806.64406779661,7783.0,646.3165639639151,420.1057665765448,13104.050847457627,16088.745762711864,4160.35593220339,2094.0
LSP33564--unmicst_cellRing_493798,25943.81012658228,7786.981012658228,773.7019672077295,502.9062786850242,14598.911392405063,22353.51265822785,6539.037974683544,6146.056962025316
LSP33564--unmicst_cellRing_493803,25535.126436781607,7784.287356321839,390.9991327759188,254.1494363043472,13093.425287356322,20194.758620689656,6716.402298850575,3814.597701149425
LSP33564--unmicst_cellRing_493804,25742.61206896552,7785.172413793103,585.4608119355951,380.54952775813683,10556.939655172411,19092.58620689655,4132.198275862069,2083.3275862068967
LSP33564--unmicst_cellRing_493805,25836.045161290323,7784.864516129032,673.272610590475,437.6271968838088,7439.038709677419,19587.26451612903,10038.90322580645,5694.058064516129
LSP33564--unmicst_cellRing_493806,25918.497326203207,7785.582887700535,750.4228205865504,487.7748333812578,6395.877005347594,20490.368983957214,4481.03743315508,6504.0695187165775
LSP33564--unmicst_cellRing_493812,25505.219696969696,7787.409090909091,361.849501819056,235.2021761823864,15544.181818181818,18587.257575757576,4858.909090909091,5650.598484848485
LSP33564--unmicst_cellRing_493813,25574.091836734693,7784.9795918367345,427.3373209945452,277.76925864645443,7892.959183673469,20331.275510204083,4358.326530612245,2488.122448979592
LSP33564--unmicst_cellRing_493814,25595.86224489796,7786.357142857143,447.2983161451326,290.7439054943362,3419.6989795918366,10254.88775510204,3464.535714285714,1112.219387755102
LSP33564--unmicst_cellRing_493826,25813.155339805824,7786.669902912621,651.1635526345667,423.25630921246835,5905.097087378641,17961.203883495145,3913.543689320388,2534.883495145631
LSP33564--unmicst_cellRing_493827,25902.215277777777,7789.270833333333,733.8674965199634,477.0138727379762,10068.423611111111,20620.534722222223,4552.020833333333,5771.361111111111
LSP33564--unmicst_cellRing_493833,25583.87234042553,7785.414893617021,436.36821738455126,283.63934129995835,12836.904255319148,18381.882978723403,4452.393617021276,3767.244680851064
LSP33564--unmicst_cellRing_493834,25747.38,7790.12,588.2308643366734,382.35006181883773,7656.92,20949.97,3905.56,2050.12
LSP33564--unmicst_cellRing_493835,25851.88888888889,7786.461538461538,687.594570547483,446.936470855864,7050.641025641025,21484.094017094016,6128.358974358975,7003.4358974358975
LSP33564--unmicst_cellRing_493845,25527.53921568628,7788.774509803921,382.330129481413,248.51458416291845,35018.705882352944,13704.970588235294,4512.205882352941,1986.862745098039
LSP33564--unmicst_cellRing_493846,25727.237623762376,7787.227722772277,570.3202817742402,370.7081831532562,9491.18811881188,23071.43564356436,4978.663366336634,2396.366336633663
LSP33564--unmicst_cellRing_493847,25860.759493670885,7788.645569620253,695.1684968705007,451.8595229658255,18808.26582278481,15645.79746835443,4176.291139240507,5019.721518987341
LSP33564--unmicst_cellRing_493857,25517.90909090909,7789.917355371901,372.89635151035793,242.38262848173267,21667.710743801654,15917.438016528926,4969.826446280992,2735.3884297520663
LSP33564--unmicst_cellRing_493858,25932.48091603053,7788.770992366412,762.450167556008,495.5926089114052,22463.18320610687,17173.534351145037,7573.687022900764,3763.1832061068703
LSP33564--unmicst_cellRing_493869,25609.54416961131,7797.031802120141,456.4616142464698,296.7000492602054,3132.1024734982334,10838.6925795053,3297.4593639575974,931.1413427561836
LSP33564--unmicst_cellRing_493870,25780.36046511628,7789.104651162791,619.5396571886488,402.7007771726217,5911.790697674419,13837.151162790698,6483.162790697675,3062.1744186046512
LSP33564--unmicst_cellRing_493871,25799.39047619048,7788.980952380953,637.4457742714293,414.33975327642906,42051.57142857143,18704.180952380957,6838.0,1925.0380952380951
LSP33564--unmicst_cellRing_493872,25822.52808988764,7787.483146067416,659.6814011216725,428.7929107290871,5307.29213483146,17824.011235955055,5423.202247191011,3780.955056179775
LSP33564--unmicst_cellRing_493882,25542.1935483871,7791.376344086021,395.18921066586483,256.8729869328121,35118.95698924731,17883.43010752688,7558.774193548387,2570.903225806452
LSP33564--unmicst_cellRing_493883,25565.23076923077,7790.145299145299,417.2386368073711,271.20511392479125,38379.11965811966,16812.905982905984,8100.888888888889,3641.427350427351
LSP33564--unmicst_cellRing_493884,25868.123456790123,7792.16049382716,700.8693333450706,455.5650666742959,6687.962962962963,17921.555555555555,3805.555555555556,4732.703703703704
LSP33564--unmicst_cellRing_493885,25889.14606741573,7792.337078651685,720.542385675178,468.35255068886573,9150.696629213484,21951.41573033708,9659.337078651686,6123.337078651685
LSP33564--unmicst_cellRing_493893,25757.25,7791.202380952381,597.1227002243552,388.12975514583087,49186.03571428572,15837.440476190475,5263.940476190476,1595.702380952381
LSP33564--unmicst_cellRing_493894,25875.64179104477,7794.044776119403,707.2772170134488,459.7301910587417,5819.567164179104,19382.776119402984,4032.149253731344,3923.8507462686566
LSP33564--unmicst_cellRing_493903,25732.36559139785,7793.580645161291,572.9438323121478,372.4134910028961,51273.94623655914,19729.182795698925,4748.021505376344,1744.6236559139784
LSP33564--unmicst_cellRing_493913,25831.31111111111,7794.296296296296,665.5772943810779,432.62524134770064,7336.029629629629,20010.77037037037,6529.511111111111,3879.3777777777777
LSP33564--unmicst_cellRing_493928,25651.812949640287,7795.697841726619,496.5991859717608,322.78947088164455,3688.748201438849,11060.223021582731,3810.388489208633,1116.9208633093526
LSP33564--unmicst_cellRing_493929,25802.032258064515,7795.387096774193,637.7171944434585,414.5161763882481,10874.236559139785,18623.505376344085,7242.301075268817,1461.978494623656
LSP33564--unmicst_cellRing_493936,25487.06837606837,7796.418803418804,341.7048932835145,222.10818063428442,19281.92307692308,18323.8547008547,5252.709401709401,3917.521367521368
LSP33564--unmicst_cellRing_493937,25576.842465753423,7795.664383561644,426.2359174283211,277.05334632840874,7100.08904109589,17606.013698630137,6334.904109589041,2071.6369863013697
LSP33564--unmicst_cellRing_493938,25765.852941176472,7794.931372549019,603.9127690829348,392.5432999039076,14223.29411764706,17981.813725490196,5239.117647058823,1912.8039215686276
LSP33564--unmicst_cellRing_493939,25911.655629139077,7797.549668874172,739.8751529526606,480.91884941922945,6014.721854304636,19801.8940397351,5453.907284768212,5488.026490066225
LSP33564--unmicst_cellRing_493949,25501.941176470587,7796.917647058824,355.49402415325983,231.0711156996189,29744.117647058825,13423.341176470589,6802.258823529412,1942.2235294117647
LSP33564--unmicst_cellRing_493950,25534.36206896552,7797.560344827586,385.70595977481156,250.70887385362752,20211.13793103448,15671.362068965518,6255.560344827586,2172.939655172414
LSP33564--unmicst_cellRing_493951,25713.008474576272,7794.847457627118,554.3365899730386,360.3187834824751,10058.525423728814,21830.33898305085,6684.6949152542375,2952.915254237288
LSP33564--unmicst_cellRing_493952,25812.69318181818,7796.681818181818,647.2782694179313,420.73087512165534,22277.829545454544,17599.579545454544,5805.261363636364,2023.090909090909
LSP33564--unmicst_cellRing_493963,25554.31632653061,7795.489795918367,405.1508141154048,263.3480291750131,19286.775510204083,18678.30612244898,11360.948979591836,2948.061224489796
LSP33564--unmicst_cellRing_493964,25701.9852398524,7800.1918819188195,542.1466691814595,352.3953349679487,10916.09963099631,20357.80073800738,6157.9815498154985,3569.815498154981
LSP33564--unmicst_cellRing_493965,25736.328125,7798.90625,574.8275418696509,373.6379022152731,14941.3125,22112.71875,5534.171875,1714.8125
LSP33564--unmicst_cellRing_493966,25784.125,7797.611111111111,620.1409539225934,403.09162004968573,8320.958333333334,20639.340277777777,6657.979166666667,3826.006944444444
LSP33564--unmicst_cellRing_493977,25513.0,7797.4,365.70865936610903,237.7106285879709,6705.752941176471,17029.082352941175,5952.64705882353,2532.788235294118
LSP33564--unmicst_cellRing_493978,25752.072,7799.472,589.4112856252525,383.1173356564141,42556.584,19936.352,4135.712,2315.096
LSP33564--unmicst_cellRing_493979,25856.59512195122,7800.9951219512195,687.0020803446363,446.5513522240136,23227.643902439024,15421.429268292684,5986.756097560976,3965.3414634146334
LSP33564--unmicst_cellRing_493988,25544.442477876102,7801.3185840707965,393.87284510171276,256.0173493161133,46420.67256637168,15269.194690265487,7241.867256637168,1955.0884955752213
LSP33564--unmicst_cellRing_493998,25721.175572519085,7801.083969465649,559.8531032821047,363.9045171333681,8214.473282442748,21755.87786259542,6903.572519083969,3184.3053435114502
LSP33564--unmicst_cellRing_493999,25742.04761904762,7802.619047619048,578.9165011699065,376.2957257604392,10621.892857142857,20694.23809523809,6050.595238095239,1927.5238095238096
LSP33564--unmicst_cellRing_494000,25772.346534653465,7800.871287128712,607.9606109297791,395.17439710435644,8672.475247524753,20679.029702970296,7259.188118811881,3116.059405940594
LSP33564--unmicst_cellRing_494007,25524.720430107525,7800.602150537635,375.6067359188695,244.1443783472652,16454.333333333332,19790.52688172043,6450.225806451613,3467.989247311828
LSP33564--unmicst_cellRing_494008,25565.035398230088,7800.66371681416,413.4291775735363,268.72896542279864,38315.0,13972.20353982301,7492.1061946902655,1966.3362831858408
LSP33564--unmicst_cellRing_494009,25580.76595744681,7804.156028368794,426.9915342341678,277.54449725220906,6229.886524822695,16845.702127659573,6921.574468085107,1798.5673758865248
LSP33564--unmicst_cellRing_494010,25833.26,7802.27,664.6579035986039,432.0276373390925,16998.04,16988.5,4747.82,3416.6
LSP33564--unmicst_cellRing_494011,25888.963768115944,7801.891304347826,717.077587360779,466.1004317845064,8016.413043478261,20951.115942028984,5052.695652173913,7189.224637681159
LSP33564--unmicst_cellRing_494029,25505.10169491525,7802.440677966101,356.55682234742574,231.76193452582675,26842.915254237287,16832.4406779661,10582.22033898305,2017.71186440678
LSP33564--unmicst_cellRing_494030,25843.438356164384,7803.198630136986,673.8921967111659,438.0299278622578,58983.6301369863,14989.945205479453,4662.013698630137,2282.2671232876714
LSP33564--unmicst_cellRing_494031,25875.09677419355,7804.464516129032,703.1735627969623,457.0628158180255,5711.058064516129,18443.35483870968,3603.3483870967743,5994.1612903225805
LSP33564--unmicst_cellRing_494041,25793.5,7801.272727272727,627.6789811528645,407.99133774936195,11103.90909090909,21324.590909090908,9218.19696969697,2549.1363636363635
LSP33564--unmicst_cellRing_494049,25687.88028169014,7805.401408450704,527.110438157449,342.6217848023419,6878.380281690141,19562.394366197183,9827.971830985916,2958.1830985915494
LSP33564--unmicst_cellRing_494050,25822.47619047619,7803.81746031746,654.0016768309647,425.10108994012705,13316.73015873016,17307.5,6873.063492063492,2465.15873015873
LSP33564--unmicst_cellRing_494060,25480.879032258064,7804.935483870968,332.9589594612493,216.42332364981206,15668.467741935485,12166.806451612903,4273.524193548387,2270.6451612903224
LSP33564--unmicst_cellRing_494061,25663.110236220477,7805.307086614173,503.8913093503009,327.5293510776956,4146.8031496063,15160.897637795277,8324.291338582678,2713.984251968504
LSP33564--unmicst_cellRing_494062,25801.464646464647,7804.646464646465,633.9923511725215,412.09502826213895,43530.06060606061,18191.656565656565,8202.10101010101,1924.4343434343436
LSP33564--unmicst_cellRing_494063,25813.26582278481,7805.2405063291135,644.8653300499907,419.16246453249397,24204.430379746835,16328.860759493671,8606.012658227848,1653.0759493670887
LSP33564--unmicst_cellRing_494069,25449.84337349397,7808.981927710844,302.4308326956034,196.5800412521422,26258.66265060241,15895.463855421687,6616.849397590361,2459.789156626506
LSP33564--unmicst_cellRing_494070,25464.456953642384,7807.026490066225,316.8227096105246,205.934761246841,4961.6688741721855,17804.90728476821,5968.145695364238,2996.384105960265
LSP33564--unmicst_cellRing_494071,25534.438775510203,7808.326530612245,382.0664854792694,248.3432155615251,13152.030612244898,13201.479591836734,5912.2040816326535,1614.908163265306
LSP33564--unmicst_cellRing_494072,25553.454545454544,7806.159090909091,400.66378299818166,260.4314589488181,28279.83333333333,16454.053030303032,9716.166666666666,2174.2727272727275
LSP33564--unmicst_cellRing_494073,25567.176,7809.952,412.23656642202747,267.9537681743179,21339.008,15732.392,8388.992,2026.272
LSP33564--unmicst_cellRing_494074,25591.84545454545,7806.118181818182,436.7154370194441,283.8650340626387,7842.409090909091,17769.081818181818,4299.681818181818,2064.490909090909
LSP33564--unmicst_cellRing_494075,25730.282828282827,7806.383838383838,566.5750362524691,368.27377356410494,18361.828282828283,23258.91919191919,10680.40404040404,4822.141414141414
LSP33564--unmicst_cellRing_494088,25511.86585365853,7806.914634146341,361.3640106973124,234.88660695325305,7860.341463414634,14699.012195121952,6744.658536585366,1701.9024390243903
LSP33564--unmicst_cellRing_494089,25522.76969696969,7810.260606060606,370.44597688940644,240.7898849781142,21078.642424242425,15972.424242424242,6513.672727272728,2476.3636363636365
LSP33564--unmicst_cellRing_494102,25492.304,7808.808,342.3485871161067,222.5265816254694,5080.056,15078.56,3600.912,2195.632
LSP33564--unmicst_cellRing_494103,25758.07614213198,7808.741116751269,591.851987638513,384.7037919650335,42678.46700507614,18638.426395939085,5300.878172588832,2863.497461928934
LSP33564--unmicst_cellRing_494104,25772.94174757281,7809.145631067961,605.6668831960642,393.68347407744176,23510.97087378641,16353.7572815534,8018.291262135922,2396.6893203883496
LSP33564--unmicst_cellRing_494105,25784.3359375,7809.125,616.3697229731658,400.6403199325578,23722.3046875,18620.640625,10247.8984375,2305.8828125
LSP33564--unmicst_cellRing_494113,25650.412060301507,7812.412060301507,489.5221984294703,318.1894289791557,14898.477386934674,16962.020100502512,4984.346733668342,2757.713567839196
LSP33564--unmicst_cellRing_494114,25672.710344827585,7810.324137931035,511.17338041217573,332.26269726791423,4399.703448275862,15597.95172413793,8479.172413793103,2863.634482758621
LSP33564--unmicst_cellRing_494115,25805.16153846154,7813.030769230769,634.5722627231349,412.47197077003773,55965.43076923077,13822.823076923078,4934.869230769231,1716.9846153846154
LSP33564--unmicst_cellRing_494124,25634.55,7810.525,475.2830157386912,308.9339602301493,2157.5916666666667,7521.275,2318.025,894.3666666666667
LSP33564--unmicst_cellRing_494125,25847.901960784315,7813.294117647059,674.6019172207664,438.49124619349817,11123.539215686274,20781.656862745094,6329.303921568628,7007.333333333333
LSP33564--unmicst_cellRing_494141,25582.19540229885,7814.16091954023,424.88432029397813,276.1748081910858,7849.528735632184,14686.655172413792,6222.494252873563,1585.5632183908046
LSP33564--unmicst_cellRing_494142,25704.80681818182,7812.0,540.7246160725769,351.47100044717496,24119.397727272728,18849.65909090909,8526.352272727272,2113.090909090909
LSP33564--unmicst_cellRing_494151,25544.606382978724,7813.255319148936,389.91169504487596,253.4426017791694,11074.234042553191,16196.968085106382,12045.340425531916,2033.085106382979
LSP33564--unmicst_cellRing_494152,25832.95731707317,7814.664634146341,660.100913562622,429.06559381570435,15686.585365853658,19037.35975609756,6464.0609756097565,7644.432926829269
LSP33564--unmicst_cellRing_494153,25865.1007751938,7811.968992248062,691.2032633082656,449.28212115037263,6348.403100775194,21136.736434108527,4569.372093023256,7279.829457364341
LSP33564--unmicst_cellRing_494167,25482.492647058825,7815.264705882353,330.91281775300064,215.09333153945042,10487.661764705885,18239.985294117647,5010.882352941177,2880.8161764705883
LSP33564--unmicst_cellRing_494168,25505.408536585364,7814.487804878048,352.69179095956645,229.2496641237182,8224.926829268292,14884.353658536584,4733.34756097561,2965.829268292683
LSP33564--unmicst_cellRing_494169,25589.96907216495,7815.59793814433,431.6860748844686,280.5959486749046,6391.020618556701,15176.01030927835,6281.484536082474,2097.618556701031
LSP33564--unmicst_cellRing_494170,25793.1654676259,7814.848920863309,622.684769396037,404.7451001074241,15945.0,17950.625899280574,11704.007194244605,2179.8417266187053
LSP33564--unmicst_cellRing_494180,25433.15652173913,7815.226086956522,284.6143039427923,184.99929756281497,7057.008695652174,17446.260869565216,5561.278260869565,2746.260869565217
LSP33564--unmicst_cellRing_494181,25693.708661417324,7814.858267716535,529.3214306036856,344.05892989239567,54031.55905511811,17747.55905511811,10601.68503937008,1976.409448818897
LSP33564--unmicst_cellRing_494182,25724.280303030304,7813.901515151515,558.3488603542089,362.9267592302358,5740.522727272727,22589.007575757576,5755.151515151515,11097.431818181818
LSP33564--unmicst_cellRing_494196,25422.4765625,7816.46875,274.16063567318764,178.204413187572,7772.7578125,16233.5546875,7699.1875,3650.203125
LSP33564--unmicst_cellRing_494197,25461.21052631579,7815.821052631579,310.74349623444465,201.98327255238902,27554.86315789473,13764.62105263158,7201.021052631579,1738.6947368421052
LSP33564--unmicst_cellRing_494198,25573.777777777777,7817.232323232323,415.9238753974389,270.3505190083353,8573.363636363636,15024.565656565655,6717.121212121212,2188.919191919192
LSP33564--unmicst_cellRing_494199,25626.25925925926,7818.412698412699,464.78133233917646,302.1078660204647,2313.4126984126983,8159.455026455026,2911.5925925925926,827.4761904761905
LSP33564--unmicst_cellRing_494200,25819.054545454543,7814.536363636364,647.0945993868967,420.61148960148284,8348.418181818182,16882.627272727274,5622.527272727273,2573.4727272727278
LSP33564--unmicst_cellRing_494213,25851.533834586466,7821.909774436091,675.0410410312339,438.7766766703021,8120.090225563909,20615.774436090225,7994.473684210527,5922.278195488721
LSP33564--unmicst_cellRing_494224,25555.828828828828,7816.315315315315,399.3913192685841,259.60435752457965,15032.585585585586,16933.414414414416,5801.315315315315,1962.018018018018
LSP33564--unmicst_cellRing_494225,25659.20175438597,7818.315789473684,495.73786457654177,322.2296119747522,31307.86842105263,16563.570175438595,9634.456140350878,1852.2719298245613
LSP33564--unmicst_cellRing_494226,25683.671232876717,7816.520547945205,519.3262493423036,337.5620620724974,9787.164383561643,20414.698630136987,8872.410958904109,2959.5205479452056
LSP33564--unmicst_cellRing_494227,25748.0989010989,7817.956043956044,579.3096442686827,376.5512687746438,28237.406593406595,19969.494505494506,6069.857142857143,2724.6813186813188
LSP33564--unmicst_cellRing_494228,25758.584415584417,7817.532467532467,589.2984195738195,383.0439727229827,16200.116883116883,15231.103896103896,5669.207792207792,2406.844155844156
LSP33564--unmicst_cellRing_494229,25780.8,7820.632,609.0836748254678,395.9043886365541,8808.648,16291.72,6610.424,3049.328
LSP33564--unmicst_cellRing_494230,25808.354166666668,7820.6875,634.9296417909479,412.7042671641162,11939.84375,16267.364583333334,4947.979166666667,2681.958333333333
LSP33564--unmicst_cellRing_494231,25859.177215189877,7819.265822784811,683.1273454767596,444.03277455989377,5182.367088607595,20968.69620253165,3411.1898734177216,7383.164556962025
LSP33564--unmicst_cellRing_494244,25444.5873015873,7818.071428571428,294.363490207511,191.33626863488217,5830.301587301588,15288.444444444443,4350.5317460317465,2064.031746031746
LSP33564--unmicst_cellRing_494245,25516.22,7817.42,361.8296833844948,235.18929419992162,24133.04,13399.84,4098.82,1745.24
LSP33564--unmicst_cellRing_494246,25597.079207920797,7819.792079207921,436.91449390394877,283.9944210375667,5317.752475247525,17596.772277227723,6224.168316831683,1948.09900990099
LSP33564--unmicst_cellRing_494247,25673.86842105263,7821.269736842105,508.4871380272833,330.51663971773417,4118.388157894737,13954.473684210529,4808.651315789473,2222.5526315789475
LSP33564--unmicst_cellRing_494248,25734.92105263158,7816.434210526316,567.4642251602069,368.8517463541345,5739.789473684211,22882.947368421053,4776.671052631579,5804.605263157895
LSP33564--unmicst_cellRing_494259,25701.9918699187,7821.341463414634,534.8618964015841,347.6602326610297,24550.73983739837,17196.658536585364,7543.520325203252,1662.260162601626
LSP33564--unmicst_cellRing_494260,25771.24175824176,7818.956043956044,600.6891124202912,390.44792307318926,11208.373626373626,17006.043956043955,7969.494505494506,4395.076923076923
LSP33564--unmicst_cellRing_494268,25473.96031746032,7820.460317460317,321.1124108374803,208.7230670443622,31070.801587301587,14608.507936507936,6745.293650793651,2308.674603174604
LSP33564--unmicst_cellRing_494269,25492.816091954024,7820.517241379311,338.79270509215075,220.215258309898,10611.19540229885,16741.103448275862,7532.862068965517,3308.7011494252874
LSP33564--unmicst_cellRing_494270,25537.352112676057,7818.507042253521,381.29165895746576,247.83957832235274,17177.549295774646,15637.422535211268,6068.014084507042,1706.4507042253522
LSP33564--unmicst_cellRing_494271,25840.964285714286,7819.928571428572,665.8023937561613,432.77155594150486,5783.595238095239,21695.761904761905,6888.476190476191,11458.892857142857
LSP33564--unmicst_cellRing_494282,25501.010752688173,7822.612903225807,345.76258662751724,224.7456813078862,5782.817204301075,13017.05376344086,6242.89247311828,2144.989247311828
LSP33564--unmicst_cellRing_494283,25523.30864197531,7822.012345679012,366.90065120708255,238.48542328460366,31609.46913580247,19104.03703703704,5837.938271604939,3093.395061728395
LSP33564--unmicst_cellRing_494284,25531.15306122449,7822.540816326531,374.08202633667105,243.15331711883618,12098.408163265309,17747.377551020407,5085.979591836735,3620.418367346939
LSP33564--unmicst_cellRing_494295,25464.106194690263,7824.725663716814,310.39193131944535,201.75475535763948,20093.64601769912,14359.451327433628,6534.026548672567,2100.8938053097345
LSP33564--unmicst_cellRing_494296,25561.0,7824.372727272727,401.4678281265071,260.95408828222963,37882.81818181818,15081.372727272726,4351.609090909091,1845.9454545454544
LSP33564--unmicst_cellRing_494297,25739.970588235294,7822.176470588235,570.2246680858182,370.64603425578184,7706.264705882353,22900.20588235294,4337.64705882353,8094.176470588235
LSP33564--unmicst_cellRing_494312,25412.22018348624,7822.963302752293,262.2940731467194,170.49114754536762,6045.009174311927,16823.981651376147,5356.642201834862,4102.59633027523
LSP33564--unmicst_cellRing_494313,25550.07594936709,7823.177215189873,391.62555501188325,254.55661075772412,7876.455696202532,12874.088607594937,4253.53164556962,1614.481012658228
LSP33564--unmicst_cellRing_494314,25710.0,7823.516129032258,541.6294462414226,352.05914005692466,10536.758064516129,17515.8064516129,7433.596774193548,1528.8870967741937
LSP33564--unmicst_cellRing_494315,25766.216666666667,7823.816666666667,594.2964325974084,386.2926811883155,12460.683333333332,19772.716666666667,7525.833333333333,6979.066666666667
LSP33564--unmicst_cellRing_494316,25788.080459770117,7825.390804597701,614.2773178568814,399.2802566069729,17793.80459770115,14160.172413793103,8907.942528735632,1821.67816091954
LSP33564--unmicst_cellRing_494330,25514.689655172413,7825.35632183908,357.65722229997857,232.47719449498607,43088.402298850575,12796.114942528737,5447.494252873563,1881.586206896552
LSP33564--unmicst_cellRing_494331,25650.20869565217,7825.982608695652,484.6530599281007,315.02448895326546,13138.504347826089,16861.55652173913,8102.965217391305,2737.260869565217
LSP33564--unmicst_cellRing_494342,25433.28813559322,7828.920903954802,280.01677009459553,182.0109005614871,16980.58757062147,15768.937853107343,5653.723163841808,2267.5254237288136
LSP33564--unmicst_cellRing_494343,25724.45652173913,7823.75,555.1191615744458,360.8274550233898,15900.847826086956,24148.891304347828,11347.130434782608,7810.673913043478
LSP33564--unmicst_cellRing_494344,25757.581632653066,7825.734693877551,585.529514375603,380.5941843441419,46372.57142857143,16337.744897959185,7339.0,2423.9489795918366
LSP33564--unmicst_cellRing_494345,25814.81954887218,7825.992481203008,639.1698853345986,415.4604254674891,6457.360902255639,17178.962406015038,5624.578947368421,3054.9172932330825
LSP33564--unmicst_cellRing_494352,25443.46153846154,7826.141025641025,290.5248654099311,188.84116251645523,6217.807692307692,17686.82051282051,4684.74358974359,2226.858974358974
LSP33564--unmicst_cellRing_494353,25542.15909090909,7827.969696969697,382.5418637982208,248.65221146884352,8469.689393939394,14890.40909090909,4887.734848484848,2718.6060606060605
LSP33564--unmicst_cellRing_494354,25716.86111111111,7825.680555555556,547.3238190003893,355.7604823502531,14822.625,22217.20833333333,13325.875,4316.083333333333
LSP33564--unmicst_cellRing_494355,25799.115942028984,7824.695652173913,624.8759696746097,406.1693802884963,7310.898550724638,18593.884057971016,8523.347826086956,3077.8695652173915
LSP33564--unmicst_cellRing_494363,25578.405797101448,7825.942028985507,417.2656591859361,271.22267847085845,6090.289855072464,16150.420289855072,8330.826086956522,1852.217391304348
LSP33564--unmicst_cellRing_494364,25588.0,7827.349514563107,425.78652942650933,276.76124412723107,11311.621359223302,15240.699029126214,5667.407766990291,1580.766990291262
LSP33564--unmicst_cellRing_494365,25687.04201680672,7826.857142857143,518.9270208233378,337.30256353516955,8627.680672268907,24217.0,6725.55462184874,3199.9411764705883
LSP33564--unmicst_cellRing_494378,25421.60839160839,7829.097902097902,268.9919755173725,174.84478408629215,23689.013986013983,13122.293706293707,5355.335664335665,3441.083916083916
LSP33564--unmicst_cellRing_494379,25454.223214285717,7828.196428571428,299.91828298477986,194.94688394010691,28702.0625,14720.232142857143,5845.5625,3344.901785714286
LSP33564--unmicst_cellRing_494380,25471.194029850747,7829.537313432836,315.38654005486814,205.0012510356643,9378.65671641791,15062.388059701492,5020.656716417911,2578.223880597015
LSP33564--unmicst_cellRing_494381,25571.1,7829.736363636363,409.0996673808253,265.9147837975364,5864.190909090909,16388.109090909093,4535.009090909091,2702.3545454545456
LSP33564--unmicst_cellRing_494398,25403.79746835443,7827.962025316456,252.66443583678094,164.23188329390763,9663.227848101264,15775.32911392405,4047.1139240506327,3186.772151898734
LSP33564--unmicst_cellRing_494399,25504.6375,7829.725,346.71522763890204,225.36489796528633,8068.175,16362.1125,10458.8,3275.6875
LSP33564--unmicst_cellRing_494400,25601.762295081968,7830.319672131148,437.68128093627803,284.4928326085807,5739.278688524591,21962.14754098361,7301.352459016393,3435.6147540983607
LSP33564--unmicst_cellRing_494401,25733.30909090909,7826.8,562.3776282840824,365.5454583846536,8428.6,22702.76363636364,5394.963636363636,6930.036363636364
LSP33564--unmicst_cellRing_494402,25749.320388349515,7829.47572815534,576.4850186532893,374.71526212463806,41320.8932038835,17721.44660194175,7124.689320388349,4549.495145631068
LSP33564--unmicst_cellRing_494410,25483.047244094487,7830.2677165354335,326.261358413049,212.06988296848183,8099.874015748031,15986.75590551181,5803.44094488189,2471.015748031496
LSP33564--unmicst_cellRing_494411,25522.39726027397,7830.931506849315,362.9703919824428,235.93075478858782,19042.561643835616,16278.09589041096,7891.13698630137,3040.178082191781
LSP33564--unmicst_cellRing_494412,25789.70652173913,7833.891304347826,612.8732844821031,398.36763491336706,15714.505434782608,19230.179347826088,6784.472826086957,3153.945652173913
LSP33564--unmicst_cellRing_494413,25823.27966101695,7830.330508474576,645.615924780712,419.6503511074628,5977.949152542373,23436.593220338986,6410.4152542372885,6426.940677966101
LSP33564--unmicst_cellRing_494429,25493.48920863309,7833.359712230216,334.99731338009053,217.74825369705886,15921.158273381296,15442.94964028777,11409.40287769784,2027.7482014388488
LSP33564--unmicst_cellRing_494430,25705.0,7833.934426229508,533.3443961655508,346.6738575076081,11194.147540983606,21195.77868852459,6749.877049180328,3092.9754098360654
LSP33564--unmicst_cellRing_494441,25552.516393442624,7835.565573770492,389.6457020468611,253.26970633045974,42450.065573770495,15411.008196721312,5209.327868852459,2201.6721311475408
LSP33564--unmicst_cellRing_494442,25714.82089552239,7832.582089552238,543.0294695317899,352.96915519566346,7470.716417910447,21911.850746268658,6695.925373134329,2768.134328358209
LSP33564--unmicst_cellRing_494443,25741.95652173913,7831.36231884058,568.9221826980653,369.79941875374243,19433.478260869564,18237.043478260868,4228.884057971014,7973.507246376812
LSP33564--unmicst_cellRing_494444,25776.066666666666,7833.541666666667,600.1900830657241,390.1235539927207,5964.841666666666,21607.825,9854.625,4443.975
LSP33564--unmicst_cellRing_494454,25408.980392156864,7833.607843137255,255.5833372766849,166.1291692298452,6268.333333333333,20665.58823529412,4515.450980392156,7604.686274509804
LSP33564--unmicst_cellRing_494455,25580.691176470587,7834.338235294118,416.51648071541973,270.73571246502286,31869.058823529413,16457.897058823528,5771.382352941177,2838.558823529412
LSP33564--unmicst_cellRing_494456,25677.93918918919,7834.398648648648,507.78237600828305,330.058544405384,10027.527027027028,18565.87162162162,5996.067567567568,2694.0202702702704
LSP33564--unmicst_cellRing_494457,25730.34523809524,7833.238095238095,557.376023895739,362.29441553223035,24555.89285714286,20859.58333333333,13481.761904761905,7690.571428571428
LSP33564--unmicst_cellRing_494464,25383.277108433736,7834.108433734939,231.28309059266473,150.3340088852321,12862.89156626506,19005.75903614458,5935.21686746988,4300.22891566265
LSP33564--unmicst_cellRing_494465,25399.850574712644,7835.413793103448,246.39060271060137,160.1538917618909,19071.896551724138,17927.103448275862,4943.333333333333,4035.551724137931
LSP33564--unmicst_cellRing_494466,25694.976923076923,7835.392307692307,523.4331501339157,340.2315475870452,14505.007692307692,19407.153846153848,4405.092307692307,2283.1153846153848
LSP33564--unmicst_cellRing_494467,25765.84126984127,7833.436507936508,590.6277536405444,383.9080398663539,11242.738095238095,18701.18253968254,13445.349206349209,3526.8888888888887
LSP33564--unmicst_cellRing_494476,25371.24,7839.66,218.0700373774042,141.74552429531272,12531.86,20709.073333333334,4255.786666666667,5330.44
LSP33564--unmicst_cellRing_494477,25561.78947368421,7836.714285714285,397.9543426815395,258.67032274300067,16773.42105263158,15520.496240601504,3529.375939849624,1886.7293233082708
LSP33564--unmicst_cellRing_494478,25806.56551724138,7836.124137931034,627.9290902944791,408.15390869141146,20753.834482758622,16021.56551724138,5999.075862068966,2752.1724137931037
LSP33564--unmicst_cellRing_494493,25392.169811320757,7838.61320754717,238.0777196906161,154.75051779890046,29821.169811320757,19501.77358490566,9836.32075471698,5550.518867924528
LSP33564--unmicst_cellRing_494494,25444.228813559323,7836.186440677966,287.7821026513536,187.05836672337986,28856.36440677966,15951.737288135591,5931.771186440678,2025.4322033898304
LSP33564--unmicst_cellRing_494495,25595.08510638298,7835.882978723404,429.49553775691413,279.1720995419942,12422.27659574468,19148.627659574468,8042.074468085107,2626.744680851064
LSP33564--unmicst_cellRing_494496,25736.625,7842.111842105263,560.2117479765598,364.13763618476383,11543.421052631578,18200.815789473683,7868.282894736842,4356.506578947368
LSP33564--unmicst_cellRing_494508,25416.123595505615,7837.23595505618,261.037926785153,169.67465241034944,8029.348314606742,16281.662921348314,4907.76404494382,4630.112359550561
LSP33564--unmicst_cellRing_494509,25455.775,7838.15,297.94360212800837,193.66334138320545,10753.7,15535.858333333334,5599.208333333333,3053.266666666667
LSP33564--unmicst_cellRing_494510,25471.504201680676,7838.016806722689,312.7545220971355,203.2904393631381,19151.52100840336,13560.470588235294,6631.100840336135,2762.3529411764707
LSP33564--unmicst_cellRing_494511,25519.5,7837.0,358.1587127157695,232.8031632652502,9114.0,18354.84210526316,9820.552631578948,4937.1578947368425
LSP33564--unmicst_cellRing_494512,25587.0625,7838.625,421.0194460128207,273.66263990833346,14683.828125,20804.59375,5243.9375,2556.328125
LSP33564--unmicst_cellRing_494513,25667.796460176996,7838.362831858407,496.8948031522223,322.98162204894453,4318.1061946902655,11571.743362831858,3322.212389380531,1169.530973451327
LSP33564--unmicst_cellRing_494514,25755.375,7837.017857142857,579.5684491649308,376.71949195720504,26578.321428571428,15983.625,6615.910714285715,4686.071428571428
LSP33564--unmicst_cellRing_494525,25503.554545454543,7838.936363636363,342.5231806094858,222.64006739616576,13909.136363636364,13389.272727272728,13007.654545454545,1638.1818181818182
LSP33564--unmicst_cellRing_494526,25512.17333333333,7836.706666666667,351.38229198968764,228.398489793297,8641.8,16370.826666666666,12343.053333333331,1960.0
LSP33564--unmicst_cellRing_494527,25527.62,7838.74,365.181119220603,237.36772749339198,7641.97,15172.71,5182.48,3239.06
LSP33564--unmicst_cellRing_494528,25545.78260869565,7838.565217391304,382.29061595263533,248.48890036921298,28839.78260869565,17955.289855072464,6899.130434782609,3145.333333333333
LSP33564--unmicst_cellRing_494529,25687.05128205128,7839.794871794872,514.4756329094233,334.40916139112517,7669.717948717948,22232.666666666668,6001.448717948718,3833.75641025641
LSP33564--unmicst_cellRing_494546,25482.943089430893,7842.243902439024,322.03498054783637,209.32273735609365,25897.837398373984,13725.674796747968,7706.430894308943,1755.5934959349593
LSP33564--unmicst_cellRing_494547,25534.86111111111,7837.902777777777,372.26697076188714,241.97353099522664,7219.861111111111,20667.472222222223,4673.680555555556,2732.805555555556
LSP33564--unmicst_cellRing_494548,25656.53086419753,7841.808641975309,485.13189616808904,315.33573250925787,3302.759259259259,10351.623456790125,4089.228395061728,943.9382716049382
LSP33564--unmicst_cellRing_494549,25723.26213592233,7838.708737864078,548.8411941793679,356.7467762165891,18111.398058252427,20601.077669902912,7649.106796116504,3860.029126213592
LSP33564--unmicst_cellRing_494550,25798.68888888889,7840.311111111111,619.091902962746,402.4097369257849,18487.9,14475.355555555556,5284.777777777777,2690.3777777777777
LSP33564--unmicst_cellRing_494561,25761.91780821918,7841.698630136986,584.0965587999455,379.6627632199646,16714.27397260274,19379.671232876717,7804.301369863014,3639.2876712328766
LSP33564--unmicst_cellRing_494582,25381.827338129497,7844.460431654676,226.3534972498121,147.12977321237787,27724.1654676259,18491.09352517985,6887.050359712231,5746.079136690648
LSP33564--unmicst_cellRing_494583,25430.69590643275,7842.456140350877,272.91737744758296,177.39629534092893,11584.818713450291,15249.701754385966,7260.450292397661,1928.830409356725
LSP33564--unmicst_cellRing_494584,25516.056603773584,7842.867924528302,352.9035185421026,229.38728705236667,10776.698113207549,16783.962264150945,12077.528301886792,1967.339622641509
LSP33564--unmicst_cellRing_494585,25571.293478260868,7841.141304347826,405.34960566790176,263.47724368413617,6071.45652173913,18366.641304347828,4373.521739130435,2647.5978260869565
LSP33564--unmicst_cellRing_494586,25645.37323943662,7843.654929577465,474.0217528302918,308.1141393396897,2414.676056338028,8837.859154929578,3048.9718309859154,1065.3169014084508
LSP33564--unmicst_cellRing_494587,25714.46902654867,7842.876106194691,539.150464470341,350.4478019057217,54032.08849557522,19038.194690265485,7668.115044247787,3244.29203539823
LSP33564--unmicst_cellRing_494588,25748.78947368421,7841.021052631579,572.0065740417268,371.8042731271224,13766.873684210526,19387.24210526316,7215.736842105263,6350.2
LSP33564--unmicst_cellRing_494589,25781.840579710144,7841.898550724638,602.7291473455391,391.7739457746004,41859.31884057971,17724.82608695652,5296.695652173913,4290.507246376812
LSP33564--unmicst_cellRing_494595,25348.95918367347,7843.408163265306,195.86291000835828,127.31089150543289,5522.61224489796,19285.673469387755,3215.816326530612,8602.0
LSP33564--unmicst_cellRing_494596,25441.714285714286,7846.047619047619,282.02222384179635,183.31444549716764,12658.171428571428,17138.314285714285,5095.8,2504.828571428572
LSP33564--unmicst_cellRing_494597,25542.55284552845,7845.8130081300815,376.76027127774665,244.89417633053534,9872.845528455284,18096.62601626016,8169.1463414634145,1948.4146341463413
LSP33564--unmicst_cellRing_494608,25358.105263157893,7844.210526315789,204.1717335273496,132.71162679277725,4379.513157894737,19903.197368421053,3376.7763157894738,8199.618421052632
LSP33564--unmicst_cellRing_494609,25414.154362416102,7845.818791946309,256.2306050065392,166.54989325425046,11173.442953020134,14957.020134228189,4859.308724832215,2586.3422818791946
LSP33564--unmicst_cellRing_494610,25579.58426966292,7844.191011235955,412.08083256138093,267.8525411648976,6838.337078651685,16502.685393258427,6730.0,2647.47191011236
LSP33564--unmicst_cellRing_494611,25590.910714285717,7844.482142857143,422.61260436912744,274.69819283993286,8247.357142857143,17839.625,3881.267857142857,2638.660714285714
LSP33564--unmicst_cellRing_494620,25397.96350364964,7846.795620437956,240.69549706841005,156.45207309446653,6681.343065693431,15561.678832116788,6534.846715328467,3253.3868613138684
LSP33564--unmicst_cellRing_494621,25474.103896103898,7845.883116883117,312.48306484233524,203.1139921475179,8825.194805194806,14599.493506493509,4974.376623376624,1578.6103896103896
LSP33564--unmicst_cellRing_494622,25742.785714285717,7846.857142857143,564.3589410250772,366.83331166630023,7626.553571428572,21282.196428571428,5402.071428571428,3443.910714285714
LSP33564--unmicst_cellRing_494633,25555.03759398496,7848.774436090225,387.4587990076015,251.848219354941,7674.872180451128,17513.203007518798,6012.12030075188,2278.6992481203006
LSP33564--unmicst_cellRing_494634,25725.89,7847.36,548.325579532482,356.41162669611333,28028.56,16159.19,5305.83,2910.11
LSP33564--unmicst_cellRing_494646,25490.97604790419,7848.497005988024,327.41985738011175,212.82290729707265,48950.63473053892,14780.377245508982,8055.023952095808,2464.9580838323354
LSP33564--unmicst_cellRing_494647,25505.746987951807,7847.180722891566,341.739109246816,222.1304210104304,24800.67469879518,17908.734939759037,9920.638554216868,2765.3253012048194
LSP33564--unmicst_cellRing_494648,25521.11206896552,7848.741379310345,355.62430018933327,231.15579512306664,28061.775862068964,15322.112068965518,10593.612068965518,1953.8189655172412
LSP33564--unmicst_cellRing_494649,25567.21167883212,7849.992700729927,398.4666357999561,259.0033132699715,9171.678832116788,15647.824817518249,4623.124087591241,2327.284671532847
LSP33564--unmicst_cellRing_494650,25664.68674698795,7848.313253012048,490.5454586928011,318.85454815032074,4370.710843373494,10985.614457831323,4507.518072289156,1016.3253012048192
LSP33564--unmicst_cellRing_494651,25754.575,7848.3875,574.8979776806889,373.6836854924478,6338.2875,17706.6125,6380.85,3640.1875
LSP33564--unmicst_cellRing_494664,25530.716666666667,7848.4,364.75782259307607,237.09258468549945,12928.066666666668,17716.966666666667,6998.95,2445.6
LSP33564--unmicst_cellRing_494665,25597.672,7849.584,427.2006365031522,277.680413727049,11610.08,18866.848,4267.956,3366.2
LSP33564--unmicst_cellRing_494666,25627.777777777777,7848.324074074074,455.8952742157698,296.33192824025036,4503.333333333333,23654.12962962963,6754.009259259259,2698.101851851852
LSP33564--unmicst_cellRing_494667,25677.81730769231,7847.971153846154,502.9890511742758,326.94288326327927,7528.221153846154,21590.64423076923,10836.807692307691,2684.875
LSP33564--unmicst_cellRing_494668,25773.385542168675,7847.096385542169,593.0005280657499,385.45034324273746,6946.156626506024,19512.65060240964,5510.879518072289,5112.108433734939
LSP33564--unmicst_cellRing_494679,25345.29203539823,7850.946902654868,189.82169175656233,123.38409964176552,5198.743362831859,18936.83185840708,3462.0530973451328,6868.008849557522
LSP33564--unmicst_cellRing_494680,25704.29906542056,7851.009345794392,526.8001100665265,342.4200715432422,21953.130841121496,19800.018691588783,9818.897196261682,2344.1869158878503
LSP33564--unmicst_cellRing_494692,25330.1935483871,7850.322580645161,175.86396559715456,114.31157763815047,4510.129032258064,17805.677419354837,3668.516129032258,4781.129032258064
LSP33564--unmicst_cellRing_494693,25373.23611111111,7851.791666666667,215.7615796339943,140.2450267620963,40403.77777777778,19841.70833333333,5383.680555555556,5350.875
LSP33564--unmicst_cellRing_494694,25466.87068965517,7850.8448275862065,303.98277876008694,197.58880619405653,17626.853448275862,14837.672413793103,5839.137931034483,1932.2241379310344
LSP33564--unmicst_cellRing_494695,25499.57627118644,7854.627118644068,333.37962499953136,216.6967562496954,29935.86440677966,15795.42372881356,6889.279661016949,2004.728813559322
LSP33564--unmicst_cellRing_494696,25537.69306930693,7852.821782178218,369.7822305093437,240.35844983107341,6474.009900990099,13994.089108910892,7276.732673267326,1505.6336633663366
LSP33564--unmicst_cellRing_494697,25637.81,7851.47,464.2280123918142,301.74820805467925,2877.97,11083.92,3468.96,1255.96
LSP33564--unmicst_cellRing_494698,25767.056603773584,7850.679245283019,585.8244164098162,380.78587066638056,6130.584905660377,18356.90566037736,5080.981132075472,4797.320754716981
LSP33564--unmicst_cellRing_494710,25449.0,7851.885714285714,286.8487302610964,186.45167466971267,12756.128571428571,19587.992857142857,6228.4857142857145,3717.864285714286
LSP33564--unmicst_cellRing_494711,25582.59259259259,7856.2,410.76482952083626,266.9971391885436,14622.081481481482,15906.666666666666,5218.933333333333,2725.6814814814816
LSP33564--unmicst_cellRing_494712,25710.58823529412,7852.588235294118,532.159456493006,345.90364672045393,16720.235294117647,16654.450980392157,7296.843137254902,2290.333333333333
LSP33564--unmicst_cellRing_494720,25382.257142857143,7851.8,224.22675048869777,145.74738781765356,23760.82857142857,17588.257142857143,5288.028571428571,3775.4857142857145
LSP33564--unmicst_cellRing_494721,25615.956989247312,7851.666666666667,443.6467905845924,288.37041387998505,5660.817204301075,15500.602150537634,4042.086021505376,1858.763440860215
LSP33564--unmicst_cellRing_494722,25746.891891891893,7852.0,566.440488714974,368.1863176647331,6309.216216216216,18495.243243243243,4709.405405405405,1894.4054054054052
LSP33564--unmicst_cellRing_494736,25353.962686567163,7856.216417910447,196.14424790173024,127.49376113612466,8719.65671641791,18693.410447761195,5885.850746268657,7143.141791044776
LSP33564--unmicst_cellRing_494737,25512.86631016043,7857.224598930481,344.95954446327374,224.22370390112795,11926.844919786095,17587.026737967914,10333.657754010695,2763.524064171123
LSP33564--unmicst_cellRing_494738,25671.929936305733,7856.732484076433,494.44223961588983,321.3874557503284,12947.910828025477,20222.904458598725,10221.261146496816,2304.917197452229
LSP33564--unmicst_cellRing_494739,25739.90654205608,7856.271028037383,558.4109680067903,362.9671292044137,7293.308411214954,16802.233644859814,3518.8317757009345,1882.6822429906545
LSP33564--unmicst_cellRing_494754,25343.65882352941,7858.517647058824,185.67869662578846,120.6911528067625,11101.435294117648,16329.258823529412,5395.964705882353,4086.7294117647057
LSP33564--unmicst_cellRing_494755,25409.697247706423,7856.51376146789,248.35978284740492,161.4338588508132,6153.94495412844,15837.642201834862,5425.733944954129,3435.293577981651
LSP33564--unmicst_cellRing_494756,25419.03773584905,7855.849056603773,257.3568471402333,167.28195064115164,5467.443396226415,19261.443396226416,6930.292452830188,4447.867924528302
LSP33564--unmicst_cellRing_494757,25431.054545454543,7854.472727272727,269.1114964372291,174.92247268419894,6858.227272727273,15122.50909090909,4476.963636363636,2155.909090909091
LSP33564--unmicst_cellRing_494758,25528.014705882357,7856.823529411765,359.3176080636466,233.5564452413703,35946.720588235294,17104.176470588234,7938.279411764706,2913.014705882353
LSP33564--unmicst_cellRing_494759,25604.18181818182,7855.0,431.4443200623212,280.4388080405088,7822.431818181818,22447.545454545456,4844.090909090909,4725.795454545455
LSP33564--unmicst_cellRing_494760,25686.688073394496,7855.366972477064,508.7664441208482,330.69818867855133,12373.770642201836,20385.96330275229,8008.018348623853,1913.2568807339449
LSP33564--unmicst_cellRing_494761,25717.14864864865,7854.459459459459,537.6726412814714,349.48721683295645,35738.04054054054,15870.0,8725.135135135135,4296.9324324324325
LSP33564--unmicst_cellRing_494762,25731.04225352113,7856.30985915493,550.0766727973964,357.5498373183077,9141.23943661972,18926.12676056338,3759.098591549296,3063.9295774647885
LSP33564--unmicst_cellRing_494763,25753.571428571428,7855.714285714285,571.4301271574265,371.4295826523272,7884.285714285715,13982.42857142857,7464.68253968254,2035.6507936507935
LSP33564--unmicst_cellRing_494764,25761.74025974026,7855.142857142857,579.2952013176159,376.54188085645035,5762.584415584415,17425.454545454544,5031.480519480519,5772.987012987013
LSP33564--unmicst_cellRing_494771,25335.731707317074,7854.707317073171,179.5510649188169,116.70819219723099,5198.463414634146,18163.878048780487,3522.439024390244,5091.073170731707
LSP33564--unmicst_cellRing_494772,25374.14285714286,7859.081632653061,214.09963739408283,139.16476430615384,9261.061224489797,23017.84693877551,6373.459183673469,6765.989795918367
LSP33564--unmicst_cellRing_494773,25392.16129032258,7855.306451612903,232.31497912920904,151.00473643398587,4858.645161290323,18685.064516129038,5940.774193548387,3690.3225806451615
LSP33564--unmicst_cellRing_494774,25656.585585585584,7855.954954954955,480.306536982328,312.1992490385132,15352.765765765766,15828.081081081082,4625.459459459459,1445.6846846846847
LSP33564--unmicst_cellRing_494785,25401.20987654321,7856.246913580247,240.48467820873225,156.31504083567597,5075.37037037037,20853.666666666668,4914.407407407408,7106.679012345679
LSP33564--unmicst_cellRing_494786,25552.07476635514,7858.934579439252,381.1750375053866,247.76377437850132,12250.383177570093,14273.859813084113,9351.336448598133,1714.943925233645
LSP33564--unmicst_cellRing_494787,25572.095588235294,7859.536764705882,399.76099133624194,259.8446443685573,53389.845588235294,15689.654411764706,7032.294117647059,1948.8308823529408
LSP33564--unmicst_cellRing_494791,25323.87012987013,7857.818181818182,167.344177376217,108.77371529454106,5490.558441558442,22391.74025974026,4154.168831168831,11814.181818181818
LSP33564--unmicst_cellRing_494792,25458.882978723403,7858.36170212766,293.8933853681268,191.03070048928242,35250.77659574468,14165.712765957447,3990.202127659575,1757.6382978723404
LSP33564--unmicst_cellRing_494793,25471.72027972028,7859.79020979021,305.4513051611485,198.54334835474654,11564.447552447553,12493.6013986014,4666.132867132867,1612.1958041958042
LSP33564--unmicst_cellRing_494794,25630.916666666668,7858.979166666667,455.1685685629126,295.8595695658932,8960.395833333334,18972.625,4882.697916666667,2515.614583333333
LSP33564--unmicst_cellRing_494795,25725.09574468085,7859.255319148936,543.4792816775968,353.2615330904379,11856.6914893617,20812.85106382979,7445.691489361702,4027.063829787234
LSP33564--unmicst_cellRing_494813,25383.616438356163,7858.246575342466,223.28036258320464,145.132235679083,6124.109589041096,23885.246575342466,7462.808219178082,8157.849315068493
LSP33564--unmicst_cellRing_494814,25450.023529411767,7860.623529411765,284.7972886333528,185.11823761167935,26149.435294117648,15886.811764705884,7256.964705882353,1938.7764705882355
LSP33564--unmicst_cellRing_494815,25594.418604651164,7860.220930232558,420.4797540225757,273.3118401146742,6271.290697674419,15305.279069767445,4221.96511627907,2303.1627906976746
LSP33564--unmicst_cellRing_494827,25333.70967741936,7862.870967741936,174.83869084142592,113.64514904692685,17202.129032258064,15819.193548387097,3279.075268817204,6596.94623655914
LSP33564--unmicst_cellRing_494828,25362.892086330936,7861.201438848921,202.80776647286513,131.82504820736233,8232.035971223022,19225.10071942446,6585.064748201439,6014.892086330935
LSP33564--unmicst_cellRing_494829,25561.25531914893,7860.074468085107,389.39986431079484,253.10991180201665,42402.36170212766,13373.670212765956,7911.414893617021,1595.9893617021276
LSP33564--unmicst_cellRing_494830,25696.20909090909,7859.363636363636,516.3260354052611,335.61192301341976,49853.69090909091,15815.945454545454,10281.681818181818,1600.3181818181818
LSP33564--unmicst_cellRing_494831,25716.013698630137,7865.650684931506,532.7492588511944,346.2870182532764,19469.821917808214,19514.08219178082,14517.349315068494,1965.6575342465756
LSP33564--unmicst_cellRing_494838,25424.03809523809,7862.761904761905,259.6675859115431,168.78393084250303,7510.476190476191,18376.438095238096,5299.114285714286,3674.8
LSP33564--unmicst_cellRing_494839,25438.81730769231,7861.740384615385,273.8929880452822,178.03044222943345,12307.173076923076,16515.221153846152,4249.336538461538,2887.7115384615386
LSP33564--unmicst_cellRing_494840,25482.92391304348,7859.826086956522,315.95578907593017,205.3712628993546,6951.5,19326.41304347826,5950.163043478261,3398.4347826086955
LSP33564--unmicst_cellRing_494841,25536.629032258064,7862.233870967741,365.5387443939162,237.60018385604553,24148.75806451613,16139.516129032258,10585.790322580646,2326.064516129032
LSP33564--unmicst_cellRing_494842,25606.528301886792,7862.584905660377,431.03218379391893,280.17091946604734,20690.79245283019,17139.622641509435,5375.88679245283,3179.584905660377
LSP33564--unmicst_cellRing_494843,25676.45,7863.15,496.472883008828,322.7073739557382,55703.6,15258.0875,8177.15,1332.2
LSP33564--unmicst_cellRing_494855,25393.4,7864.392,230.3456514932502,149.72467347061263,6791.728,20338.296,4788.672,4750.408
LSP33564--unmicst_cellRing_494856,25522.840909090908,7863.875,352.03007716385116,228.81955015650325,14948.306818181818,14148.761363636364,6765.5,2194.159090909091
LSP33564--unmicst_cellRing_494857,25658.61320754717,7864.38679245283,479.30311829027534,311.547026888679,7601.066037735849,20115.009433962263,5318.235849056604,2661.3396226415093
LSP33564--unmicst_cellRing_494858,25708.17567567568,7862.243243243243,526.5663693862308,342.26814010105005,7004.581081081081,17282.716216216217,8516.297297297297,1564.3243243243244
LSP33564--unmicst_cellRing_494865,25315.785714285717,7862.553571428572,158.12288192347043,102.77987325025579,6000.232142857143,15946.285714285714,3217.428571428572,4424.732142857143
LSP33564--unmicst_cellRing_494866,25734.777777777777,7863.511111111111,551.1006878482162,358.21544710134054,7967.377777777778,17657.0,4714.911111111112,1765.4666666666667
LSP33564--unmicst_cellRing_494879,25309.8253968254,7865.730158730159,151.43285102766586,98.43135316798282,35121.34920634921,13415.26984126984,3860.3968253968255,2982.68253968254
LSP33564--unmicst_cellRing_494880,25433.719626168226,7869.785046728972,266.3345188899391,173.11743727846041,10345.616822429907,17423.906542056076,3870.411214953271,3059.345794392523
LSP33564--unmicst_cellRing_494881,25488.027397260277,7864.630136986301,319.0903072049434,207.4086996832132,14803.17808219178,15403.972602739726,4619.493150684932,2567.904109589041
LSP33564--unmicst_cellRing_494882,25547.63,7865.96,374.58082791927023,243.47753814752565,13541.37,17894.37,10025.45,1893.11
LSP33564--unmicst_cellRing_494883,25622.680672268907,7864.588235294118,445.5037985109806,289.5774690321374,9351.949579831931,20474.529411764703,4209.344537815126,2806.4789915966385
LSP33564--unmicst_cellRing_494892,25302.7125,7866.3375,144.54660221327913,93.95529143863143,28255.0625,12645.5625,4592.7625,3591.3125
LSP33564--unmicst_cellRing_494893,25324.747368421053,7865.852631578948,165.39788700662092,107.5086265543036,5105.084210526316,19366.50526315789,3958.0421052631577,5067.231578947369
LSP33564--unmicst_cellRing_494894,25352.74683544304,7867.455696202532,191.12835811477956,124.23343277460671,22117.46835443038,19184.74683544304,4769.265822784811,8309.683544303798
LSP33564--unmicst_cellRing_494895,25384.696428571428,7865.803571428572,221.6889901164015,144.097843575661,25609.98214285714,19754.089285714286,5543.571428571428,4327.017857142857
LSP33564--unmicst_cellRing_494896,25443.617647058825,7867.5,276.41352744798587,179.66879284119082,15916.941176470587,18524.941176470587,5212.794117647059,3617.323529411765
LSP33564--unmicst_cellRing_494897,25498.08280254777,7866.738853503185,327.8023694896378,213.07154016826456,23421.114649681527,15154.305732484076,5980.229299363057,2028.732484076433
LSP33564--unmicst_cellRing_494898,25648.044444444444,7864.422222222222,469.3700051508748,305.09050334806864,7454.6,18204.544444444444,4519.522222222222,2089.722222222222
LSP33564--unmicst_cellRing_494907,25344.904761904763,7867.273809523809,183.82970535444383,119.48930848038849,14698.5,17714.988095238095,4842.357142857143,6871.797619047619
LSP33564--unmicst_cellRing_494908,25510.766666666663,7866.766666666666,339.69912618242535,220.80443201857648,19680.78888888889,13546.066666666668,9734.18888888889,1488.8666666666666
LSP33564--unmicst_cellRing_494909,25580.77,7869.94,404.31730568082304,262.806248692535,33728.15,21192.1,6830.84,4437.73
LSP33564--unmicst_cellRing_494910,25614.136842105265,7867.41052631579,436.51076216455846,283.731995406963,5783.8421052631575,21750.6,4155.884210526316,5164.642105263158
LSP33564--unmicst_cellRing_494923,25572.6640625,7870.515625,396.50982316064704,257.73138505442057,51044.4765625,16356.5,6900.1015625,2800.03125
LSP33564--unmicst_cellRing_494924,25600.081967213115,7867.852459016393,423.16509974563127,275.05731483466036,12281.918032786883,17999.754098360656,6481.295081967213,2530.7377049180327
LSP33564--unmicst_cellRing_494925,25695.86363636364,7870.363636363636,512.2096745476567,332.93628845597686,14378.189393939394,20061.136363636364,12511.795454545454,2698.333333333333
LSP33564--unmicst_cellRing_494932,25262.490066225164,7875.867549668874,103.5044589044748,67.27789828790863,9180.092715231787,16712.29139072848,6548.596026490066,4341.6556291390725
LSP33564--unmicst_cellRing_494933,25474.26829268293,7868.670731707317,304.78170044114864,198.10810528674662,18096.853658536584,13295.853658536584,7037.804878048781,2127.69512195122
LSP33564--unmicst_cellRing_494934,25559.774193548383,7870.725806451613,384.3376446828425,249.81946904384762,35291.45161290323,15796.67741935484,6676.935483870968,2489.1370967741937
LSP33564--unmicst_cellRing_494935,25593.5873015873,7868.746031746032,416.7605106960593,270.89433195243856,16041.746031746032,14113.492063492064,6318.650793650793,2025.8253968253969
LSP33564--unmicst_cellRing_494936,25678.76363636364,7871.218181818182,495.86331083472714,322.31115204257264,38781.30909090909,16898.090909090908,6993.427272727273,1739.5181818181818
LSP33564--unmicst_cellRing_494937,25687.660714285717,7866.535714285715,505.8292084458074,328.7889854897748,23018.89285714286,18065.089285714286,7050.678571428572,1912.321428571429
LSP33564--unmicst_cellRing_494938,25703.51020408163,7867.34693877551,520.4274692283385,338.27785499842,9855.285714285714,15341.755102040815,7518.877551020408,1672.1836734693877
LSP33564--unmicst_cellRing_494948,25377.81818181818,7869.702479338843,213.88828983732276,139.0273883942598,7894.603305785124,21348.13223140496,4410.074380165289,5544.876033057852
LSP33564--unmicst_cellRing_494949,25413.464912280702,7869.789473684211,247.31989026837235,160.75792867444204,5344.815789473684,20470.105263157893,4900.649122807017,5645.017543859649
LSP33564--unmicst_cellRing_494950,25463.905109489053,7869.795620437956,294.6659907877971,191.53289401206814,47883.9197080292,13996.620437956204,5081.07299270073,1963.2700729927008
LSP33564--unmicst_cellRing_494951,25660.57647058824,7870.64705882353,478.9879019764095,311.3421362846662,12200.529411764706,20277.305882352943,7093.670588235294,2506.9764705882358
LSP33564--unmicst_cellRing_494962,25541.29357798165,7873.091743119266,366.17426783776614,238.013274094548,16891.70642201835,17308.1376146789,5199.495412844037,1938.073394495413
LSP33564--unmicst_cellRing_494982,25318.050420168067,7873.117647058823,156.606957284377,101.79452223484505,3950.134453781513,18558.344537815126,3946.470588235294,3236.4117647058824
LSP33564--unmicst_cellRing_494983,25334.28735632184,7874.114942528736,171.50476887291723,111.4780997673962,10514.93103448276,18272.896551724138,3926.1954022988502,4288.83908045977
LSP33564--unmicst_cellRing_494984,25402.533333333333,7870.304761904762,236.88077794971244,153.9725056673131,4824.1238095238095,17953.866666666665,5207.228571428572,5022.695238095238
LSP33564--unmicst_cellRing_494985,25424.508875739644,7874.153846153846,256.1823091647498,166.51850095708738,24764.42603550296,14555.224852071004,4080.3254437869823,2623.1775147928997
LSP33564--unmicst_cellRing_494986,25451.18181818182,7873.560606060606,281.4247141152746,182.92606417492848,35591.5101010101,14641.469696969696,6046.863636363636,1743.6161616161617
LSP33564--unmicst_cellRing_494987,25530.754901960783,7871.294117647059,356.9013153500214,231.9858549775139,55503.5,14966.813725490196,7885.068627450981,1777.3039215686274
LSP33564--unmicst_cellRing_494988,25588.406976744187,7872.290697674419,410.675769462818,266.9392501508317,22473.3488372093,17745.988372093023,9146.162790697674,2642.4651162790697
LSP33564--unmicst_cellRing_494989,25668.76119402985,7870.835820895522,486.6058300572609,316.2937895372196,14793.23880597015,19169.38805970149,9809.597014925374,2050.343283582089
LSP33564--unmicst_cellRing_494998,25340.98148148148,7873.537037037037,177.98776913488277,115.6920499376738,35481.90740740741,13887.351851851852,3720.703703703704,2603.537037037037
LSP33564--unmicst_cellRing_494999,25514.63235294117,7875.316176470588,340.38053295703253,221.24734642207116,16503.816176470587,17640.66176470588,9811.889705882351,2315.301470588235
LSP33564--unmicst_cellRing_495000,25606.666666666668,7874.083333333333,427.198158841849,277.67880324720187,16778.777777777777,16723.88888888889,5525.958333333333,5731.694444444444
LSP33564--unmicst_cellRing_495001,25707.567164179105,7873.79104477612,522.014230691723,339.30924994962,28436.402985074623,15469.970149253732,8996.611940298508,2353.686567164179
LSP33564--unmicst_cellRing_495010,25272.53781512605,7876.084033613445,112.86165252655022,73.36007414225764,4532.151260504202,16496.40336134454,4542.151260504202,5282.1596638655465
LSP33564--unmicst_cellRing_495011,25359.354545454546,7873.381818181818,195.28807595618326,126.93724937151913,8389.645454545454,20573.163636363635,8366.145454545454,10021.11818181818
LSP33564--unmicst_cellRing_495012,25490.92857142857,7873.948979591837,318.60111056532395,207.0907218674606,8673.612244897959,15200.22448979592,5259.877551020408,1984.9591836734692
LSP33564--unmicst_cellRing_495023,25300.57575757576,7875.527272727273,139.37280750574263,90.59232487873271,4927.715151515152,19383.830303030303,4367.254545454545,4214.290909090909
LSP33564--unmicst_cellRing_495024,25644.741379310344,7872.862068965517,463.35990874025885,301.1839406811683,6323.568965517241,16853.896551724138,5369.051724137931,2188.0344827586205
LSP33564--unmicst_cellRing_495025,25652.0,7873.444444444444,469.97281181724526,305.4823276812094,8258.833333333334,20249.694444444445,7288.611111111111,2481.333333333333
LSP33564--unmicst_cellRing_495026,25686.222222222223,7873.866666666667,501.9516614724256,326.26857995707667,12923.644444444444,17154.71111111111,7294.2,1580.4
LSP33564--unmicst_cellRing_495035,25482.808,7876.2,310.20232409918543,201.63151066447054,22356.032,16257.104,7423.4,2228.336
LSP33564--unmicst_cellRing_495048,25598.309523809523,7878.035714285715,417.9907845847411,271.6940099800817,7498.107142857143,21698.04761904762,10221.75,7952.880952380952
LSP33564--unmicst_cellRing_495049,25620.40776699029,7876.912621359223,439.121577460558,285.4290253493627,4657.281553398058,20670.5145631068,4371.932038834952,4303.223300970873
LSP33564--unmicst_cellRing_495063,25662.262295081968,7877.819672131148,478.0977363380608,310.76352861973953,14600.22950819672,22496.573770491803,13102.22950819672,2885.72131147541
LSP33564--unmicst_cellRing_495064,25670.05,7876.875,485.73371727647464,315.72691622970854,11996.05,20543.325,8491.25,2431.4
LSP33564--unmicst_cellRing_495078,25328.783582089556,7879.522388059701,164.4742407317389,106.90825647563028,7641.55223880597,19036.26119402985,5092.626865671642,3338.6194029850744
LSP33564--unmicst_cellRing_495079,25394.371584699453,7880.131147540984,225.83184653462627,146.7907002475071,4357.174863387978,15588.874316939891,3588.748633879781,4840.890710382514
LSP33564--unmicst_cellRing_495080,25525.30487804878,7879.676829268293,348.8955649261888,226.78211720202273,43686.0243902439,15794.768292682927,10428.774390243903,2191.1585365853657
LSP33564--unmicst_cellRing_495081,25584.46511627907,7880.441860465116,404.1655551941772,262.7076108762152,14625.651162790698,22519.03488372093,9344.872093023256,5465.825581395349
LSP33564--unmicst_cellRing_495092,25378.43373493976,7878.843373493976,211.3149254519012,137.35470154373579,5187.373493975903,22696.168674698794,5009.746987951808,6487.530120481928
LSP33564--unmicst_cellRing_495093,25406.41322314049,7880.8677685950415,236.88139516656017,153.9729068582641,4119.859504132231,17090.090909090908,4531.256198347108,3853.528925619835
LSP33564--unmicst_cellRing_495094,25505.074626865677,7880.977611940299,329.4570005394197,214.1470503506228,44518.67910447761,14623.34328358209,7260.567164179104,1893.39552238806
LSP33564--unmicst_cellRing_495095,25612.62068965517,7879.586206896552,430.89016904341696,280.078609878221,5272.396551724138,18885.206896551725,3638.7758620689656,3796.46551724138
LSP33564--unmicst_cellRing_495096,25644.183908045976,7880.67816091954,460.14213161651634,299.0923855507356,11674.149425287356,17799.58620689655,6443.333333333333,2480.67816091954
LSP33564--unmicst_cellRing_495097,25653.371428571427,7882.27619047619,468.2155619242621,304.3401152507704,12427.409523809523,18202.009523809524,9971.895238095238,2291.4761904761904
LSP33564--unmicst_cellRing_495098,25683.26717557252,7881.480916030534,496.55286219213485,322.7593604248877,23565.31297709924,17843.801526717558,10381.641221374046,2457.5190839694656
LSP33564--unmicst_cellRing_495111,25284.788819875776,7880.35403726708,122.88965344920379,79.87827474198247,4173.906832298137,19901.84472049689,6142.88198757764,5757.335403726708
LSP33564--unmicst_cellRing_495112,25343.880952380958,7881.178571428572,178.07520012267884,115.74888007974124,7391.809523809524,20722.77380952381,3443.785714285714,9268.964285714286
LSP33564--unmicst_cellRing_495113,25437.03361344538,7882.109243697479,265.1967797786489,172.37790685612177,6012.974789915967,21272.949579831933,5856.512605042017,4818.731092436975
LSP33564--unmicst_cellRing_495114,25563.281553398057,7879.611650485437,384.5667442886537,249.9683837876249,6220.0097087378645,16902.912621359224,5911.970873786408,2640.330097087379
LSP33564--unmicst_cellRing_495129,25473.14179104477,7881.746268656716,299.21666079508555,194.4908295168056,37078.850746268654,12000.850746268658,6630.5,2007.5671641791048
LSP33564--unmicst_cellRing_495130,25533.828125,7884.46875,355.2443961588579,230.90885750325765,20225.109375,15754.453125,8266.4453125,2272.578125
LSP33564--unmicst_cellRing_495140,25356.5,7883.046296296296,189.27683199356173,123.02994079581512,4916.787037037037,24428.527777777777,4075.037037037037,11906.148148148148
LSP33564--unmicst_cellRing_495141,25605.65,7883.85,422.8769039820566,274.8699875883368,6292.0375,16818.2625,3321.4625,3212.4
LSP33564--unmicst_cellRing_495146,25312.769784172662,7883.510791366906,148.06714523984468,96.24364440589905,5151.338129496403,15850.589928057554,3888.956834532374,4907.625899280575
LSP33564--unmicst_cellRing_495147,25450.89010989011,7886.10989010989,276.8247127696727,179.93606330028726,25279.43956043956,16039.857142857143,9487.686813186812,1935.8076923076924
LSP33564--unmicst_cellRing_495148,25496.905405405407,7883.527027027027,320.9096792570721,208.5912915170969,16965.31081081081,16565.837837837837,6492.3378378378375,2673.4324324324325
LSP33564--unmicst_cellRing_495149,25551.74647887324,7881.802816901409,372.98339708595125,242.43920810586832,6828.394366197183,18147.788732394365,5724.478873239436,2466.507042253521
LSP33564--unmicst_cellRing_495159,25298.939086294416,7887.401015228426,133.74317190129034,86.93306173583872,8383.197969543147,16867.020304568527,4972.730964467005,5838.147208121827
LSP33564--unmicst_cellRing_495160,25488.007092198583,7887.177304964539,311.2984537418526,202.3439949322042,59072.67375886525,12075.936170212766,5024.432624113475,1582.900709219858
LSP33564--unmicst_cellRing_495161,25572.745762711864,7884.533898305085,391.7539287298663,254.6400536744131,6748.296610169492,24456.322033898305,10148.56779661017,3647.677966101695
LSP33564--unmicst_cellRing_495162,25593.38679245283,7885.443396226415,410.81613039649886,267.03048475772425,16250.632075471698,18563.056603773584,10019.481132075472,5688.301886792453
LSP33564--unmicst_cellRing_495163,25636.878947368423,7889.242105263158,450.332674591974,292.7162384847831,12312.657894736842,16980.094736842104,5365.573684210526,3362.121052631579
LSP33564--unmicst_cellRing_495164,25669.383886255924,7888.383886255924,481.1409227945529,312.7415998164594,32479.14691943128,18510.829383886256,10040.0,2132.127962085308
LSP33564--unmicst_cellRing_495185,25371.5625,7886.160714285715,202.34235443954745,131.52253038570583,26201.33035714286,20960.85714285714,3777.9375,5371.544642857143
LSP33564--unmicst_cellRing_495186,25663.89285714286,7884.196428571428,477.43005539282825,310.32953600533835,8371.17857142857,19456.73214285714,8373.410714285714,2123.0178571428573
LSP33564--unmicst_cellRing_495193,25345.92553191489,7888.202127659574,177.57318304530682,115.42256897944944,3783.436170212766,19694.55319148936,3122.904255319149,9071.882978723404
LSP33564--unmicst_cellRing_495194,25418.860655737702,7885.688524590164,246.90391944469087,160.48754763904907,10297.72950819672,16707.647540983606,5844.311475409836,6056.94262295082
LSP33564--unmicst_cellRing_495209,25383.932432432437,7886.148648648648,213.95817102815093,139.0728111682981,17071.81081081081,21780.608108108107,3828.7432432432433,6340.702702702703
LSP33564--unmicst_cellRing_495210,25515.726315789478,7888.031578947369,337.02399448603296,219.06559641592142,48445.26315789474,15184.852631578948,8176.147368421052,2291.6631578947367
LSP33564--unmicst_cellRing_495220,25249.748633879783,7890.174863387978,86.61184603032538,56.2976999197115,37182.21857923497,14306.622950819672,4371.081967213115,4102.825136612022
LSP33564--unmicst_cellRing_495221,25321.678260869565,7888.304347826087,154.77702779150562,100.60506806447866,4943.843478260869,18520.834782608697,3515.417391304348,4410.895652173913
LSP33564--unmicst_cellRing_495222,25428.223529411764,7891.094117647059,253.82935419170784,164.9890802246101,5964.964705882353,17777.870588235295,5013.052941176471,3853.352941176471
LSP33564--unmicst_cellRing_495223,25544.195945945947,7889.783783783784,363.14439396902065,236.04385607986345,14349.533783783783,13468.614864864863,10386.31081081081,1251.7635135135135
LSP33564--unmicst_cellRing_495224,25555.27397260274,7888.986301369863,373.81825892559874,242.9818683016392,7660.849315068493,17218.08219178082,6813.356164383562,2152.109589041096
LSP33564--unmicst_cellRing_495225,25564.02564102564,7888.910256410257,382.0596665273538,248.33878324277995,5571.910256410257,16158.03846153846,5845.166666666667,2355.653846153846
LSP33564--unmicst_cellRing_495226,25620.3305785124,7888.578512396694,435.0274821911574,282.7678634242523,6472.892561983471,20412.1652892562,5055.793388429752,3756.884297520661
LSP33564--unmicst_cellRing_495234,25239.00884955752,7888.849557522124,76.98728815672628,50.04173730187208,3948.0,18187.85840707965,3772.716814159292,5400.6106194690265
LSP33564--unmicst_cellRing_495235,25478.90625,7890.0,301.7824108499525,196.15856705246912,29826.375,14345.578125,5094.40625,2289.53125
LSP33564--unmicst_cellRing_495236,25647.04761904762,7890.206349206349,459.54559955924356,298.7046397135083,33970.31746031746,17906.68253968254,10251.31746031746,2756.5238095238096
LSP33564--unmicst_cellRing_495249,25402.05833333333,7891.641666666666,229.07932211968276,148.9015593777938,4115.766666666666,19312.941666666666,3534.108333333333,3628.516666666667
LSP33564--unmicst_cellRing_495250,25470.31818181818,7893.015151515152,292.6813625495527,190.24288565720929,7141.840909090909,15213.636363636364,4520.575757575758,2843.9772727272725
LSP33564--unmicst_cellRing_495262,25380.492753623188,7892.028985507246,208.70218743243748,135.65642183108437,22446.942028985508,16941.1884057971,4840.231884057971,5873.840579710145
LSP33564--unmicst_cellRing_495263,25587.01851851852,7892.083333333333,402.54921355723144,261.65698881220044,13342.75925925926,15929.87962962963,5825.018518518518,2987.833333333333
LSP33564--unmicst_cellRing_495264,25655.166666666668,7891.0952380952385,466.8605196696233,303.4593377852551,11478.047619047618,16456.97619047619,9706.380952380952,1758.7619047619048
LSP33564--unmicst_cellRing_495275,25507.463157894737,7892.6736842105265,327.667071963265,212.98359677612225,39400.37894736842,14085.642105263158,4847.547368421053,2264.5157894736844
LSP33564--unmicst_cellRing_495293,25391.233333333334,7894.416666666667,217.96125421861817,141.6748152421018,5707.458333333333,18049.825,3849.0,5431.816666666667
LSP33564--unmicst_cellRing_495294,25414.991379310344,7894.9051724137935,240.0945300680508,156.061444544233,4246.413793103448,21179.206896551725,5583.732758620689,7238.258620689655
LSP33564--unmicst_cellRing_495295,25534.43298969072,7894.948453608247,352.1994643534247,228.92965182972605,56699.58762886598,14355.690721649484,12181.505154639177,1343.0
LSP33564--unmicst_cellRing_495296,25575.297872340427,7893.36170212766,391.1063433116498,254.2191231525724,8372.648936170213,20303.744680851065,14708.22340425532,3059.234042553192
LSP33564--unmicst_cellRing_495313,25330.14457831325,7893.614457831325,160.89378142057376,104.58095792337295,4396.168674698795,18887.51807228916,3449.2289156626507,4272.987951807229
LSP33564--unmicst_cellRing_495314,25350.761904761905,7895.752380952381,179.51025190692704,116.68166373950258,4138.2,20626.77142857143,3524.8761904761905,7654.466666666666
LSP33564--unmicst_cellRing_495315,25362.38255033557,7894.4697986577185,190.86070411257646,124.0594576731747,4077.697986577181,20613.18120805369,3431.8389261744965,7949.758389261745
LSP33564--unmicst_cellRing_495316,25460.02912621359,7893.47572815534,282.86424795916093,183.86176117345462,6226.621359223301,15037.029126213592,5659.776699029127,1850.621359223301
LSP33564--unmicst_cellRing_495328,25272.556701030928,7893.412371134021,106.90570002308547,69.48870501500556,3585.1546391752577,19655.74226804124,3379.7938144329896,7285.051546391753
LSP33564--unmicst_cellRing_495329,25285.469696969696,7895.780303030303,118.21082245668377,76.83703459684446,4346.318181818182,15665.65909090909,3304.840909090909,4481.924242424242
LSP33564--unmicst_cellRing_495330,25440.86842105263,7895.243421052632,264.26870636308104,171.77465913600267,29251.763157894737,14892.453947368422,7794.342105263157,1822.7236842105265
LSP33564--unmicst_cellRing_495331,25525.78181818182,7895.581818181819,343.86026576045117,223.50917274429327,17274.445454545454,15351.063636363637,10347.136363636364,1842.736363636364
LSP33564--unmicst_cellRing_495332,25559.757575757576,7896.015151515152,375.6039286342269,244.1425536122475,13113.924242424242,15750.515151515152,7123.69696969697,2104.7272727272725
LSP33564--unmicst_cellRing_495333,25600.46288209607,7897.013100436681,413.46997715217145,268.7554851489115,55120.96506550218,10450.235807860265,3299.152838427948,1920.3100436681225
LSP33564--unmicst_cellRing_495346,25482.20560747664,7897.588785046729,302.2633999524958,196.47120996912227,42168.12149532711,15653.280373831776,4714.065420560748,2727.0654205607475
LSP33564--unmicst_cellRing_495360,25310.714285714286,7895.233766233766,142.0963313591231,92.36261538343001,5897.909090909091,19915.61038961039,3644.584415584416,9074.2987012987
LSP33564--unmicst_cellRing_495361,25319.444444444445,7896.396825396825,149.8903855165947,97.42875058578656,11277.174603174602,20098.88888888889,3968.8888888888887,5501.825396825397
LSP33564--unmicst_cellRing_495362,25406.506172839505,7898.83950617284,230.7731639758288,150.00255658428873,4871.481481481482,16178.83950617284,3563.185185185185,2732.320987654321
LSP33564--unmicst_cellRing_495363,25583.11320754717,7900.179245283019,396.0923551898107,257.460030873377,16921.716981132075,15868.849056603774,8856.471698113208,2560.933962264151
LSP33564--unmicst_cellRing_495364,25646.066666666666,7897.288888888889,456.1831816420256,296.51906806731665,15550.711111111112,20429.766666666663,9119.933333333332,3117.6444444444446
LSP33564--unmicst_cellRing_495376,25237.36612021858,7901.049180327869,71.23962357619136,46.30575532452439,10329.650273224044,16516.956284153006,7494.448087431694,7656.934426229508
LSP33564--unmicst_cellRing_495377,25337.214285714286,7896.732142857143,166.45534217870804,108.19597241616023,5563.482142857143,15382.767857142857,3077.8571428571427,2918.089285714286
LSP33564--unmicst_cellRing_495378,25373.5875,7897.025,200.49792499958946,130.32365124973316,16097.8125,24372.475,5303.1,5672.45
LSP33564--unmicst_cellRing_495379,25514.279761904763,7901.916666666667,330.87944144513625,215.07163693933856,17893.32738095238,17036.79761904762,6195.083333333333,2971.6666666666665
LSP33564--unmicst_cellRing_495380,25551.25641025641,7898.346153846154,366.8203059128997,238.43319884338482,50870.833333333336,14778.807692307691,7912.102564102564,1341.974358974359
LSP33564--unmicst_cellRing_495387,25252.204819277107,7899.385542168675,85.7422262078104,55.73244703507677,5502.6024096385545,17694.24096385542,3611.409638554217,9173.867469879518
LSP33564--unmicst_cellRing_495388,25505.053333333333,7899.573333333334,323.0264202867017,209.96717318635612,8585.4,12789.573333333334,3922.6666666666665,1803.0
LSP33564--unmicst_cellRing_495389,25617.913580246917,7898.481481481482,429.344747697117,279.07408600312607,12544.493827160491,17989.222222222223,6912.123456790124,3057.246913580247
LSP33564--unmicst_cellRing_495404,25267.17293233083,7900.87969924812,99.27770791134402,64.53051014237361,3811.90977443609,18491.12030075188,3195.2330827067667,6704.616541353384
LSP33564--unmicst_cellRing_495405,25279.29677419355,7906.909677419355,108.57961657938766,70.57675077660198,3117.6,16245.606451612904,3465.270967741936,4840.290322580645
LSP33564--unmicst_cellRing_495406,25301.95679012345,7901.012345679012,131.8835917958045,85.72433466727293,5707.672839506173,16886.382716049382,3542.685185185185,6789.567901234568
LSP33564--unmicst_cellRing_495407,25324.85714285714,7905.676190476191,151.77236628034186,98.6520380822222,14157.047619047618,15035.914285714283,4498.133333333333,4868.914285714286
LSP33564--unmicst_cellRing_495408,25494.5503875969,7900.697674418605,312.779704309328,203.3068078010632,7891.488372093023,19587.79069767442,5465.906976744186,3831.953488372093
LSP33564--unmicst_cellRing_495409,25541.680555555555,7900.972222222223,356.92615277394384,232.0019993030635,31935.680555555555,13045.777777777776,9130.541666666666,1295.236111111111
LSP33564--unmicst_cellRing_495420,25342.69135802469,7900.962962962963,170.13815979302413,110.58980386546568,4305.444444444444,18344.172839506173,3466.58024691358,7223.691358024691
LSP33564--unmicst_cellRing_495421,25611.86111111111,7901.611111111111,422.58440195477164,274.6798612706016,9570.791666666666,23646.430555555555,5344.75,7508.125
LSP33564--unmicst_cellRing_495436,25331.594202898552,7902.710144927536,159.11894446969728,103.42731390530324,4195.565217391304,16997.753623188404,3620.550724637681,3926.275362318841
LSP33564--unmicst_cellRing_495437,25384.415384615382,7902.676923076923,208.71364717667595,135.66387066483938,9569.784615384617,20149.853846153845,6764.338461538461,4002.8384615384616
LSP33564--unmicst_cellRing_495438,25397.17777777778,7903.477777777778,220.41762478459663,143.2714561099878,4617.5888888888885,17263.155555555557,4467.5,6711.788888888889
LSP33564--unmicst_cellRing_495439,25433.922413793105,7904.853448275862,254.4355778012792,165.38312557083148,13129.793103448275,13003.603448275862,6050.137931034483,1604.0258620689656
LSP33564--unmicst_cellRing_495440,25451.56,7902.82,271.69298256514855,176.60043866734657,6652.43,19082.01,4813.82,2998.33
LSP33564--unmicst_cellRing_495441,25460.465909090908,7901.681818181818,280.44533142281796,182.2894654248317,8550.522727272728,12016.772727272728,4182.579545454545,1594.4886363636365
LSP33564--unmicst_cellRing_495442,25563.283333333333,7902.7,376.60905791459965,244.79588764448977,17976.333333333332,17208.408333333333,7958.583333333333,2317.25
LSP33564--unmicst_cellRing_495461,25315.43119266055,7904.788990825688,143.23007421537542,93.09954823999404,45961.12844036697,14305.321100917432,4041.5688073394494,4910.642201834862
LSP33564--unmicst_cellRing_495462,25521.680555555555,7905.763888888889,336.5002960595747,218.72519243872355,17031.180555555555,19723.25,11398.180555555557,6018.291666666667
LSP33564--unmicst_cellRing_495463,25625.26119402985,7904.746268656716,434.08226362921573,282.15347135899026,5585.485074626866,18269.910447761195,6197.656716417911,4967.492537313433
LSP33564--unmicst_cellRing_495476,25420.451219512197,7903.012195121952,242.424910030221,157.57619151964366,13064.59756097561,14985.89024390244,5452.987804878048,1989.5731707317077
LSP33564--unmicst_cellRing_495477,25529.36144578313,7906.469879518072,343.4669691631725,223.25352995606212,34220.96385542169,17111.277108433736,12889.638554216868,2898.7831325301204
LSP33564--unmicst_cellRing_495478,25575.36363636364,7903.662337662337,387.61708863502184,251.95110761276422,7071.454545454545,20068.376623376626,9237.974025974028,3564.6753246753246
LSP33564--unmicst_cellRing_495492,25256.07476635514,7906.570093457944,86.898181278933,56.483817831306446,3822.140186915888,19826.345794392524,3844.3177570093458,9276.18691588785
LSP33564--unmicst_cellRing_495493,25360.978723404256,7907.18085106383,185.16098967920757,120.35464329148493,9719.446808510638,19819.308510638297,6171.632978723404,5769.473404255319
LSP33564--unmicst_cellRing_495494,25483.185185185182,7905.731481481482,300.3758589692883,195.2443083300374,8555.601851851852,14932.851851851852,4026.009259259259,1676.7685185185185
LSP33564--unmicst_cellRing_495495,25550.51851851852,7906.691358024691,363.2507646789567,236.11299704132188,7724.641975308642,16222.851851851852,5557.432098765432,1940.148148148148
LSP33564--unmicst_cellRing_495507,25409.716666666667,7907.9,230.6633875497343,149.9312019073273,25783.266666666663,20786.70833333333,7517.641666666666,5769.05
LSP33564--unmicst_cellRing_495508,25426.720430107525,7907.731182795699,246.68301961166154,160.34396274758,9628.290322580646,16238.548387096776,4694.086021505376,2318.967741935484
LSP33564--unmicst_cellRing_495509,25440.564516129038,7907.225806451613,259.85268572175465,168.90424571914053,9255.90322580645,11969.451612903224,4640.177419354839,1335.8870967741937
LSP33564--unmicst_cellRing_495510,25501.122807017546,7909.19298245614,316.02060706590674,205.41339459283938,11787.184210526317,14191.850877192985,5115.412280701755,2432.8596491228072
LSP33564--unmicst_cellRing_495511,25592.297709923663,7907.992366412213,402.02039410545035,261.31325616854275,40755.29007633588,16331.442748091604,5564.458015267175,3136.625954198473
LSP33564--unmicst_cellRing_495521,25376.65625,7908.83125,199.30853596180472,129.55054837517307,6751.28125,19786.525,3976.03125,7838.76875
LSP33564--unmicst_cellRing_495522,25446.265625,7909.015625,264.58730463030264,171.98174800969673,4857.046875,14379.453125,3673.671875,1902.21875
LSP33564--unmicst_cellRing_495523,25467.36046511628,7907.220930232558,285.0077274382329,185.2550228348514,9085.82558139535,14299.13953488372,5758.093023255814,1721.3372093023256
LSP33564--unmicst_cellRing_495538,25230.591743119265,7910.220183486239,61.71895113404311,40.117318237128025,3319.087155963303,16479.935779816515,6411.288990825688,7347.293577981652
LSP33564--unmicst_cellRing_495539,25271.79710144928,7910.304347826087,100.36941185092212,65.24011770309939,3051.840579710145,16161.449275362318,5552.550724637681,5603.231884057971
LSP33564--unmicst_cellRing_495540,25292.801104972372,7910.0110497237565,120.18698268117141,78.12153874276142,4507.044198895028,18924.60773480663,3047.817679558011,4613.475138121547
LSP33564--unmicst_cellRing_495541,25335.785185185185,7911.392592592592,160.05987834721896,104.03892092569232,4115.133333333333,18427.74074074074,3219.703703703704,7532.703703703703
LSP33564--unmicst_cellRing_495542,25535.02666666667,7910.44,347.41627409567946,225.82057816219165,51829.13333333333,13505.68,5330.253333333333,1730.1466666666668
LSP33564--unmicst_cellRing_495543,25544.55172413793,7910.505747126437,356.33478143099984,231.61760793014992,8542.689655172413,13518.16091954023,4263.402298850575,1347.712643678161
LSP33564--unmicst_cellRing_495544,25569.2012987013,7911.87012987013,379.0029900097076,246.35194350630996,22538.61038961039,15841.545454545454,4926.597402597403,1882.792207792208
LSP33564--unmicst_cellRing_495545,25607.058479532163,7910.713450292397,414.9382781441232,269.7098807936801,8208.61403508772,15768.333333333334,6039.3216374269,3024.5789473684213
LSP33564--unmicst_cellRing_495556,25264.78260869565,7909.391304347826,94.09966446002184,61.1647818990142,2845.804347826087,17507.82608695652,3072.1304347826085,7122.869565217391
LSP33564--unmicst_cellRing_495557,25348.01265822785,7907.810126582279,172.7728094926165,112.30232617020071,9051.253164556962,24197.91139240506,6869.037974683544,11205.354430379746
LSP33564--unmicst_cellRing_495567,25457.89285714286,7908.785714285715,275.5810471386443,179.1276806401188,8610.464285714286,18890.67857142857,8286.92857142857,3369.75
LSP33564--unmicst_cellRing_495581,25201.1884057971,7912.531400966183,33.32127759867891,21.658830439141294,2406.048309178744,14283.246376811594,2525.628019323672,8556.478260869566
LSP33564--unmicst_cellRing_495582,25399.5,7911.268292682927,219.91183360052432,142.9426918403408,7704.329268292683,19365.84146341464,8997.048780487805,8979.817073170732
LSP33564--unmicst_cellRing_495583,25419.09411764706,7913.117647058823,237.66729753923786,154.4837434005046,5302.141176470588,15893.529411764706,4239.952941176471,2460.529411764706
LSP33564--unmicst_cellRing_495596,25484.26751592357,7916.171974522293,297.7926418499058,193.5652172024388,6239.694267515924,15966.872611464967,4547.445859872611,2452.828025477707
LSP33564--unmicst_cellRing_495608,25179.38345864662,7913.338345864661,12.57478896608265,8.173612827953724,3094.466165413534,22725.44360902256,5088.075187969925,22914.135338345863
LSP33564--unmicst_cellRing_495609,25305.6125,7911.625,131.65665601806037,85.57682641173925,8451.2875,17464.9125,3635.0625,3540.8875
LSP33564--unmicst_cellRing_495610,25460.457627118645,7913.35593220339,276.4130839503402,179.66850456772113,19323.406779661014,14845.50847457627,6595.35593220339,1990.0677966101696
LSP33564--unmicst_cellRing_495611,25512.11111111111,7913.283950617284,324.92503048437175,211.20126981484165,25853.62962962963,14390.135802469136,9823.506172839509,1551.5061728395062
LSP33564--unmicst_cellRing_495621,25257.478632478636,7915.709401709401,85.06535312459076,55.292479530984,3441.017094017094,18179.17948717949,4336.880341880342,8177.888888888889
LSP33564--unmicst_cellRing_495622,25322.463414634145,7913.219512195122,146.92492790482706,95.5012031381376,5910.048780487805,15412.878048780489,3603.0,5346.512195121952
LSP33564--unmicst_cellRing_495634,25349.644628099173,7916.115702479339,171.4415188990119,111.43698728435774,7956.553719008264,20473.85123966942,6474.743801652892,5604.223140495868
LSP33564--unmicst_cellRing_495635,25445.285714285717,7917.293650793651,260.8137388785663,169.5289302710681,4819.849206349207,16526.619047619046,5053.888888888889,2402.8253968253966
LSP33564--unmicst_cellRing_495636,25523.63358778626,7916.396946564885,334.668022813447,217.53421482874057,9068.73282442748,14100.442748091604,6610.091603053435,2735.114503816794
LSP33564--unmicst_cellRing_495650,25313.95901639344,7916.713114754099,137.73748187117474,89.52936321626358,36095.68032786885,11945.155737704918,4314.270491803279,2921.786885245901
LSP33564--unmicst_cellRing_495651,25363.03092783505,7917.639175257732,183.482046099222,119.2633299644943,3735.247422680413,19634.546391752578,4768.360824742268,4581.371134020618
LSP33564--unmicst_cellRing_495652,25493.68421052632,7914.539473684211,307.19487409326086,199.67666816061956,27720.67105263158,18952.473684210527,5900.776315789473,3855.578947368421
LSP33564--unmicst_cellRing_495653,25545.77215189873,7918.9177215189875,354.58049694359346,230.47732301333576,5891.5759493670885,14510.930379746836,4596.677215189873,1638.120253164557
LSP33564--unmicst_cellRing_495661,25587.286821705427,7918.705426356589,393.6235082855647,255.85528038561705,12514.511627906975,16710.46511627907,5090.472868217054,1646.5736434108528
LSP33564--unmicst_cellRing_495674,25391.13422818792,7918.677852348993,209.5045495827102,136.17795722876164,12996.026845637583,16918.40268456376,6545.067114093959,2851.03355704698
LSP33564--unmicst_cellRing_495675,25415.25,7919.916666666667,231.71496525536745,150.61472741598885,5070.0,23738.33333333333,4959.958333333333,7592.90625
LSP33564--unmicst_cellRing_495676,25454.03731343284,7921.462686567164,267.5916544584735,173.93457539800778,7293.8432835820895,14868.619402985074,5610.686567164179,1830.2313432835824
LSP33564--unmicst_cellRing_495686,25170.573863636364,7920.926136363636,1.6894456880181423,1.0981396972117925,3191.079545454545,20355.0625,2754.284090909091,11888.21590909091
LSP33564--unmicst_cellRing_495687,25325.264705882357,7919.088235294118,147.53134736081284,95.89537578452835,5366.411764705882,20542.83823529412,3209.794117647059,8822.426470588236
LSP33564--unmicst_cellRing_495688,25372.30337078652,7919.247191011236,191.631750509625,124.56063783125624,3924.730337078652,18508.977528089887,3780.044943820225,8335.730337078652
LSP33564--unmicst_cellRing_495689,25461.682926829268,7923.231707317073,274.1587497363725,178.20318732864214,8144.951219512195,14915.817073170732,6190.512195121952,1584.0731707317073
LSP33564--unmicst_cellRing_495690,25471.575,7917.85,285.29970179022666,185.44480616364734,8155.391666666666,18795.591666666667,8598.058333333332,4044.933333333333
LSP33564--unmicst_cellRing_495691,25509.606741573032,7920.4157303370785,320.11560593482955,208.0751438576392,33476.58426966292,15669.966292134832,6961.640449438202,1801.0674157303372
LSP33564--unmicst_cellRing_495692,25535.11842105263,7920.118421052632,344.1659155513808,223.70784510839752,5820.6973684210525,19688.763157894737,5691.802631578948,5463.789473684211
LSP33564--unmicst_cellRing_495693,25565.196428571428,7920.0625,372.41942295756843,242.0726249224195,37049.919642857145,14896.19642857143,4717.723214285715,1572.446428571429
LSP33564--unmicst_cellRing_495702,25336.011363636364,7920.647727272727,157.0816252264952,102.10305639722188,3820.727272727273,22545.43181818182,3041.181818181818,17278.045454545456
LSP33564--unmicst_cellRing_495703,25404.509433962263,7919.0,221.9488014389936,144.26672093534583,5770.452830188679,21741.39622641509,8057.867924528302,7121.981132075472
LSP33564--unmicst_cellRing_495704,25427.992857142857,7920.685714285714,243.41156940676746,158.21752011439884,4877.85,15287.971428571427,4049.828571428572,2532.5
LSP33564--unmicst_cellRing_495705,25578.337209302324,7919.662790697675,384.8924691972327,250.18010497820126,24194.96511627907,14793.60465116279,3301.5697674418607,1288.3837209302326
LSP33564--unmicst_cellRing_495722,25264.222972972973,7923.371621621622,88.75483267039331,57.690641235755656,8610.614864864865,19842.993243243243,4829.993243243243,10379.236486486489
LSP33564--unmicst_cellRing_495723,25293.634615384617,7920.173076923077,117.46619475198871,76.35302658879266,4956.019230769231,23681.92307692308,3969.721153846154,5284.0
LSP33564--unmicst_cellRing_495724,25559.27807486631,7925.358288770053,365.0382209820775,237.2748436383504,11813.614973262032,15841.27807486631,5788.449197860962,1444.0641711229946
LSP33564--unmicst_cellRing_495737,25499.444444444445,7922.769841269841,309.76471240522716,201.34706306339766,17414.285714285714,19266.93650793651,8867.690476190477,2649.0714285714284
LSP33564--unmicst_cellRing_495750,25307.25,7924.4453125,128.77416980604943,83.70321037393214,5378.1171875,17644.953125,5170.828125,3601.6328125
LSP33564--unmicst_cellRing_495751,25319.75675675676,7926.612612612613,139.76712022270578,90.84862814475876,7008.594594594595,23002.594594594597,3830.7567567567567,9424.837837837838
LSP33564--unmicst_cellRing_495759,25519.819277108432,7924.421686746988,328.32112181707885,213.40872918110125,8195.650602409638,14664.626506024097,4878.698795180723,2343.590361445783
LSP33564--unmicst_cellRing_495774,25359.605042016807,7926.075630252101,177.35782715065218,115.28258764792392,4722.226890756303,21198.9243697479,4271.0252100840335,6366.428571428572
LSP33564--unmicst_cellRing_495795,25161.15909090909,7926.909090909091,0.0,0.0,2605.212121212121,22965.75,2545.992424242424,9390.939393939394
LSP33564--unmicst_cellRing_495796,25292.029268292685,7929.941463414634,112.59175261884523,73.1846392022494,20662.668292682927,18545.678048780486,5084.907317073171,7026.785365853659
LSP33564--unmicst_cellRing_495797,25345.40410958904,7926.958904109589,163.7229148558011,106.41989465627071,4226.883561643836,20692.280821917808,3415.8356164383563,8991.246575342466
LSP33564--unmicst_cellRing_495798,25382.314285714285,7926.771428571428,198.4351312069649,128.9828352845272,5104.778571428571,19438.22142857143,6113.157142857143,4003.642857142857
LSP33564--unmicst_cellRing_495799,25399.235294117647,7926.470588235294,214.42259407062605,139.37468614590694,22605.82352941177,17634.79411764706,6972.367647058823,3122.1470588235293
LSP33564--unmicst_cellRing_495800,25436.73758865248,7926.929078014185,249.46794533348276,162.1541644667638,26686.517730496453,15738.113475177304,6081.609929078014,2116.0425531914893
LSP33564--unmicst_cellRing_495801,25472.5761589404,7928.112582781457,282.7016205487321,183.75605335667586,6147.807947019867,21560.993377483443,11283.026490066226,3699.35761589404
LSP33564--unmicst_cellRing_495817,25331.64179104477,7930.089552238806,149.7249813832839,97.32123789913454,3844.8283582089553,21989.850746268658,4956.492537313433,22531.940298507463
LSP33564--unmicst_cellRing_495818,25371.921348314605,7928.314606741573,188.1472923569707,122.29574003203095,8618.0,17685.685393258427,5948.797752808989,4993.516853932584
LSP33564--unmicst_cellRing_495819,25407.63793103448,7927.362068965517,222.00282599295073,144.30183689541798,6801.120689655172,18917.189655172413,4792.344827586207,3377.7241379310344
LSP33564--unmicst_cellRing_495829,25420.96153846154,7929.596153846154,233.73953120483125,151.93069528314032,4914.096153846154,19942.471153846152,4904.471153846154,3548.038461538461
LSP33564--unmicst_cellRing_495843,25548.74603174603,7930.952380952381,353.223312604585,229.59515319298023,26345.777777777777,14357.674603174602,7226.341269841269,2529.896825396825
LSP33564--unmicst_cellRing_495858,25184.71551724138,7929.060344827586,12.160073117602883,7.904047526441874,3315.9137931034484,21684.060344827587,2932.4913793103447,14220.310344827589
LSP33564--unmicst_cellRing_495870,25234.244897959183,7933.066326530612,57.27230784161725,37.22700009705121,3142.4438775510203,19631.852040816328,3326.3928571428573,9555.836734693878
LSP33564--unmicst_cellRing_495871,25485.873873873872,7930.126126126126,294.4900488125208,191.41853172813853,30539.864864864863,16367.0,7730.981981981982,2448.0
LSP33564--unmicst_cellRing_495872,25506.63333333333,7929.816666666667,314.08363748118126,204.15436436276784,13217.116666666669,21276.216666666667,5245.45,4197.216666666666
LSP33564--unmicst_cellRing_495883,25460.34210526316,7932.368421052632,269.7503773194383,175.3377452576349,11300.631578947368,14625.657894736842,4505.223684210527,2219.092105263158
LSP33564--unmicst_cellRing_495884,25513.905982905984,7933.324786324786,319.70110368264716,207.80571739372067,6982.128205128205,14669.239316239316,4793.188034188034,1576.7777777777778
LSP33564--unmicst_cellRing_495885,25521.839285714286,7939.541666666667,325.0049211290557,211.2531987338862,11594.369047619048,17206.261904761905,5945.648809523809,1916.184523809524
LSP33564--unmicst_cellRing_495886,25529.1452991453,7932.863247863248,334.1653601322146,217.20748408593948,4982.581196581196,16027.410256410256,5334.358974358975,2336.811965811966
LSP33564--unmicst_cellRing_495887,25537.60185185185,7931.694444444444,342.50645442577263,222.62919537675222,5170.425925925926,23049.796296296296,7333.046296296296,3784.037037037037
LSP33564--unmicst_cellRing_495902,25352.191489361703,7934.54255319149,167.47988147590593,108.86192295933886,26062.68085106383,15621.595744680852,3279.1702127659573,3050.255319148936
LSP33564--unmicst_cellRing_495903,25394.125925925928,7934.044444444445,207.0154578110023,134.5600475771515,5418.666666666667,20853.859259259258,6541.622222222222,5132.57037037037
LSP33564--unmicst_cellRing_495904,25441.265060240963,7934.457831325301,251.12246033608776,163.22959921845705,34136.21686746988,12616.939759036144,5590.349397590361,1828.3493975903611
LSP33564--unmicst_cellRing_495905,25497.443786982247,7935.100591715976,303.6358563910938,197.363306654211,32949.45562130178,14591.30177514793,4830.19526627219,1560.1301775147929
LSP33564--unmicst_cellRing_495913,25269.772727272728,7936.419191919192,89.46643639802014,58.15318365871309,6367.176767676768,25715.555555555555,5872.111111111111,13710.065656565655
LSP33564--unmicst_cellRing_495914,25407.65158371041,7937.592760180995,218.48876662783888,142.01769830809528,14343.886877828054,19035.80995475113,5265.276018099547,3222.701357466063
LSP33564--unmicst_cellRing_495915,25450.308823529413,7932.308823529412,260.35267982229936,169.2292418844946,11141.117647058823,17645.95588235294,5352.808823529412,2621.5882352941176
LSP33564--unmicst_cellRing_495930,25203.85483870968,7934.564516129032,28.228677299579967,18.34864024472698,2675.709677419354,21935.16935483871,2537.0967741935483,17934.362903225807
LSP33564--unmicst_cellRing_495931,25281.17886178862,7935.69918699187,100.42158705890054,65.27403158828535,10531.252032520326,27218.788617886177,7229.943089430894,8264.626016260163
LSP33564--unmicst_cellRing_495941,25323.7,7936.745454545455,139.97550007309303,90.98407504751047,4084.5454545454554,23425.581818181818,3345.6363636363635,14885.872727272726
LSP33564--unmicst_cellRing_495942,25386.605263157893,7936.5526315789475,199.09115136457908,129.4092483869764,5142.394736842105,22054.894736842107,4777.026315789473,2900.7894736842104
LSP33564--unmicst_cellRing_495943,25428.5637254902,7941.578431372549,236.74499726963015,153.8842482252596,9708.28431372549,17990.607843137255,4485.617647058823,2719.813725490196
LSP33564--unmicst_cellRing_495954,25310.766871165644,7937.122699386503,127.70512097628017,83.00832863458211,9504.361963190184,19984.77300613497,6750.478527607362,7898.564417177914
LSP33564--unmicst_cellRing_495955,25360.124137931038,7939.041379310344,173.37535784083093,112.69398259654011,27568.41379310345,17783.855172413794,5684.627586206897,3200.551724137931
LSP33564--unmicst_cellRing_495956,25378.453608247422,7937.855670103093,190.9899891607429,124.1434929544829,8216.37113402062,16888.639175257733,4058.422680412371,3293.9278350515465
LSP33564--unmicst_cellRing_495957,25466.54954954955,7938.360360360361,273.51167615133636,177.78258949836865,47669.2072072072,15014.495495495496,6020.09009009009,2731.6666666666665
LSP33564--unmicst_cellRing_495978,25345.4128440367,7940.018348623853,159.22906908969443,103.49889490830138,6903.623853211009,20732.97247706422,3421.5229357798166,8685.825688073395
LSP33564--unmicst_cellRing_495979,25455.184782608696,7940.739130434783,262.0235231925009,170.31529007512557,8479.75,17136.32608695652,5216.576086956522,2824.75
LSP33564--unmicst_cellRing_495992,25216.722891566264,7939.421686746988,38.63348448138627,25.111764912901076,2438.7710843373493,12659.855421686749,2265.367469879518,15098.451807228916
LSP33564--unmicst_cellRing_495993,25419.049180327867,7941.7786885245905,227.7446569123597,148.0340269930338,30889.237704918032,12679.565573770493,3920.6147540983607,2259.0737704918038
LSP33564--unmicst_cellRing_495994,25446.61038961039,7942.532467532467,253.3565137187771,164.68173391720512,13986.233766233769,12907.03896103896,3893.5974025974015,1368.012987012987
LSP33564--unmicst_cellRing_495995,25484.33333333333,7938.3,290.2261245613843,188.64698096489983,26331.75,15192.083333333334,6972.783333333334,1608.8
LSP33564--unmicst_cellRing_496008,25126.86363636364,7943.056818181818,0.0,0.0,16602.977272727272,19713.261363636364,8838.352272727272,3126.1022727272725
LSP33564--unmicst_cellRing_496009,25193.16346153846,7941.115384615385,15.934367955054999,10.35733917078575,3099.629807692308,16517.278846153848,2644.5096153846152,12752.432692307691
LSP33564--unmicst_cellRing_496025,25250.75647668394,7940.19689119171,70.31357521210913,45.70382388787093,2817.834196891192,18227.284974093265,3414.321243523316,6939.79274611399
LSP33564--unmicst_cellRing_496026,25438.647058823528,7943.964705882353,245.3875917195551,159.50193461771082,30474.18823529412,13278.564705882352,4658.952941176471,2715.0117647058823
LSP33564--unmicst_cellRing_496041,25137.08270676692,7942.398496240601,0.0,0.0,4270.18045112782,18568.248120300752,5974.804511278196,3264.556390977444
LSP33564--unmicst_cellRing_496042,25476.75,7941.130952380952,282.1317208396172,183.38561854575116,31400.48809523809,14534.380952380952,7694.1547619047615,1790.2261904761904
LSP33564--unmicst_cellRing_496056,25171.221518987342,7943.379746835443,0.0,0.0,2891.4177215189875,26671.67088607595,2956.246835443038,14524.82911392405
LSP33564--unmicst_cellRing_496057,25236.43137254902,7946.83660130719,54.57765910582841,35.47547841878847,3025.6928104575163,16167.75816993464,2529.150326797386,12299.21568627451
LSP33564--unmicst_cellRing_496058,25492.329896907217,7945.577319587629,295.22375460137977,191.89544049089685,17110.58762886598,13733.649484536085,5320.731958762886,1537.9278350515465
LSP33564--unmicst_cellRing_496076,25317.920454545456,7945.340909090909,131.5870878492843,85.5316071020348,4666.193181818182,19924.86363636364,4844.840909090909,9472.420454545454
LSP33564--unmicst_cellRing_496077,25332.803797468358,7944.234177215189,145.9396127143107,94.86074826430196,10857.20253164557,18535.221518987342,4902.487341772152,10198.79746835443
LSP33564--unmicst_cellRing_496078,25507.225274725275,7945.005494505494,309.40317564568323,201.11206416969412,7362.318681318681,16751.796703296703,5951.604395604396,2420.6263736263736
LSP33564--unmicst_cellRing_496092,25382.64912280702,7946.403508771929,191.98158188680446,124.78802822642291,5231.596491228071,21406.035087719298,3983.868421052632,3718.780701754386
LSP33564--unmicst_cellRing_496093,25464.20869565217,7947.165217391304,268.2789758077802,174.38133427505716,22244.147826086955,17778.26956521739,6410.51304347826,2995.182608695652
LSP33564--unmicst_cellRing_496108,25150.035398230088,7945.212389380531,0.0,0.0,4481.345132743363,16164.858407079646,6224.805309734514,5489.256637168141
LSP33564--unmicst_cellRing_496109,25395.39864864865,7947.614864864865,203.53196683006234,132.29577843954053,11481.837837837838,18831.358108108107,5803.668918918919,3862.283783783784
LSP33564--unmicst_cellRing_496110,25482.58333333333,7949.025,284.886118773188,185.1759772025722,25560.3,15231.675,10679.625,1502.625
LSP33564--unmicst_cellRing_496127,25223.666666666668,7950.372222222222,41.37657655948967,26.894774763668288,2269.972222222222,12309.85,2198.2444444444445,12434.733333333334
LSP33564--unmicst_cellRing_496139,25304.5,7947.746575342466,118.15998862735115,76.80399260777826,5839.506849315068,21697.712328767124,4835.36301369863,9006.90410958904
LSP33564--unmicst_cellRing_496140,25340.462686567163,7951.246268656716,150.7117010495521,97.96260568220886,4238.089552238806,19874.10447761194,3160.7611940298507,7911.186567164179
LSP33564--unmicst_cellRing_496141,25372.494845360823,7947.041237113402,182.22991321719167,118.44944359117459,5563.670103092783,17525.0412371134,3403.3917525773195,2730.814432989691
LSP33564--unmicst_cellRing_496142,25447.114457831325,7952.156626506024,250.51190024983214,162.8327351623909,28713.80120481928,14299.512048192772,4063.21686746988,1953.9698795180725
LSP33564--unmicst_cellRing_496153,25252.08510638298,7949.45744680851,68.36832443219605,44.43941088092743,8570.074468085106,15935.617021276596,4082.436170212766,7383.521276595745
LSP33564--unmicst_cellRing_496154,25412.368,7950.352,218.51751340504876,142.0363837132817,26031.0,16171.712,7491.464,3209.24
LSP33564--unmicst_cellRing_496155,25471.972972972973,7950.72972972973,274.338492520306,178.32002013819888,28805.27027027027,14697.202702702703,5782.324324324324,2248.0
LSP33564--unmicst_cellRing_496171,25289.62,7949.853333333333,103.4658579769526,67.25280768501919,8329.546666666667,17869.9,8707.813333333334,5787.293333333333
LSP33564--unmicst_cellRing_496172,25353.647887323943,7950.352112676056,163.39689734236114,106.20798327253475,4810.971830985915,26076.22535211268,3212.5915492957747,5649.619718309859
LSP33564--unmicst_cellRing_496192,25130.390070921985,7953.801418439716,0.0,0.0,17332.992907801417,18394.177304964534,7048.90780141844,2932.822695035461
LSP33564--unmicst_cellRing_496193,25197.151315789477,7954.125,15.192900287506045,9.87538518687893,2449.5723684210525,20199.651315789477,2225.519736842105,21034.36842105263
LSP33564--unmicst_cellRing_496194,25267.023668639053,7951.319526627219,81.74923103191341,53.13700017074372,3998.189349112426,16126.224852071004,3397.189349112426,7604.313609467455
LSP33564--unmicst_cellRing_496195,25431.79865771812,7954.402684563758,235.36066239930994,152.98443055955147,16954.61744966443,14124.651006711409,5330.4899328859065,1902.3959731543623
LSP33564--unmicst_cellRing_496212,25326.765100671146,7954.463087248322,136.74482616635967,88.88413700813379,4033.6711409395975,21010.825503355703,3106.1946308724832,12027.919463087248
LSP33564--unmicst_cellRing_496227,25145.62694300518,7955.025906735751,0.0,0.0,26251.79792746114,12771.062176165804,4860.253886010362,2680.036269430052
LSP33564--unmicst_cellRing_496228,25365.867924528306,7953.556603773585,173.76314826790096,112.94604637413563,4704.330188679245,19648.245283018867,3291.22641509434,5649.801886792453
LSP33564--unmicst_cellRing_496229,25386.760683760684,7955.059829059829,192.8569699647315,125.35703047707547,4704.470085470086,22269.02564102564,4043.5982905982905,5580.871794871795
LSP33564--unmicst_cellRing_496230,25402.40157480315,7955.740157480315,207.30454349920842,134.74795327448547,8040.708661417323,20193.102362204725,11133.36220472441,4726.5511811023625
LSP33564--unmicst_cellRing_496244,25161.52380952381,7953.442176870748,0.0,0.0,4206.646258503401,18351.183673469382,5711.530612244898,4901.755102040816
LSP33564--unmicst_cellRing_496253,25302.80152671756,7959.656488549618,112.45987017608354,73.0989156144543,23672.32824427481,17713.801526717558,5644.545801526718,6558.0496183206105
LSP33564--unmicst_cellRing_496254,25421.376146788996,7958.688073394495,224.09972747173032,145.6648228566247,6544.339449541284,19729.5871559633,4994.623853211009,2775.266055045872
LSP33564--unmicst_cellRing_496269,25254.873684210525,7957.431578947368,68.23700206647747,44.35405134321036,3571.7894736842104,19443.4,2508.5684210526315,11441.957894736845
LSP33564--unmicst_cellRing_496270,25277.30864197531,7956.740740740741,89.53485572723406,58.19765622270214,7948.148148148148,19023.37037037037,4264.79012345679,7051.061728395061
LSP33564--unmicst_cellRing_496271,25457.95348837209,7955.639534883721,259.4858199238921,168.6657829505299,13467.43023255814,18518.906976744187,5894.511627906977,2352.895348837209
LSP33564--unmicst_cellRing_496287,25472.4262295082,7956.934426229508,272.62498977530703,177.2062433539496,45870.147540983606,13863.573770491805,6198.803278688524,2122.5737704918038
LSP33564--unmicst_cellRing_496312,25283.1975308642,7959.765432098766,94.02004015024514,61.11302609765934,7978.185185185185,18225.074074074077,4363.456790123457,4865.16049382716
LSP33564--unmicst_cellRing_496332,25269.48623853211,7962.05504587156,80.35993878738115,52.23396021179775,4020.908256880734,19386.229357798165,2857.5412844036696,12058.816513761469
LSP33564--unmicst_cellRing_496333,25291.13924050633,7962.164556962025,100.64786220568529,65.42111043369543,4705.303797468355,18444.835443037973,4028.1139240506327,6290.632911392405
LSP33564--unmicst_cellRing_496334,25318.496774193547,7961.606451612904,126.52078087633977,82.23850756962085,3558.083870967742,16928.548387096773,2778.9806451612903,7406.5741935483875
LSP33564--unmicst_cellRing_496335,25412.603896103898,7963.694805194805,214.1392200312706,139.1904930203259,4935.831168831169,19952.92857142857,4853.623376623376,4132.454545454545
LSP33564--unmicst_cellRing_496336,25464.550847457627,7962.669491525424,263.25529114505457,171.11593924428547,33231.457627118645,16139.322033898305,7210.059322033899,2455.745762711864
LSP33564--unmicst_cellRing_496351,25167.48148148148,7962.101851851852,0.0,0.0,5753.833333333333,14994.351851851852,4835.287037037037,3050.546296296296
LSP33564--unmicst_cellRing_496352,25344.195652173912,7961.065217391304,150.83090316001096,98.04008705400713,3547.826086956521,18724.942028985508,2708.355072463768,9072.326086956522
LSP33564--unmicst_cellRing_496353,25357.602941176472,7961.77205882353,163.17265421883846,106.062225242245,4308.25,19861.54411764706,2790.0220588235293,7085.566176470588
LSP33564--unmicst_cellRing_496354,25373.59836065574,7961.147540983607,178.40284953660196,115.96185219879128,5391.3442622950815,17613.918032786885,3910.8278688524592,6006.040983606557
LSP33564--unmicst_cellRing_496370,25118.0,7962.717647058824,0.0,0.0,7468.823529411765,17594.258823529413,5854.64705882353,6809.7411764705885
LSP33564--unmicst_cellRing_496380,25137.5,7963.728260869565,0.0,0.0,23191.391304347828,15847.282608695652,7843.173913043478,2842.445652173913
LSP33564--unmicst_cellRing_496381,25158.018691588783,7965.158878504673,0.0,0.0,5284.9626168224295,16749.40186915888,7059.102803738318,3829.018691588785
LSP33564--unmicst_cellRing_496382,25234.97674418605,7964.040697674419,47.281348819427485,30.732876732627865,3312.3488372093025,18748.238372093023,2580.0348837209303,9001.39534883721
LSP33564--unmicst_cellRing_496383,25455.635135135137,7964.7027027027025,254.18519223922436,165.22037495549583,8924.581081081082,15563.54054054054,5887.054054054054,3182.5675675675675
LSP33564--unmicst_cellRing_496396,25126.62162162162,7967.121621621622,0.0,0.0,23316.945945945947,16255.831081081082,5984.567567567568,3335.1554054054054
LSP33564--unmicst_cellRing_496397,25429.043010752688,7965.655913978495,228.89455662349533,148.78146180527196,5442.870967741936,17052.817204301075,4404.064516129032,1787.2043010752689
LSP33564--unmicst_cellRing_496398,25439.15328467153,7965.014598540146,238.60615577346823,155.09400125275437,8658.7299270073,17689.087591240877,4210.160583941606,1747.8321167883212
LSP33564--unmicst_cellRing_496414,25185.632286995515,7969.121076233184,0.0,0.0,3453.784753363229,12882.964125560538,2960.6367713004483,7591.766816143498
LSP33564--unmicst_cellRing_496415,25448.534246575346,7964.082191780822,247.73349894627162,161.02677431507655,7992.945205479452,19239.15068493151,8617.328767123288,1970.945205479452
LSP33564--unmicst_cellRing_496436,25388.782945736435,7968.162790697675,190.23822087848833,123.65484357101742,4637.68992248062,18181.418604651164,3824.6124031007753,3867.434108527132
LSP33564--unmicst_cellRing_496451,25147.493243243243,7968.2972972972975,0.0,0.0,16431.222972972973,14749.567567567568,4595.506756756757,2345.2635135135133
LSP33564--unmicst_cellRing_496452,25260.560747663552,7966.598130841122,70.41541995765067,45.77002297247294,2772.6355140186915,18842.168224299065,2199.9158878504672,14094.214953271028
LSP33564--unmicst_cellRing_496453,25282.184782608696,7969.152173913043,89.83343681570837,58.39173393021044,3637.978260869565,20540.684782608696,2864.9347826086955,7271.576086956522
LSP33564--unmicst_cellRing_496464,25173.296,7969.528,0.0,0.0,10888.456,19559.168,6926.488,5767.152
LSP33564--unmicst_cellRing_496465,25225.81553398058,7968.912621359223,37.0021980745245,24.051428748440927,2200.504854368932,12004.184466019418,1860.5533980582525,6594.310679611651
LSP33564--unmicst_cellRing_496466,25330.77372262774,7967.788321167884,135.91404845897128,88.34413149833134,4246.817518248176,25128.014598540147,2771.364963503649,12802.941605839416
LSP33564--unmicst_cellRing_496467,25381.269005847957,7973.339181286549,181.400402656516,117.91026172673541,24896.444444444445,15396.701754385966,5210.450292397661,4172.6783625731
LSP33564--unmicst_cellRing_496468,25399.828358208957,7968.320895522388,200.55204673515846,130.358830377853,5348.477611940299,18507.044776119405,5289.738805970149,3176.5223880597014
LSP33564--unmicst_cellRing_496480,25198.638613861385,7973.089108910891,10.051439173444045,6.5334354627386295,2737.1188118811883,17681.425742574258,2491.480198019802,14535.856435643564
LSP33564--unmicst_cellRing_496481,25342.01204819277,7970.77108433735,145.43520387366053,94.53288251787934,6965.77108433735,21362.44578313253,3628.9156626506015,6533.457831325301
LSP33564--unmicst_cellRing_496482,25368.758865248223,7973.574468085107,169.57602054442933,110.22441335387907,4566.49645390071,18620.007092198583,3375.900709219858,5697.2056737588655
LSP33564--unmicst_cellRing_496502,25274.391891891893,7971.121621621622,81.83931217925478,53.19555291651561,4447.22972972973,23710.83783783784,2822.472972972973,13587.18918918919
LSP33564--unmicst_cellRing_496503,25361.26595744681,7971.106382978724,163.3932618283817,106.20562018844811,4268.255319148936,18641.0,2770.36170212766,8062.489361702128
LSP33564--unmicst_cellRing_496521,25350.770642201835,7972.504587155963,153.05929846025452,99.48854399916544,4635.963302752293,17695.26605504587,3199.761467889908,10340.0
LSP33564--unmicst_cellRing_496540,25137.13829787234,7973.978723404255,0.0,0.0,15963.031914893618,15112.45744680851,5879.617021276596,4195.840425531915
LSP33564--unmicst_cellRing_496541,25243.458646616546,7973.368421052632,52.02772099635675,33.81801864763189,3276.744360902256,20618.93984962406,2355.902255639098,10862.345864661656
LSP33564--unmicst_cellRing_496542,25311.91333333333,7972.553333333333,116.56713319227171,75.76863657497661,3367.826666666667,20962.553333333333,3238.5666666666666,13002.313333333334
LSP33564--unmicst_cellRing_496560,25294.008403361346,7972.495798319328,99.7796074764868,64.85674485971643,3331.453781512605,22164.831932773108,5122.957983193277,10124.09243697479
LSP33564--unmicst_cellRing_496577,25423.36111111111,7975.342592592592,220.22162164231847,143.144054067507,6468.12037037037,20025.574074074077,4902.527777777777,2518.240740740741
LSP33564--unmicst_cellRing_496578,25433.980198019803,7975.485148514851,230.14061588567128,149.59140032568635,19629.10891089109,17084.366336633662,5371.841584158416,1701.6138613861383
LSP33564--unmicst_cellRing_496589,25326.23287671233,7975.424657534247,129.0190450487065,83.86237928165922,3962.4657534246576,22860.80821917808,2752.657534246576,12460.328767123288
LSP33564--unmicst_cellRing_496590,25409.86,7975.62,207.45249494644676,134.8441217151904,5988.57,18808.11,4447.46,3001.66
LSP33564--unmicst_cellRing_496604,25231.765625,7979.661458333333,38.88205126909332,25.273333324910656,2561.067708333333,13680.807291666666,2174.020833333333,8991.354166666666
LSP33564--unmicst_cellRing_496605,25254.127272727277,7975.463636363636,61.32006808093094,39.85804425260511,2973.036363636364,20054.454545454544,2352.8,17324.136363636364
LSP33564--unmicst_cellRing_496617,25401.867647058825,7978.35294117647,199.0079323383755,129.35515601994408,4022.985294117647,15418.25,3393.808823529412,2064.514705882353
LSP33564--unmicst_cellRing_496630,25173.53142857143,7980.725714285714,0.0,0.0,21999.754285714287,14322.062857142855,4557.371428571429,2891.828571428572
LSP33564--unmicst_cellRing_496631,25375.925,7977.825,174.8375659405093,113.64441786133105,35005.15,15343.45,3786.65,3165.775
LSP33564--unmicst_cellRing_496632,25393.178217821784,7979.841584158416,190.337976993152,123.71968504554881,4525.524752475248,18153.633663366338,2986.90099009901,3773.643564356436
LSP33564--unmicst_cellRing_496648,25355.065217391304,7979.130434782609,154.8064565803164,100.62419677720565,4463.217391304348,13592.891304347826,2978.195652173913,6854.282608695652
LSP33564--unmicst_cellRing_496659,25263.89523809524,7979.761904761905,69.00749578022115,44.85487225714375,2677.428571428572,21248.13333333333,2589.1619047619047,24444.17142857143
LSP33564--unmicst_cellRing_496660,25334.70967741936,7980.177419354839,135.33777662485588,87.96955480615632,15391.612903225809,19818.516129032258,3393.564516129032,6593.153225806452
LSP33564--unmicst_cellRing_496680,25128.706896551725,7982.091954022989,0.0,0.0,10808.775862068966,16290.96551724138,6633.344827586207,4447.264367816092
LSP33564--unmicst_cellRing_496681,25147.656,7980.832,0.0,0.0,4648.6,15885.92,4242.432,4847.816
LSP33564--unmicst_cellRing_496695,25139.065217391304,7985.521739130435,0.0,0.0,5367.239130434783,20158.630434782608,6966.434782608696,7548.554347826087
LSP33564--unmicst_cellRing_496696,25160.487603305784,7981.545454545455,0.0,0.0,18865.669421487604,16165.487603305784,6292.842975206611,2547.223140495868
LSP33564--unmicst_cellRing_496697,25274.580152671755,7982.076335877862,78.23956153636487,50.85571499863717,3284.5190839694656,20083.70992366412,2887.3969465648856,9773.312977099236
LSP33564--unmicst_cellRing_496698,25287.2925170068,7983.040816326531,89.84016959075609,58.39611023399146,22139.809523809523,18212.197278911564,4675.693877551021,8560.43537414966
LSP33564--unmicst_cellRing_496699,25346.843137254906,7980.745098039216,146.5317583229071,95.24564290988963,3734.490196078432,16547.92156862745,3595.372549019608,10115.666666666666
LSP33564--unmicst_cellRing_496733,25325.70886075949,7985.367088607595,125.09964937159029,81.31477209153368,7145.683544303797,21768.53164556962,3282.278481012658,7807.316455696203
LSP33564--unmicst_cellRing_496751,25248.201492537315,7985.440298507463,52.3182349883487,34.00685274242666,3219.8283582089557,18722.0,2466.0522388059703,9234.34328358209
LSP33564--unmicst_cellRing_496752,25356.96923076923,7993.534615384616,151.62813208080414,98.55828585252269,4646.476923076923,17972.36923076923,2837.5,11863.807692307691
LSP33564--unmicst_cellRing_496753,25373.897590361445,7993.210843373494,167.6304008524129,108.95976055406838,9906.698795180722,18994.198795180724,3341.590361445783,8163.951807228916
LSP33564--unmicst_cellRing_496754,25397.00769230769,7988.623076923077,190.9054191611726,124.0885224547622,6632.592307692307,16902.276923076923,3290.9076923076923,2912.5692307692307
LSP33564--unmicst_cellRing_496767,25116.84816753927,7989.057591623036,0.0,0.0,8081.293193717277,16543.366492146597,7151.926701570681,5382.738219895288
LSP33564--unmicst_cellRing_496768,25337.67117117117,7991.54954954955,134.1973623309079,87.22828551509015,5164.860360360361,19945.747747747748,3231.689189189189,12124.8018018018
LSP33564--unmicst_cellRing_496769,25369.726315789478,7985.810526315789,166.26597159023603,108.07288153365343,33739.37894736842,15752.852631578948,3571.5789473684213,4475.221052631579
LSP33564--unmicst_cellRing_496770,25382.21875,7986.109375,177.8895976318578,115.62823846070758,4623.765625,15142.140625,2843.46875,5634.046875
LSP33564--unmicst_cellRing_496778,25317.503703703704,7987.422222222222,116.68899135805049,75.84784438273282,6448.533333333334,24473.992592592596,4316.362962962963,13570.548148148147
LSP33564--unmicst_cellRing_496779,25348.105263157893,7988.026315789473,145.20642703451833,94.38417757243691,5272.868421052632,13245.947368421052,2887.684210526316,9776.921052631578
LSP33564--unmicst_cellRing_496797,25180.60185185185,7987.740740740741,0.0,0.0,21736.90740740741,17580.527777777777,5127.268518518518,4335.25
LSP33564--unmicst_cellRing_496798,25236.85185185185,7989.37037037037,40.30949335927074,26.20117068352598,2900.0185185185187,18858.972222222223,2342.953703703704,16305.277777777776
LSP33564--unmicst_cellRing_496822,25154.353333333333,7991.553333333333,0.0,0.0,17160.56,15983.573333333334,6902.806666666666,3586.44
LSP33564--unmicst_cellRing_496823,25278.366972477063,7991.614678899083,78.50605114003385,51.028933241022,3928.862385321101,20332.596330275228,3024.4954128440368,10770.11009174312
LSP33564--unmicst_cellRing_496824,25297.85593220339,7988.991525423728,97.70463235649075,63.508011031718986,4882.830508474576,19738.06779661017,3853.779661016949,9855.457627118643
LSP33564--unmicst_cellRing_496843,25262.06481481481,7990.703703703703,63.51725851195255,41.286218032769156,2790.601851851852,17461.39814814815,3229.101851851852,10473.287037037036
LSP33564--unmicst_cellRing_496844,25362.568965517243,7991.586206896552,157.55628797993455,102.41158718695746,4916.310344827586,16143.51724137931,3000.0172413793102,7774.396551724138
LSP33564--unmicst_cellRing_496869,25168.005988023957,7993.389221556886,0.0,0.0,19003.952095808385,16260.221556886228,6305.311377245509,1980.6646706586823
LSP33564--unmicst_cellRing_496870,25253.478260869564,7994.547826086957,54.131856531859334,35.18570674570857,3867.130434782609,16169.88695652174,2693.234782608696,6165.0
LSP33564--unmicst_cellRing_496887,25186.124031007752,7994.031007751938,0.0,0.0,4029.3333333333335,17208.04651162791,4912.759689922481,5324.604651162791
LSP33564--unmicst_cellRing_496888,25287.77894736842,7995.357894736842,86.05065645872516,55.93292669817136,3853.242105263158,22528.957894736843,3073.778947368421,14572.126315789474
LSP33564--unmicst_cellRing_496970,25234.427272727276,7998.890909090909,34.75147976112989,22.588461844734432,3260.690909090909,18904.50909090909,2513.536363636364,13361.10909090909
LSP33564--unmicst_cellRing_496971,25325.544776119405,7998.4701492537315,120.42854230806003,78.27855250023902,7948.977611940299,21755.910447761195,4444.350746268657,11573.298507462689
LSP33564--unmicst_cellRing_497023,25266.04794520548,8002.068493150685,63.338385271613575,41.16995042654882,2978.198630136986,20026.04794520548,3057.746575342466,15230.554794520547
LSP33564--unmicst_cellRing_497038,25179.044444444444,8004.562962962963,0.0,0.0,6191.2,17055.82222222222,5469.385185185185,4358.118518518519
LSP33564--unmicst_cellRing_497039,25276.077464788734,8004.640845070423,71.86631739166128,46.71310630457984,3090.042253521127,21657.2676056338,3029.0,14584.49295774648
LSP33564--unmicst_cellRing_497056,25166.477157360405,8006.690355329949,0.0,0.0,41314.802030456856,14000.27918781726,7847.329949238579,2775.8730964467004
LSP33564--unmicst_cellRing_497057,25226.03676470588,8004.448529411765,24.959403771986253,16.223612451791066,2813.1470588235293,16586.198529411766,2106.8823529411766,10421.242647058823
LSP33564--unmicst_cellRing_497072,25348.48214285714,8004.232142857143,139.9734917505815,90.98276963787798,3279.7321428571427,20466.535714285717,2772.2053571428573,15838.75
LSP33564--unmicst_cellRing_497081,25190.449101796406,8006.023952095808,0.0,0.0,3432.748502994012,17117.538922155687,6550.305389221557,5569.407185628743
LSP33564--unmicst_cellRing_497082,25237.22535211268,8008.464788732394,34.07758789804911,22.150432133731922,2895.943661971831,19231.24647887324,2582.845070422535,16654.338028169015
LSP33564--unmicst_cellRing_497103,25323.12962962963,8007.814814814815,114.94001272116698,74.71100826875853,2810.7314814814813,19668.166666666668,2709.925925925926,14572.981481481482
LSP33564--unmicst_cellRing_497114,25140.78048780488,8008.079268292683,0.0,0.0,9786.829268292682,18549.95731707317,6849.219512195122,3477.932926829268
LSP33564--unmicst_cellRing_497133,25152.891891891893,8008.315315315315,0.0,0.0,26312.153153153155,17486.783783783783,6660.693693693694,2832.945945945946
LSP33564--unmicst_cellRing_497150,25248.218579234974,8011.857923497268,43.227200009843145,28.097680006398043,2955.196721311476,16548.890710382515,2642.754098360656,12635.524590163934
LSP33564--unmicst_cellRing_497181,25119.58695652174,8009.20652173913,0.0,0.0,4422.195652173913,24450.717391304348,9183.608695652174,4064.119565217392
LSP33564--unmicst_cellRing_497196,25206.15025906736,8014.626943005182,2.7830851869831394,1.8090053715390406,3347.2435233160622,18506.59067357513,2423.9326424870465,17600.352331606216
LSP33564--unmicst_cellRing_497227,25259.377551020407,8013.5204081632655,53.12901194722364,34.533857765695366,3078.5102040816328,19292.29591836735,3008.0714285714284,12446.632653061224
LSP33564--unmicst_cellRing_497228,25309.94949494949,8013.252525252526,100.69325068751105,65.45061294688219,3790.050505050505,22077.666666666668,2367.747474747475,9892.656565656564
LSP33564--unmicst_cellRing_497240,25147.262626262625,8019.469696969697,0.0,0.0,11948.277777777776,16781.39393939394,6254.035353535353,2693.696969696969
LSP33564--unmicst_cellRing_497241,25322.577319587628,8016.845360824742,111.30841587999466,72.35047032199653,2948.103092783505,16220.556701030928,2524.175257731959,6772.525773195876
LSP33564--unmicst_cellRing_497258,25268.336633663366,8015.663366336634,60.80015173631686,39.520098628605965,2703.3465346534654,20230.26732673267,3112.2871287128714,17463.58415841584
LSP33564--unmicst_cellRing_497279,25225.01421800948,8018.720379146919,19.079536012282027,12.401698407983318,2713.21327014218,15017.54028436019,2087.5071090047395,13261.061611374407
LSP33564--unmicst_cellRing_497296,25172.81818181818,8017.5,0.0,0.0,20478.4,15612.072727272727,6681.7,4477.490909090909
LSP33564--unmicst_cellRing_497297,25194.994382022476,8020.449438202248,0.0,0.0,3122.88202247191,15484.32584269663,4172.3707865168535,8585.85393258427
LSP33564--unmicst_cellRing_497309,25313.3670886076,8020.189873417721,101.50980106171629,65.9813706901156,3343.962025316456,15750.46835443038,2574.6962025316457,8789.924050632912
LSP33564--unmicst_cellRing_497331,25162.198237885463,8024.722466960352,0.0,0.0,11171.127753303965,16242.092511013216,5532.36563876652,4147.938325991189
LSP33564--unmicst_cellRing_497332,25239.346153846152,8021.423076923077,31.601212064543404,20.540787841953215,3729.2384615384617,21641.915384615382,2686.5,17901.46923076923
LSP33564--unmicst_cellRing_497333,25248.566265060243,8023.843373493976,39.42177121370758,25.62415128890993,3664.060240963856,20359.55421686747,2672.4457831325303,20241.072289156626
LSP33564--unmicst_cellRing_497347,25260.356589147286,8024.139534883721,50.38725279721666,32.75171431819083,2862.3410852713178,22158.48062015504,2758.720930232558,16727.728682170542
LSP33564--unmicst_cellRing_497404,25176.570680628272,8028.434554973822,0.0,0.0,23575.65445026178,16211.178010471203,6547.371727748691,5293.633507853403
LSP33564--unmicst_cellRing_497434,25130.751879699248,8028.631578947368,0.0,0.0,6530.984962406015,18629.58646616541,6865.0,3820.563909774436
LSP33564--unmicst_cellRing_497435,25220.178294573645,8029.279069767442,10.90010613146073,7.085068985449475,2633.031007751938,16267.558139534884,1940.3565891472867,16374.271317829458
LSP33564--unmicst_cellRing_497456,25200.83673469388,8030.622448979592,0.0,0.0,3308.265306122449,18765.70408163265,2413.591836734694,16669.020408163266
LSP33564--unmicst_cellRing_497524,25184.41958041958,8036.146853146854,0.0,0.0,12766.888111888113,12819.048951048951,6056.062937062937,5473.895104895105
LSP33564--unmicst_cellRing_497525,25192.24719101124,8033.224719101124,0.0,0.0,3948.022471910113,15837.247191011236,4100.179775280899,10962.898876404495
LSP33564--unmicst_cellRing_497526,25236.08695652174,8034.79347826087,23.93256069574497,15.556164452234231,3259.9728260869565,20420.10869565217,2373.5978260869565,19601.543478260868
LSP33564--unmicst_cellRing_497547,25248.144329896902,8032.886597938144,35.90818659037943,23.34032128374663,4236.226804123711,23523.443298969072,2713.969072164949,17726.463917525773
LSP33564--unmicst_cellRing_497572,25138.417910447763,8036.0298507462685,0.0,0.0,8450.425373134329,18260.68656716418,11971.477611940298,4239.395522388059
LSP33564--unmicst_cellRing_497618,25149.45652173913,8037.717391304348,0.0,0.0,4417.347826086957,19040.514492753624,5619.050724637681,3874.347826086957
LSP33564--unmicst_cellRing_497619,25162.89,8040.24,0.0,0.0,14726.86,12727.25,4699.825,4276.195
LSP33564--unmicst_cellRing_497631,25209.976331360947,8039.526627218935,0.0,0.0,2564.568047337278,13992.905325443788,2116.0828402366865,16474.55029585799
LSP33564--unmicst_cellRing_497643,25248.032432432432,8044.12972972973,31.927249808493794,20.752712375520968,3643.632432432432,20145.35135135135,2458.1783783783785,13319.567567567568
LSP33564--unmicst_cellRing_497687,25175.446969696968,8044.227272727273,0.0,0.0,15520.242424242424,13559.151515151516,5400.151515151515,5267.924242424242
LSP33564--unmicst_cellRing_497688,25189.37984496124,8045.914728682171,0.0,0.0,13728.511627906975,14675.077519379844,5442.961240310077,9082.542635658914
LSP33564--unmicst_cellRing_497752,25208.912,8049.04,0.0,0.0,2548.344,14589.976,2195.808,16775.872
LSP33564--unmicst_cellRing_497772,25169.105263157893,8050.421052631579,0.0,0.0,12210.868421052632,11488.644736842103,3350.7236842105262,2561.4736842105262
LSP33564--unmicst_cellRing_497836,25195.83769633508,8054.82722513089,0.0,0.0,8573.167539267015,19633.350785340317,2796.418848167539,18425.34554973822
LSP33564--unmicst_cellRing_497924,25175.795620437955,8058.14598540146,0.0,0.0,5421.109489051095,20890.131386861314,4275.78102189781,8102.649635036496
