cell_index,x,y,dist_along_px,dist_along_um,Ki67,HER2,EGFR,CD44
488987,26619.968,7363.8,403.14282239406003,262.04283455613904,9617.56,15663.712,13775.192,2608.288
488998,26609.654545454545,7367.193939393939,392.556907945712,255.16199016471282,7165.212121212121,17714.345454545455,9259.115151515152,3962.139393939394
489030,26598.59060402685,7368.765100671141,382.2684832242177,248.47451409574148,27886.79865771812,17150.208053691276,8640.140939597315,3810.8523489932886
489108,26626.16176470588,7371.919117647059,404.25993517941305,262.7689578666185,6093.47794117647,23393.66911764706,18533.558823529413,5729.845588235294
489261,26588.305084745763,7384.889830508475,365.13856032402634,237.34006421061713,6659.372881355932,19606.16101694915,14535.296610169493,3327.898305084746
489283,26600.142045454544,7384.375,375.5442152037585,244.10373988244302,8679.772727272728,20568.977272727272,13203.244318181818,3378.9545454545455
489302,26577.715596330276,7388.724770642202,354.0886668259753,230.15763343688394,16907.091743119265,16877.935779816515,13045.330275229358,2457.467889908257
489362,26603.631067961163,7393.145631067961,374.00820755487405,243.10533491066815,6320.42718446602,21486.990291262136,9128.563106796117,4382.543689320389
489371,26570.616883116883,7396.084415584415,344.2106916528299,223.73694957433943,36827.7987012987,13498.642857142857,6254.272727272727,2657.220779220779
489414,26593.909090909092,7400.1322314049585,362.07548929153785,235.3490680394996,28202.479338842975,17964.785123966944,7033.115702479339,4285.033057851239
489438,26581.559523809523,7399.0,352.080449078052,228.85229190073383,11987.440476190475,17018.964285714286,7488.952380952381,3161.285714285714
489439,26587.941176470587,7396.588235294118,358.79149970465977,233.21447480802885,20927.397058823528,14363.970588235294,7047.279411764706,2457.3529411764707
489455,26622.860215053763,7399.741935483871,387.07762280809226,251.60045482526,20603.548387096773,15981.440860215054,6870.247311827957,3481.8440860215055
489495,26561.369565217392,7402.688405797101,332.88197909656304,216.373286412766,6446.007246376812,16439.768115942028,6180.891304347826,5543.195652173913
489518,26602.08870967742,7405.290322580645,366.4213923812816,238.17390504783305,43834.31451612903,15315.84677419355,4881.75,4403.564516129032
489544,26572.56140350877,7406.0,340.7609045719096,221.49458797174123,4963.526315789473,17053.0,4925.035087719299,5419.649122807017
489559,26583.308724832215,7409.087248322147,348.37477995462575,226.44360697050675,8240.926174496644,16405.644295302012,4333.771812080537,6485.926174496644
489583,26547.08426966292,7409.252808988764,317.25794189121865,206.21766222929213,5787.314606741573,17734.376404494382,5099.106741573034,9203.70786516854
489584,26611.88387096774,7409.98064516129,372.39256494537807,242.05516721449575,15686.574193548387,18144.187096774192,8770.167741935484,4903.064516129032
489609,26529.16091954023,7411.19540229885,300.9018277432894,195.58618803313811,19768.827586206895,16848.48275862069,5813.747126436781,4103.252873563219
489629,26522.376470588235,7414.376470588235,293.4488332941368,190.74174164118895,27589.58823529412,16086.117647058823,4385.317647058823,3354.858823529412
489630,26555.566433566433,7416.4125874125875,320.83032815347104,208.5397132997562,4669.699300699301,15655.055944055945,4353.993006993007,8261.601398601399
489645,26590.85087719298,7415.228070175439,351.667601603508,228.5839410422802,15080.38596491228,15869.570175438595,4975.2192982456145,3210.2631578947367
489660,26566.89032258065,7416.612903225807,330.4275128246687,214.77788333603468,18604.43870967742,19746.729032258063,5912.98064516129,10032.625806451611
489661,26577.514705882353,7415.89705882353,339.898126860988,220.9337824596422,5715.205882352941,19625.441176470587,5294.14705882353,6063.264705882353
489728,26539.272222222226,7420.638888888889,304.69161691084975,198.04955099205233,4533.616666666667,16393.605555555554,3898.655555555555,5788.488888888889
489729,26600.78145695364,7420.0066225165565,357.70926084963247,232.5110195522611,5749.337748344371,16257.529801324505,8427.470198675497,3189.298013245033
489745,26528.92700729927,7425.518248175183,293.3121525443198,190.65289915380788,10589.306569343064,17457.729927007298,5327.021897810219,6521.78102189781
489746,26616.00884955752,7420.33628318584,370.58362403078974,240.87935562001334,6917.070796460177,18189.1592920354,12707.902654867255,2845.4424778761063
489771,26514.081761006288,7424.74213836478,280.99547976936157,182.64706185008504,13374.40251572327,16830.100628930817,3671.9559748427673,8059.182389937107
489783,26583.032258064515,7424.986175115208,339.93553519874183,220.9580978791822,6230.354838709677,19118.617511520737,9877.442396313363,5133.880184331797
489794,26606.116071428572,7426.964285714285,358.6895943392846,233.148236320535,4392.205357142857,14311.732142857143,8287.32142857143,2821.464285714286
489843,26548.964285714286,7429.660714285715,308.33980691061186,200.4208744918977,15051.952380952382,18392.714285714286,6179.696428571428,6562.261904761905
489844,26615.20491803279,7431.377049180328,364.1989028708453,236.72928686604945,5594.122950819672,14480.131147540984,6466.172131147541,2076.8934426229507
489880,26577.058333333334,7433.55,330.3998539544583,214.7599050703979,4308.366666666667,20356.6,7920.925,5125.191666666667
489881,26595.511904761905,7431.940476190476,347.0383446346366,225.57492401251378,5572.666666666667,17586.14285714286,8525.02380952381,2764.535714285714
489882,26626.46987951807,7432.012048192771,373.52135038702994,242.78887775156946,8286.638554216868,15353.44578313253,5536.722891566265,3051.132530120482
489900,26504.192771084337,7433.951807228916,267.772788367797,174.05231243906803,42418.30120481928,10870.192771084336,3107.0843373493976,3369.9518072289156
489901,26511.736,7436.8,272.7652317081553,177.29740061030094,28403.968,12705.68,4626.504,3471.392
489902,26521.776223776225,7434.944055944056,282.3236181471696,183.51035179566026,5590.146853146854,11603.804195804196,5443.160839160839,2419.6783216783215
489924,26497.24,7436.37,260.56917687563316,169.36996496916157,23631.61,14456.15,3253.64,4789.83
489925,26563.766081871345,7435.526315789473,317.99354001282086,206.69580100833358,16502.795321637426,17271.087719298244,7916.233918128655,4925.315789473684
489934,26536.620689655178,7435.525862068966,294.73986555304737,191.5809126094808,7136.413793103448,16074.46551724138,6448.232758620689,5046.163793103448
489946,26479.08510638298,7440.624113475177,242.82217682275225,157.83441493478898,5753.787234042553,16403.41134751773,3439.936170212766,3377.248226950355
489947,26602.89285714286,7438.226190476191,350.1183240396807,227.57691062579246,5753.666666666667,16543.178571428572,5360.214285714285,6158.773809523809
489948,26615.533333333333,7440.236363636363,359.9096307542343,233.9412599902523,5556.175757575757,15782.515151515152,5263.581818181819,5519.048484848485
489970,26588.527777777777,7437.736111111111,338.0654169751007,219.74252103381545,5350.222222222223,15143.166666666666,5166.027777777777,4791.541666666667
489982,26545.587412587414,7441.895104895105,299.13519091302527,194.43787409346643,5332.972027972028,13145.867132867132,4363.125874125874,2736.8321678321677
489983,26596.123076923075,7441.892307692307,342.4276539826636,222.57797508873136,5364.169230769231,15640.384615384615,4835.446153846154,8000.123076923077
490006,26555.45238095238,7439.976190476191,308.57593306628866,200.57435649308763,23452.190476190477,16237.57142857143,5897.714285714285,3016.3809523809523
490019,26529.374045801527,7443.786259541985,284.270459622714,184.7757987547641,4197.954198473282,11147.725190839694,5085.763358778626,3502.595419847328
490020,26575.150943396227,7444.138364779874,323.3032611387905,210.14711974021384,6780.094339622641,12984.987421383648,4540.03144654088,3901.566037735849
490033,26587.420168067227,7446.563025210084,332.5626998344076,216.16575489236496,12770.55462184874,13403.563025210084,4947.033613445378,4307.731092436975
490045,26483.135922330097,7447.271844660194,242.86265031909522,157.8607227074119,46387.11650485437,14123.029126213592,3587.9223300970875,2979.7281553398057
490046,26506.155555555557,7446.888888888889,262.7798271735795,170.80688766282668,10131.481481481482,14856.251851851852,4507.533333333334,8864.214814814815
490047,26518.85,7445.633333333333,274.30218671856875,178.29642136706968,7489.016666666666,12537.766666666666,4463.2,3054.866666666667
490048,26560.707692307693,7445.923076923077,310.0098016860513,201.50637109593333,12710.707692307691,16357.36923076923,4510.030769230769,4823.076923076923
490063,26547.20338983051,7451.423728813559,295.6035963597774,192.1423376338553,5162.011299435028,15650.949152542373,4331.853107344633,3482.3954802259886
490079,26493.885496183208,7447.679389312977,251.86094058322368,163.7096113790954,6012.702290076336,14863.198473282442,3504.9236641221373,5857.625954198474
490115,26532.798507462685,7453.298507462687,282.2965390115231,183.49275035749002,3821.910447761194,13662.58208955224,3422.910447761194,2842.544776119403
490132,26571.08403361345,7453.117647058823,315.18687225944245,204.8714669686376,7647.504201680672,14918.915966386554,5600.453781512605,4993.294117647059
490152,26461.405797101448,7455.282608695652,220.1148606786148,143.07465944109964,3893.731884057971,15702.420289855072,3414.6884057971015,3007.108695652174
490153,26555.75,7454.205882352941,301.48964944920476,195.9682721419831,5019.264705882353,13785.426470588236,4832.985294117647,2714.6176470588234
490154,26610.842696629217,7451.61797752809,350.0195442949577,227.51270379172252,5168.011235955056,18370.65168539326,6043.76404494382,9626.696629213484
490166,26476.221374045803,7455.580152671756,232.65301419868246,151.2244592291436,7207.67175572519,14559.465648854964,4254.244274809161,4445.93893129771
490178,26520.17886178862,7455.195121951219,270.5075267468718,175.82989238546668,25780.52032520325,13649.39024390244,4158.59349593496,5091.878048780488
490179,26595.989304812832,7455.31550802139,335.387899034769,218.00213437259987,6531.946524064171,14656.262032085562,4348.07486631016,4742.92513368984
490191,26563.454545454544,7459.44696969697,305.38576580670167,198.50074777435609,4899.992424242424,13380.416666666666,5226.333333333333,2345.780303030303
490192,26620.32402234637,7459.117318435754,354.27267187030225,230.27723671569646,4324.765363128492,15465.016759776536,5029.7206703910615,7704.189944134078
490205,26486.225,7458.733333333334,239.59579305819352,155.7372654878258,4107.4,13425.358333333334,3987.45,3767.7166666666662
490206,26510.216216216217,7458.081081081081,260.4842023022331,169.31473149645151,4195.9009009009005,16985.504504504504,3878.5495495495497,6711.783783783784
490207,26581.405263157896,7459.836842105263,320.5619823783225,208.36528854590964,31522.663157894734,13398.27894736842,4538.621052631579,3185.9684210526316
490234,26449.01829268293,7459.25,207.45637661813475,134.8466448017876,3503.2926829268295,15430.341463414634,3109.6158536585367,3516.8414634146343
490235,26499.140845070426,7459.8239436619715,250.09740401565887,162.56331261017826,4071.542253521127,15629.084507042253,3913.0915492957743,4184.281690140845
490236,26609.424657534248,7458.41095890411,345.3002257503924,224.4451467377551,4343.246575342466,14003.150684931506,4355.082191780822,8871.369863013699
490246,26527.666666666668,7462.59349593496,273.1050085949789,177.5182555867363,9952.975609756097,11169.325203252032,3370.3333333333335,2764.60162601626
490261,26552.092307692303,7463.2307692307695,293.70028597244453,190.90518588208894,8966.653846153846,14798.476923076923,6847.692307692308,4583.961538461538
490280,26474.90099009901,7466.049504950495,226.12067562961496,146.97843915924975,3860.970297029703,13315.742574257423,3423.267326732673,3070.237623762376
490281,26490.35087719298,7464.456140350877,240.1777446428177,156.1155340178315,4079.1754385964914,19159.63157894737,4729.3859649122805,6653.228070175439
490282,26568.278846153848,7466.932692307692,305.65651160112515,198.67673254073136,4536.836538461538,16560.55769230769,4879.336538461538,4007.2596153846152
490283,26603.37837837838,7464.959459459459,336.74228808341735,218.88248725422127,7186.918918918919,16587.135135135137,5648.040540540541,7812.662162162163
490309,26515.36231884058,7466.521739130435,260.5379569334642,169.34967200675175,3969.159420289855,12420.04347826087,3504.985507246377,4068.782608695652
490310,26593.741379310344,7467.0,327.43408611562626,212.83215597515706,37477.0,14533.672413793103,4601.025862068966,5612.4655172413795
490319,26610.02912621359,7469.796116504855,339.9443256892554,220.963811698016,6192.796116504855,14858.747572815531,6343.368932038835,4331.9514563106795
490331,26445.774509803923,7468.754901960784,199.77394126578966,129.8530618227633,3155.4803921568628,13022.333333333334,3050.735294117647,5326.401960784314
490332,26533.8,7471.742857142857,273.6388405671143,177.8652463686243,6031.364285714286,14670.342857142858,3466.0071428571428,4825.457142857143
490333,26545.440217391304,7471.103260869565,283.940324548708,184.56121095666023,8374.983695652174,16493.440217391304,4959.934782608696,3416.146739130435
490334,26626.743362831858,7466.283185840708,356.07481365458733,231.44862887548177,4826.646017699115,18383.37168141593,7614.876106194691,5232.7522123893805
490350,26465.80519480519,7470.266233766234,216.15337528963371,140.4996939382619,3359.7597402597403,13814.87012987013,2935.6623376623374,3992.7987012987014
490351,26505.056737588653,7470.326241134751,249.74697383003308,162.3355329895215,4800.914893617021,14632.127659574468,3282.9574468085107,2513.851063829787
490364,26429.033333333333,7472.4,183.55218902791657,119.30892286814577,2698.733333333333,10996.033333333333,2618.1133333333332,5314.246666666667
490365,26521.755555555555,7471.322222222222,263.53806195232204,171.29974026900933,3552.5666666666666,13030.511111111113,3350.9555555555557,7061.933333333333
490383,26482.07438016529,7473.7768595041325,228.27909196391184,148.3814097765427,7277.495867768595,13126.586776859504,3353.6694214876034,4335.330578512397
490384,26490.63440860215,7473.172043010752,235.92401060248224,153.35060689161347,3425.6344086021504,14505.47311827957,3433.430107526882,8337.90322580645
490401,26453.299145299145,7474.82905982906,203.08614981579188,132.00599738026472,3034.094017094017,16679.213675213676,3309.102564102564,4279.991452991453
490402,26577.621428571427,7475.0,309.4977661030957,201.17354796701224,4328.8,16566.464285714286,5317.407142857143,3827.0642857142857
490403,26602.492753623188,7474.826086956522,330.8933345009261,215.08066742560194,5368.797101449275,13882.608695652174,3943.246376811594,2060.753623188406
490413,26417.821428571428,7480.575396825397,169.7298230070046,110.324384954553,2384.0992063492063,11508.13492063492,2464.81746031746,12324.599206349209
490414,26564.603174603173,7478.322751322751,296.63153095123965,192.8104951183058,18046.52380952381,15001.42857142857,5568.089947089947,5415.915343915344
490450,26494.80612244898,7479.836734693878,236.05930034437054,153.43854522384086,3872.795918367347,14967.091836734691,3467.295918367347,4002.204081632653
490451,26596.42735042735,7479.196581196581,323.44266906812885,210.23773489428376,6484.222222222223,14648.102564102564,5257.119658119658,2364.290598290598
490457,26463.424657534248,7479.630136986301,209.28317581711454,136.03406428112444,2703.8082191780823,14472.72602739726,2909.5890410958905,6792.068493150685
490458,26586.215277777777,7481.319444444444,313.59936329004194,203.83958613852727,5009.034722222223,18889.1875,7624.916666666667,6294.708333333333
490459,26613.60902255639,7479.4060150375935,338.0531781969114,219.7345658279924,16229.57142857143,13824.654135338344,4871.601503759399,2108.315789473684
490472,26523.274336283182,7480.823008849557,259.93756622059556,168.95941804338713,3344.637168141593,14320.16814159292,3222.070796460177,4541.088495575221
490473,26628.1797752809,7474.752808988764,352.93574501829767,229.40823426189348,10547.449438202248,16912.573033707864,5613.696629213483,2418.438202247191
490490,26503.757281553397,7482.407766990291,242.40082693100928,157.56053750515605,3261.514563106796,13561.2427184466,2804.5631067961167,3362.3106796116504
490491,26622.36206896552,7481.551724137931,344.44442132878237,223.88887386370854,53042.620689655174,16354.862068965518,4408.5,2240.4310344827586
490508,26511.858695652172,7482.391304347826,249.34933934362684,162.07707057335745,3780.152173913043,13318.467391304348,2968.771739130435,3052.554347826087
490509,26547.398550724636,7483.427536231884,279.2597030665101,181.51880699323158,51485.282608695656,12231.434782608696,4339.13768115942,2145.536231884058
490520,26429.94904458599,7485.6878980891715,177.48127033695403,115.36282571902012,2477.4904458598726,9487.127388535033,2751.9044585987263,5554.796178343949
490521,26477.086021505376,7483.193548387097,219.14768807672016,142.4459972498681,2484.290322580646,11124.741935483871,2712.182795698925,8562.290322580646
490535,26573.386666666665,7484.92,300.7522624383558,195.48897058493128,10032.986666666666,16337.68,6972.613333333334,5896.88
490545,26604.904761904763,7485.650793650793,327.37499256575927,212.79374516774354,7987.126984126984,14267.492063492064,3793.5873015873017,1913.809523809524
490566,26480.943965517243,7490.064655172414,218.90769754023245,142.2900034011511,2834.689655172414,13770.758620689656,2708.3405172413795,9804.780172413792
490567,26556.659574468085,7488.095744680851,284.78471936950217,185.1100675901764,11600.340425531916,15627.010638297872,7271.244680851064,3151.6170212765956
490576,26519.85393258427,7488.651685393258,252.96861093709805,164.42959710911373,4871.269662921349,13154.134831460677,3451.0898876404494,3010.7191011235955
490577,26614.70491803279,7490.696721311476,333.16698379201995,216.55853946481298,10826.72950819672,14602.196721311477,3692.959016393442,1876.155737704918
490594,26454.021276595744,7487.54255319149,197.14574322530873,128.1447330964507,3591.3936170212764,16682.90425531915,2892.468085106383,6077.978723404255
490603,26567.172413793105,7491.448275862069,292.06086538895295,189.83956250281943,6603.080459770115,14599.954022988506,8212.954022988506,3750.448275862069
490604,26577.76288659794,7492.40206185567,300.6410516264839,195.41668355721453,6395.680412371134,15883.835051546392,5764.061855670103,3977.752577319587
490620,26499.82051282051,7493.649572649572,233.22866457656858,151.59863197476957,3024.940170940171,12771.076923076924,2877.675213675214,4119.709401709401
490621,26508.629213483146,7492.741573033708,241.24302165212262,156.8079640738797,2878.7078651685392,13523.561797752807,3175.61797752809,6364.101123595506
490622,26587.954954954956,7492.981981981982,309.07282855595133,200.89733856136837,7007.2342342342345,18745.64864864865,6626.306306306306,6434.216216216216
490623,26602.42528735632,7491.9655172413795,321.9931406936031,209.29554145084202,30741.528735632182,13753.48275862069,4295.379310344828,2615.4597701149423
490650,26459.55,7494.725,198.1763907005255,128.81465395534158,2440.545,12829.72,2884.115,5306.835
490663,26409.296875,7494.8359375,155.07017232305512,100.79561200998583,2560.890625,11852.2421875,2493.1171875,10208.6484375
490664,26429.333333333332,7494.434782608696,172.44122257723456,112.08679467520247,2440.855072463768,9754.159420289856,2332.31884057971,5318.594202898551
490676,26515.81081081081,7498.630630630631,244.35686401439307,158.8319616093555,2930.5765765765764,12875.90990990991,4157.7657657657655,5215.126126126126
490677,26549.441176470587,7495.529411764706,274.7660283262013,178.59791841203085,12660.078431372547,13529.460784313726,4383.705882352941,2767.1960784313724
490693,26484.340909090908,7497.136363636364,218.16930187079538,141.810046216017,3497.840909090909,12925.977272727272,2857.1136363636365,10720.40909090909
490694,26526.973684210527,7495.982456140351,255.2856797356496,165.93569182817225,4332.938596491228,12018.754385964912,3706.0877192982457,2589.035087719298
490695,26620.366666666665,7497.588888888888,334.46134427821255,217.39987378083816,52451.3,14606.144444444444,3937.044444444444,1691.1888888888889
490708,26605.698795180724,7498.77108433735,321.286309589648,208.8361012332712,25104.710843373497,13131.855421686749,4504.975903614458,2263.0
490717,26472.661971830985,7499.183098591549,207.10869221233636,134.62064993801863,2117.3802816901407,10184.3661971831,2382.0704225352115,10075.69014084507
490718,26594.04761904762,7500.373015873016,310.4789597283178,201.81132382340658,29303.674603174604,15118.960317460318,6912.015873015873,4897.3015873015875
490729,26493.483870967742,7501.4258064516125,223.78859019541022,145.46258362701664,2774.858064516129,16763.270967741937,3203.490322580645,10034.064516129032
490741,26580.222222222223,7504.605555555556,296.45192265676917,192.69374972689997,7915.327777777778,15211.427777777775,3921.3555555555554,3286.2277777777776
490754,26414.0625,7502.225,155.3405218882378,100.97133922735456,2409.825,12517.9625,2583.15,18137.55
490755,26441.18888888889,7503.544444444445,177.89743709857854,115.63333411407605,6593.166666666667,13230.794444444444,3998.777777777778,9598.45
490756,26481.898550724636,7504.014492753623,212.5285789058538,138.14357628880498,2821.782608695652,10916.753623188406,2827.0434782608695,6438.333333333333
490757,26556.204545454544,7502.113636363636,277.1629548926121,180.15592068019788,5372.613636363636,16873.69318181818,4365.522727272727,4155.0
490758,26565.716981132075,7501.207547169812,285.7791759934634,185.75646439575124,4931.471698113208,15962.754716981131,4228.141509433963,5197.141509433963
490766,26385.24607329843,7506.214659685864,128.59682910132256,83.58793891585967,2472.0680628272253,15123.732984293194,2447.0,20771.109947643978
490767,26530.15873015873,7504.428571428572,253.65669357164518,164.87685082156938,3053.9603174603176,11945.142857142857,3076.6428571428573,3825.134920634921
490790,26371.13930348259,7507.597014925373,115.79919380681872,75.26947597443217,1689.1044776119404,8658.298507462687,1976.3482587064675,7215.611940298508
490800,26421.146341463416,7507.524390243902,158.6748375203243,103.1386443882108,2340.6585365853657,15196.036585365851,2425.5,34931.256097560974
490801,26473.628571428573,7509.085714285714,202.82786687906145,131.83811347138993,3342.2914285714287,12739.074285714283,3175.3885714285716,6975.588571428571
490802,26545.775757575757,7506.581818181819,265.92402881115623,172.85061872725157,5548.781818181818,13632.848484848484,4832.139393939394,2697.581818181818
490803,26607.97931034483,7508.482758620689,318.22954928421154,206.8492070347375,17548.84827586207,16131.393103448276,5921.91724137931,3225.4758620689654
490812,26619.245454545453,7508.6,327.8201261796211,213.08308201675374,7251.690909090909,15401.218181818182,4288.181818181818,1984.009090909091
490823,26410.974169741698,7512.468634686347,147.4101345049708,95.81658742823103,2573.656826568266,11603.10332103321,2516.254612546126,18512.9926199262
490831,26561.625,7511.125,277.1572985790717,180.1522440763966,5597.541666666667,15419.375,3644.0,3004.375
490853,26590.992125984252,7511.496062992126,302.123004642069,196.37995301734486,7761.511811023622,13520.251968503935,4457.40157480315,2906.1181102362207
490874,26505.089285714286,7512.125,228.21046844027958,148.33680448618173,2899.7946428571427,14150.36607142857,3370.098214285714,6255.660714285715
490884,26518.57471264368,7515.091954022989,238.23198365616472,154.85078937650707,3213.0459770114944,16230.69540229885,4404.436781609195,7198.149425287356
490885,26543.481751824816,7516.379562043796,258.9041333341888,168.28768666722274,3300.832116788321,13347.861313868612,3202.890510948905,5413.014598540146
490903,26378.74796747967,7518.951219512195,116.4593571622,75.69858215543,2112.951219512195,13089.69105691057,2263.479674796748,15924.008130081302
490904,26614.40157480315,7520.645669291339,317.4561724943247,206.34651212131104,6443.55905511811,15033.299212598426,4720.48031496063,2295.228346456693
490911,26370.359375,7517.9375,109.79631644231874,71.36760568750718,1884.96875,10141.015625,2071.390625,13492.53125
490912,26602.2323943662,7517.450704225352,308.6798436624263,200.64189838057712,29307.98591549296,13276.11971830986,5665.485915492958,2575.387323943662
490913,26625.288659793816,7516.484536082474,328.9292861868415,213.804036021447,6966.59793814433,16373.814432989691,4441.309278350515,2024.5463917525776
490921,26438.12213740458,7519.007633587787,167.29271595027288,108.74026536767738,2253.977099236641,9973.2213740458,2762.1832061068703,11756.412213740456
490922,26534.492307692308,7519.592307692307,249.54590267690145,162.20483673998595,3085.9461538461537,16947.9,4053.3846153846152,6039.261538461538
490931,26575.558823529413,7519.713235294118,284.66285572345987,185.03085622024892,22013.71323529412,16620.66176470588,4711.617647058823,5799.713235294118
490937,26446.964285714286,7519.226190476191,174.75452422458326,113.59044074597912,2463.0119047619046,9700.57142857143,3058.75,7304.071428571428
490938,26504.32298136646,7523.726708074534,221.5685848437265,144.01958014842225,2814.614906832298,13508.73291925466,3713.76397515528,5457.310559006211
490939,26558.258333333335,7519.841666666666,269.7762539765658,175.35456508476776,32924.625,14427.808333333332,3584.875,3753.275
490940,26586.506024096387,7520.746987951808,293.5073746969778,190.7797935530356,5848.253012048192,18057.14457831325,4670.530120481928,3197.0361445783133
490953,26593.232804232804,7527.576719576719,295.7462982155241,192.23509384009068,5929.476190476191,15444.137566137566,5173.888888888889,2889.5449735449733
490978,26567.76923076923,7523.589743589743,275.9900276451077,179.39351796932002,42492.35897435898,13218.192307692309,4103.666666666667,2980.4871794871797
490989,26409.96568627451,7526.936274509804,139.08222772513534,90.40344802133798,3233.5,8958.323529411764,2616.093137254902,17519.632352941175
490990,26516.26923076923,7524.326923076923,231.49259825326845,150.4701888646245,3023.7884615384614,14957.307692307691,3658.423076923077,5517.826923076923
490991,26620.47107438017,7528.338842975207,318.68658308098094,207.1462790026376,4860.619834710744,15838.07438016529,3766.842975206612,2241.6115702479337
491001,26525.57352941177,7525.10294117647,239.062704668705,155.39075803465826,3642.1323529411766,15834.529411764706,3605.058823529412,7206.514705882353
491002,26605.55319148936,7526.127659574468,307.0480551441328,199.5812358436863,9202.765957446809,16489.255319148935,5491.787234042553,2604.127659574468
491017,26504.89256198347,7532.107438016529,217.73281171247834,141.52632761311094,2720.7685950413224,13957.206611570247,3263.9752066115702,4687.247933884298
491033,26472.90625,7530.052083333333,191.39234097655236,124.40502163475904,2316.6458333333335,11289.385416666666,2874.7239583333335,8219.09375
491034,26485.850340136058,7529.238095238095,202.90074877927418,131.8854867065282,2321.5510204081634,14443.768707482994,3126.2108843537417,13458.054421768707
491035,26548.863636363636,7527.681818181818,257.68354250395606,167.49430262757144,8327.560606060606,11743.35606060606,3336.9545454545455,2917.8636363636365
491048,26534.5401459854,7530.788321167884,243.8107504259351,158.47698777685784,4880.905109489051,13832.839416058394,3400.116788321168,4520.489051094891
491049,26559.733333333337,7532.214814814814,264.6563744606765,172.02664339943973,7334.933333333333,14241.85925925926,3439.362962962963,2432.0592592592593
491057,26434.215789473685,7532.068421052632,157.20818290047956,102.18531888531172,4428.163157894737,10842.268421052631,2767.0947368421052,18703.763157894737
491072,26516.64077669903,7531.922330097087,227.89233586320285,148.13001831108184,3199.019417475728,15467.233009708738,3550.2038834951454,3892.1553398058254
491073,26572.62162162162,7531.310810810811,276.16342009016006,179.50622305860404,8781.013513513513,18639.932432432433,3579.310810810811,4982.108108108108
491074,26603.603238866395,7540.165991902834,298.1351293860369,193.787834100924,9000.91902834008,17464.906882591094,5314.923076923077,3897.611336032389
491075,26611.33628318584,7535.256637168141,307.2923711969504,199.74004127801777,6322.123893805309,17281.353982300883,4712.362831858407,4058.973451327434
491119,26369.063636363637,7537.704545454545,98.48831948125304,64.01740766281448,2410.509090909091,12457.931818181818,2244.5227272727275,19342.854545454546
491120,26545.384,7536.288,250.26272341962917,162.67077022275896,25010.072,13461.568,4278.296,3585.448
491129,26389.057142857146,7537.36,115.7933699844394,75.26569048988561,2297.194285714286,15440.154285714283,2370.0,39227.20571428571
491130,26566.405797101448,7537.623188405797,267.5820607232044,173.92833947008288,4101.304347826087,15236.36231884058,3140.8985507246375,3817.2608695652175
491131,26580.058823529413,7536.764705882353,279.72072890343725,181.8184737872342,3954.3529411764703,19055.96323529412,3565.830882352941,5311.058823529412
491146,26418.6875,7538.31875,140.6813776993088,91.44289550455072,2072.3125,12095.80625,2284.4625,34681.8625
491147,26510.90625,7539.84375,218.89315625033905,142.28055156272038,3381.5729166666665,16422.854166666668,3212.1875,5433.604166666667
491169,26487.434782608696,7539.304347826087,199.06477231158237,129.39210200252856,2866.246376811594,17301.985507246376,3384.4927536231885,5069.188405797101
491170,26523.47619047619,7539.0952380952385,230.04727158372617,149.53072652942203,3395.6666666666665,18586.583333333332,3897.75,7554.285714285715
491175,26492.858333333337,7543.783333333334,201.40006641541896,130.91004317002233,3273.858333333333,14096.458333333334,3124.225,6426.175
491189,26501.728395061727,7543.604938271605,209.09057790668845,135.90887563934749,3094.9506172839506,15009.654320987656,2882.9753086419755,4628.604938271605
491217,26479.155555555557,7542.966666666666,190.08300490362885,123.55395318735876,2492.188888888889,14405.91111111111,2716.5444444444443,7211.1
491218,26573.94782608696,7544.930434782608,270.2730068915416,175.67745447950207,3823.7130434782607,12788.617391304348,3489.2521739130434,5792.869565217391
491226,26536.52727272727,7545.463636363636,237.94187022563224,154.66221564666097,4208.163636363636,15929.127272727274,3783.827272727273,3822.3454545454542
491227,26551.76576576577,7544.846846846847,251.3140254008294,163.35411651053911,4712.585585585585,16542.441441441442,3583.4684684684685,4762.072072072072
491228,26587.9587628866,7545.59793814433,281.9310054575059,183.25515354737882,8627.59793814433,18431.711340206184,4480.360824742268,3754.0721649484535
491236,26426.443298969072,7549.09793814433,141.764239782243,92.14675585845796,2095.8298969072166,13771.80412371134,2356.762886597938,32837.30412371134
491237,26527.597014925377,7545.611940298508,230.21531649903866,149.63995572437514,4278.164179104478,13986.402985074626,3517.5373134328356,3800.358208955224
491238,26559.714285714286,7545.766233766234,257.6487481997263,167.4716863298221,4095.935064935065,15963.22077922078,3362.0,7485.636363636364
491254,26511.430656934303,7550.335766423358,213.92945210813815,139.0541438702898,3428.4306569343066,16850.36496350365,3470.5912408759123,4002.5474452554745
491277,26482.84946236559,7551.397849462365,188.89763462186707,122.7834625042136,2800.6021505376343,15486.83870967742,3109.2043010752686,14952.94623655914
491278,26583.986301369863,7551.520547945205,275.47249217238266,179.05711991204873,10665.90410958904,12067.575342465754,4084.506849315069,2406.3835616438355
491309,26416.136054421768,7554.210884353742,130.29679269721774,84.69291525319153,2248.9659863945576,16219.727891156464,2366.156462585034,26086.43537414966
491322,26451.333333333332,7557.15503875969,158.92937512732098,103.30409383275864,2248.4147286821703,14111.538759689922,2738.7868217054265,19713.143410852714
491323,26501.536082474227,7554.061855670103,203.5310089770494,132.2951558350821,2601.969072164949,12486.505154639177,2783.783505154639,4804.432989690722
491324,26521.235632183907,7555.936781609195,219.43919653088074,142.63547774507248,26116.28735632184,12475.074712643678,3319.2183908045977,3917.649425287356
491325,26536.344,7555.36,232.67924038339441,151.24150624920637,3740.208,12661.056,3703.32,3317.784
491336,26565.51219512195,7555.6016260162605,257.54131152678167,167.4018524924081,3988.4552845528456,13846.138211382116,3416.211382113821,6086.276422764227
491337,26575.01020408163,7555.530612244898,265.71435052373624,172.71432784042855,4264.5,15995.38775510204,4677.591836734694,9198.040816326533
491356,26555.54716981132,7557.726415094339,247.90864355233134,161.14061830901537,34200.160377358494,13852.292452830188,3256.754716981132,3310.2264150943397
491373,26493.92307692308,7559.649572649572,194.1266238286944,126.18230548865137,2823.196581196581,16185.940170940172,3084.7179487179487,15159.384615384615
491374,26547.251968503937,7560.283464566929,239.48341116289026,155.66421725587867,6125.094488188976,16750.220472440946,3488.0708661417325,2726.685039370079
491390,26357.84297520661,7558.520661157025,78.13698215736666,50.789038402288334,1637.9586776859503,7367.966942148761,1752.495867768595,10089.330578512398
491391,26527.44761904762,7563.2,221.01348597600938,143.6587658844061,4664.8,15105.219047619048,4331.238095238095,4270.92380952381
491410,26367.683229813665,7563.0496894409935,84.22999689412704,54.74949798118258,1984.55900621118,9239.11801242236,2056.11801242236,22249.88198757764
491411,26561.1511627907,7565.244186046512,248.83077318018115,161.74000256711776,5830.360465116279,17502.232558139534,4545.930232558139,2518.4302325581393
491422,26445.67307692308,7565.608974358975,149.71908858954393,97.31740758320356,2304.1602564102564,13840.096153846154,2537.948717948718,19336.48717948718
491431,26309.30769230769,7565.118881118881,33.1554887684261,21.551067699476967,1560.2237762237762,7932.972027972028,1774.958041958042,9689.475524475523
491447,26434.191176470587,7567.691176470588,138.8089712686364,90.22583132461367,1919.3725490196075,12960.666666666666,2304.4803921568628,28713.485294117647
491448,26480.148514851484,7565.277227722772,179.42338034838366,116.62519722644939,1899.3861386138617,13225.59405940594,2331.772277227723,18288.0099009901
491456,26272.5291005291,7567.4338624338625,0.45504640853628314,0.29578016554858405,2313.899470899471,13162.089947089948,2481.6031746031745,30411.51851851852
491464,26319.450819672133,7567.836065573771,40.442705222715986,26.28775839476539,1398.4098360655737,6814.565573770492,1594.549180327869,5402.360655737705
491473,26500.51595744681,7571.414893617021,193.70452449333,125.90794092066452,2786.436170212766,16272.88829787234,3221.18085106383,9972.02659574468
491492,26554.436363636363,7570.454545454545,240.39051265125937,156.2538332233186,4308.545454545455,16850.836363636365,3380.0,2600.9454545454546
491518,26516.016806722688,7572.226890756303,206.5643003105495,134.26679520185718,3272.126050420168,12622.134453781511,3158.075630252101,3434.4873949579833
491525,26538.258992805757,7574.273381294964,224.5621075065006,145.9653698792254,3233.748201438849,16378.978417266188,3510.611510791367,5870.661870503597
491537,26450.592105263157,7577.973684210527,147.5538650286615,95.91001226862998,2363.9276315789475,14816.506578947368,2814.875,16992.38157894737
491546,26459.479166666668,7580.430555555556,153.8993795211233,100.03459668873015,2768.75,15782.256944444443,2885.9791666666665,12213.368055555557
491547,26486.67272727273,7577.768181818182,178.568095757553,116.06926224240947,1982.9545454545455,11440.50909090909,2405.8,11748.0
491548,26549.58585858586,7575.959595959596,233.39525248842932,151.70691411747907,3119.070707070707,15701.60606060606,3377.818181818182,12020.474747474747
491561,26466.304347826088,7575.652173913043,162.21133647131316,105.43736870635355,2543.246376811594,14803.072463768116,2394.2028985507245,11664.202898550724
491569,26429.932773109245,7578.386554621848,129.64319016379756,84.26807360646842,2030.7226890756303,8126.075630252101,2069.327731092437,15298.806722689076
491570,26511.06015037594,7580.849624060151,197.8696634156066,128.61528122014428,2691.6165413533836,13217.48120300752,3362.90977443609,10341.421052631578
491582,26255.47120418848,7579.335078534032,0.0,0.0,2370.303664921466,15937.104712041884,2464.774869109948,19984.03664921466
491583,26321.14754098361,7582.03825136612,34.56914333667986,22.46994316884191,1716.114754098361,8664.03825136612,1949.229508196721,16171.677595628416
491608,26333.85380116959,7580.087719298245,46.460169916516556,30.199110445735762,2010.4619883040937,12718.912280701754,2263.7660818713452,29061.976608187135
491609,26443.345945945945,7585.0918918918915,137.67414103043228,89.48819166978099,1939.7837837837835,13609.108108108108,2327.9189189189187,23540.45945945946
491610,26528.084745762713,7581.915254237288,211.90389381906132,137.73753098238987,3255.4830508474574,14909.915254237289,3179.186440677966,3346.813559322034
491622,26470.929824561405,7587.380116959064,160.123158208947,104.08005283581555,2838.4912280701756,15885.397660818711,2693.3274853801167,12108.21052631579
491629,26520.35714285714,7584.306122448979,204.05062512595745,132.63290633187236,2891.061224489796,12746.816326530612,3659.204081632653,6962.3877551020405
491632,26477.77027027027,7583.851351351352,167.80350232328132,109.07227651013287,2807.189189189189,14433.716216216217,2779.9054054054054,12366.905405405403
491633,26498.166666666668,7586.208333333333,184.05994125434458,119.63896181532398,2635.3809523809523,15713.083333333334,2851.6428571428573,14526.327380952382
491668,26388.297142857144,7587.222857142857,89.41758686043424,58.121431459282256,2136.451428571429,11562.274285714286,2220.457142857143,25984.634285714284
491669,26406.115789473683,7586.9473684210525,104.82393196690482,68.13555577848814,7133.315789473684,11868.242105263158,3340.1157894736843,10883.305263157894
491692,26273.337837837837,7590.810810810811,0.0,0.0,2336.7162162162163,13594.783783783783,2553.2027027027025,19562.68918918919
491693,26485.102040816328,7590.897959183673,170.4487980523713,110.79171873404135,2552.969387755102,16989.163265306124,2546.0102040816328,22382.030612244896
491697,26261.98051948052,7591.74025974026,0.0,0.0,2461.2077922077924,14778.694805194806,2454.8506493506493,27139.88961038961
491698,26507.79411764706,7592.544117647059,189.0385362036444,122.87504853236887,2681.0220588235293,13556.389705882351,3090.720588235294,12288.301470588236
491720,26249.09604519774,7593.084745762712,0.0,0.0,2684.237288135593,18026.011299435027,2392.4180790960454,14549.988700564973
491729,26393.66037735849,7595.952830188679,89.50808555127254,58.18025560832716,2156.066037735849,12030.933962264153,2320.820754716982,26975.283018867925
491754,26285.415094339623,7597.0330188679245,0.0,0.0,2657.75,14767.514150943396,2627.990566037736,11319.0
491764,26482.315384615384,7598.538461538462,164.1198189874217,106.6778823418241,2926.3076923076924,17613.153846153848,2783.246153846154,13606.4
491765,26501.26724137931,7601.728448275862,178.70904796320497,116.16088117608324,3048.689655172414,12006.30603448276,2705.5775862068967,14176.836206896553
491805,26240.858974358973,7601.615384615385,0.0,0.0,3081.423076923077,17330.173076923078,2805.7948717948716,12738.564102564103
491806,26325.98780487805,7603.621951219512,27.58027988187802,17.927181923220715,2089.942073170732,14299.926829268292,2303.128048780488,23474.298780487807
491807,26374.44811320755,7603.745283018868,69.02983270240374,44.86939125656243,1842.0,8376.311320754718,2072.801886792453,7895.023584905661
491825,26309.99342105263,7603.013157894737,14.192886347704864,9.225376126008161,2297.592105263158,17134.480263157893,2426.5263157894738,18387.894736842107
491826,26402.95625,7604.075,93.2810225509759,60.63266465813434,1993.79375,12211.19375,2182.95625,15853.4875
491846,26483.865384615383,7608.371794871795,160.3745029347545,104.24342690759043,2253.4679487179487,10753.173076923076,2472.730769230769,14667.064102564103
491860,26257.25842696629,7605.921348314607,0.0,0.0,2486.85393258427,16205.134831460677,2458.85393258427,15669.393258426966
491861,26264.945054945056,7606.56043956044,0.0,0.0,2628.604395604395,18367.285714285714,2493.725274725274,16513.01098901099
491862,26293.108108108107,7606.060810810811,0.0,0.0,2804.3716216216217,14601.851351351352,2600.5405405405404,8830.918918918918
491863,26428.782608695652,7605.81884057971,114.50532597037781,74.42846188074557,1555.6884057971015,10002.54347826087,1915.7753623188405,19289.891304347828
491864,26467.987654320987,7607.283950617284,147.3341868726646,95.76722146723199,25700.166666666668,9404.111111111111,2404.1913580246915,11878.135802469136
491874,26249.486486486487,7607.7027027027025,0.0,0.0,3056.162162162162,18472.85135135135,2949.0945945945946,18998.783783783783
491875,26301.842857142856,7608.428571428572,4.416898656415747,2.870984126670236,2542.4285714285716,13210.5,2594.3142857142857,9934.828571428572
491932,26308.41379310345,7614.25,7.042512745214975,4.5776332843897345,2361.7586206896553,16587.025862068964,2464.0344827586205,16657.181034482757
491987,26385.02525252525,7618.656565656565,70.39778820615594,45.75856233400136,2038.4292929292928,9097.222222222224,2067.7272727272725,8711.727272727272
492009,26349.38823529412,7620.123529411765,39.11276815328398,25.42329929963459,2054.4882352941177,16984.2,2184.7176470588233,34558.635294117645
492020,26293.652892561982,7621.214876033057,0.0,0.0,2368.710743801653,16139.252066115703,2397.6363636363635,16341.380165289256
492037,26253.809523809523,7623.107142857143,0.0,0.0,2490.753968253968,18105.150793650795,2620.2023809523807,17178.305555555555
492038,26400.3203125,7626.73046875,79.33478793871733,51.56761216016626,1696.25,6677.16796875,2026.5859375,3860.765625
492084,26275.936305732484,7625.929936305733,0.0,0.0,2285.0891719745223,15227.43949044586,2458.312101910828,14788.738853503184
492097,26265.84375,7626.9375,0.0,0.0,2058.71875,14100.90625,2514.46875,19476.59375
492160,26287.76649746193,7633.868020304569,0.0,0.0,2212.3807106598983,15776.335025380711,2302.97461928934,23391.40609137056
492190,26412.03968253968,7635.523809523809,84.83753322170637,55.14439659410914,1847.0396825396824,8054.81746031746,2031.5555555555557,5704.960317460317
492201,26316.811764705883,7636.958823529411,2.520872191769738,1.6385669246503298,1866.6941176470589,13864.829411764706,2161.5,32193.623529411765
492223,26302.41007194245,7639.201438848921,0.0,0.0,2326.6762589928057,17858.93525179856,2407.1294964028775,35237.09352517986
492224,26421.330935251797,7639.582733812949,90.70278059981652,58.95680738988074,2077.7697841726617,12340.028776978415,2187.7697841726617,10712.40287769784
492234,26251.54225352113,7640.443661971831,0.0,0.0,2067.8098591549297,13968.387323943662,2418.281690140845,29620.859154929574
492287,26428.91304347826,7646.465838509317,93.6468791979876,60.87047147869194,2055.55900621118,12413.347826086956,2245.1552795031057,13801.714285714286
492295,26289.244444444445,7647.937777777778,0.0,0.0,2864.337777777778,14749.306666666667,2809.0666666666666,26593.062222222223
492332,26377.487288135595,7651.771186440678,46.856288297455194,30.456587393345878,1823.165254237288,9530.411016949152,2018.6822033898304,15692.063559322034
492353,26247.681159420288,7652.891304347826,0.0,0.0,2316.876811594203,14386.630434782608,2750.695652173913,23261.072463768116
492360,26333.21978021978,7653.763736263736,7.906864368572539,5.13946183957215,2375.736263736264,15577.587912087913,2558.543956043956,30098.824175824175
492368,26305.752136752137,7652.324786324786,0.0,0.0,3452.2820512820513,23205.641025641027,2548.264957264957,34019.23931623931
492376,26356.171779141103,7653.067484662577,27.927735149376083,18.153027847094453,2288.9263803680983,10780.858895705522,2435.9079754601225,21728.196319018403
492388,26345.75974025974,7657.279220779221,16.83545981773749,10.94304888152937,2079.8311688311687,13937.818181818182,2423.006493506494,22886.876623376626
492399,26395.04676258993,7657.935251798561,58.71838662370559,38.16695130540864,2323.456834532374,12069.8309352518,2260.5107913669067,18291.06834532374
492416,26296.504587155963,7657.926605504587,0.0,0.0,4595.587155963302,27152.715596330276,4199.880733944954,32137.532110091743
492463,26260.96907216495,7660.896907216495,0.0,0.0,2360.494845360825,15710.98969072165,2770.463917525773,32152.29896907217
492464,26268.617283950614,7662.135802469136,0.0,0.0,2456.0,19662.086419753086,2799.3333333333335,29920.53086419753
492481,26247.492753623188,7664.463768115942,0.0,0.0,3080.927536231884,16960.347826086956,3039.4347826086955,21197.971014492752
492482,26334.690476190477,7667.8015873015875,1.9244613737610088,1.2508998929446558,2218.4761904761904,15469.746031746032,2370.873015873016,37270.793650793654
492492,26323.82962962963,7664.940740740741,0.0,0.0,2222.4222222222224,15277.481481481482,2472.177777777778,42606.83703703704
492515,26373.55238095238,7667.009523809524,35.62387092492824,23.155516101203357,1374.190476190476,8658.666666666666,1717.5523809523809,7590.409523809524
492516,26388.36075949367,7666.803797468355,48.41550005072622,31.470075032972048,1628.4430379746836,9395.67088607595,2043.607594936709,9773.60759493671
492524,26253.533333333333,7668.506666666667,0.0,0.0,2550.213333333333,18803.746666666662,2843.2533333333336,41295.89333333333
492536,26274.320261437908,7670.300653594772,0.0,0.0,2494.8954248366013,18721.53594771242,2803.967320261438,37581.03921568627
492550,26261.754385964912,7669.982456140351,0.0,0.0,2496.6491228070176,19061.245614035088,2864.438596491228,49280.63157894737
492638,26252.880733944956,7678.532110091744,0.0,0.0,1816.1467889908256,16396.045871559632,3054.238532110092,26629.532110091743
492649,26287.909836065573,7679.090163934427,0.0,0.0,1945.2622950819673,16104.188524590165,3219.844262295082,31132.29508196721
492694,26260.55033557047,7686.174496644296,0.0,0.0,1002.6510067114094,6910.744966442953,1661.2818791946308,3540.953020134228
492695,26275.35245901639,7684.7213114754095,0.0,0.0,1176.4180327868853,6415.94262295082,1584.516393442623,5151.172131147541
492696,26298.357575757575,7686.769696969697,0.0,0.0,1072.6181818181817,7424.163636363636,2295.3212121212123,13741.466666666667
492740,26314.31818181818,7690.340909090909,0.0,0.0,953.4242424242424,6517.234848484848,1495.0075757575758,9349.113636363636
492751,26287.26388888889,7690.923611111111,0.0,0.0,959.4236111111112,6420.451388888889,1605.6666666666667,4126.180555555556
492843,26299.70588235294,7698.264705882353,0.0,0.0,927.2058823529412,6005.176470588235,1467.720588235294,2344.294117647059
492855,26307.18888888889,7699.544444444445,0.0,0.0,930.6777777777778,6091.511111111111,1485.522222222222,4245.5888888888885
492883,26322.182481751825,7704.496350364963,0.0,0.0,905.1532846715328,5873.518248175183,1747.7737226277372,25611.087591240877
492891,26294.5,7705.537974683544,0.0,0.0,1053.867088607595,7293.4177215189875,1548.0379746835442,6130.664556962025
492907,26283.10576923077,7703.211538461538,0.0,0.0,951.3557692307692,6175.788461538462,1478.9903846153843,3451.3076923076924
492929,26314.96511627907,7706.069767441861,0.0,0.0,924.4418604651164,5931.5,1950.953488372093,25754.697674418603
492952,26307.159420289856,7708.304347826087,0.0,0.0,1356.695652173913,9086.057971014492,1632.855072463768,12916.231884057972
508598,27338.375796178345,6926.08280254777,1236.9062454337434,803.9890595319332,3091.7197452229298,18006.063694267516,3210.3694267515925,9828.707006369426
508614,27371.707006369423,6924.337579617834,1236.9062454337434,803.9890595319332,2036.1146496815288,21024.101910828027,2747.184713375796,10365.127388535033
508675,27350.756302521007,6928.361344537815,1236.9062454337434,803.9890595319332,2470.176470588235,18871.117647058825,2806.2436974789916,12393.747899159664
508676,27411.957345971565,6931.995260663507,1236.9062454337434,803.9890595319332,1733.142180094787,22838.763033175357,3411.649289099526,8462.601895734597
508687,27365.613636363636,6931.465909090909,1236.9062454337434,803.9890595319332,2510.1477272727275,22066.43181818182,3124.1704545454545,11245.53409090909
508698,27324.014925373136,6933.141791044776,1228.4404207212413,798.4862734688069,3211.7388059701493,27798.67910447761,3299.1492537313434,13585.731343283582
508717,27345.505494505494,6935.2307692307695,1236.9062454337434,803.9890595319332,2729.868131868132,17822.296703296703,3181.021978021978,8655.604395604396
508718,27357.728813559323,6936.830508474576,1236.9062454337434,803.9890595319332,3314.737288135593,25116.127118644068,3496.0169491525426,8942.050847457627
508765,27374.353658536584,6936.170731707317,1236.9062454337434,803.9890595319332,2430.6585365853657,21885.585365853654,3083.0853658536585,8480.378048780487
508793,27327.44776119403,6941.089552238806,1227.2808077411876,797.732525031772,2826.313432835821,24369.89552238806,3141.7462686567164,8842.313432835821
508804,27343.1875,6944.7421875,1236.9062454337434,803.9890595319332,2719.6171875,17335.15625,3064.359375,7162.59375
508805,27375.70175438597,6944.3859649122805,1236.9062454337434,803.9890595319332,2847.4736842105262,22969.54385964912,2969.3070175438597,10207.780701754386
508856,27316.203703703704,6945.37037037037,1215.4401494584752,790.0360971480089,3032.009259259259,20162.564814814818,2842.759259259259,8610.962962962964
508857,27333.5875,6945.275,1230.3810582942208,799.7476878912436,2924.1875,17584.2875,3055.05,4945.0625
508883,27323.66393442623,6951.163934426229,1218.8419472002427,792.2472656801577,2851.9754098360654,19193.254098360656,3077.1967213114754,6134.352459016393
508884,27408.659574468085,6949.978723404255,1236.9062454337434,803.9890595319332,2593.659574468085,20898.11170212766,2849.196808510638,10216.88829787234
508897,27305.84827586207,6950.055172413793,1204.1523102470958,782.6990016606123,6108.820689655173,17620.606896551722,2798.806896551724,8939.4
508917,27427.153333333332,6951.346666666666,1236.9062454337434,803.9890595319332,2486.0066666666667,22634.7,2729.0666666666666,7729.893333333333
508926,27332.08080808081,6955.616161616162,1223.755255129849,795.440915834402,2934.131313131313,16490.80808080808,2824.4444444444443,8539.161616161617
508945,27357.873333333333,6954.8133333333335,1236.9062454337434,803.9890595319332,2692.4,24871.12,3187.806666666667,8896.193333333333
508956,27341.345454545455,6956.054545454545,1231.4655825966126,800.4526286877982,3119.5636363636363,20367.054545454543,3184.4545454545455,7448.272727272727
508986,27412.892617449663,6960.060402684564,1236.9062454337434,803.9890595319332,2786.1275167785234,22778.07382550336,3006.44966442953,9654.382550335573
508993,27336.20634920635,6961.063492063492,1224.479039874956,795.9113759187214,3242.84126984127,17089.0,2934.253968253968,7476.603174603175
509007,27320.70786516854,6960.988764044944,1211.2409258896103,787.3066018282467,5354.808988764045,19837.011235955055,3168.3595505617977,8997.494382022473
509008,27400.8064516129,6959.435483870968,1236.9062454337434,803.9890595319332,2827.2741935483873,22028.870967741936,2972.2741935483873,5490.419354838709
509021,27348.8,6960.0875,1235.7708257176682,803.2510367164844,2355.325,22116.0125,3177.1375,13286.3875
509029,27390.6,6966.27619047619,1236.9062454337434,803.9890595319332,2187.785714285714,24240.17142857143,2947.804761904762,9680.590476190477
509049,27425.056910569107,6968.337398373984,1236.9062454337434,803.9890595319332,2124.5650406504064,22405.19512195122,2725.1382113821137,11438.886178861789
509059,27309.573033707864,6965.808988764045,1199.2155501925558,779.4901076251613,6211.185393258427,18930.47191011236,3100.308988764045,13482.955056179777
509060,27354.345238095237,6966.916666666667,1236.9062454337434,803.9890595319332,2865.714285714286,21196.571428571428,2996.785714285714,7082.011904761905
509071,27330.03846153846,6966.74358974359,1216.2649446509572,790.5722140231222,2968.5384615384614,20578.21794871795,2871.1794871794873,9896.0
509072,27400.802083333332,6968.770833333333,1236.9062454337434,803.9890595319332,2530.2395833333335,22813.947916666668,3037.9166666666665,7272.020833333333
509092,27410.85483870968,6968.580645161291,1236.9062454337434,803.9890595319332,2726.516129032258,23097.0,2843.0967741935483,8704.112903225807
509101,27264.632768361585,6971.553672316384,1157.7540509629966,752.5401331259478,2786.830508474576,17627.265536723164,2776.141242937853,9296.42372881356
509123,27340.457627118645,6972.669491525424,1222.1332187182613,794.38659216687,2987.1186440677966,19945.627118644068,3167.4406779661017,8188.372881355932
509132,27435.729166666668,6970.729166666667,1236.9062454337434,803.9890595319332,3063.8229166666665,27628.854166666668,3113.4479166666665,7659.666666666667
509143,27371.733606557376,6975.274590163935,1236.9062454337434,803.9890595319332,2270.9877049180327,21843.64344262295,3039.897540983606,12556.684426229507
509144,27405.166666666668,6977.744047619048,1236.9062454337434,803.9890595319332,2357.5773809523807,18794.785714285714,2947.565476190476,7994.583333333333
509172,27277.567251461987,6977.228070175439,1165.9068073481621,757.8394247763055,2481.2105263157896,18867.280701754386,2837.5263157894738,11421.140350877193
509173,27318.80519480519,6974.168831168831,1202.811291538031,781.8273394997201,2046.4675324675325,20774.38961038961,2553.155844155844,11406.753246753247
509174,27333.23076923077,6976.7692307692305,1213.827286470044,788.9877362055287,2933.480769230769,20128.48076923077,3435.3365384615386,7528.9807692307695
509190,27305.486486486487,6977.954954954955,1189.4486159139124,773.141600344043,2154.09009009009,21725.23423423423,2837.4684684684685,15134.009009009009
509191,27428.83870967742,6977.419354838709,1236.9062454337434,803.9890595319332,2181.6612903225805,23324.06451612903,2917.6774193548385,11922.645161290322
509207,27325.53846153846,6978.527472527472,1206.3306313317328,784.1149103656263,2299.5934065934066,17932.802197802197,2895.4065934065934,9245.846153846154
509215,27359.006493506495,6981.707792207792,1233.3600266105536,801.6840172968599,3060.396103896104,23217.01948051948,3165.487012987013,6875.811688311688
509216,27435.96153846154,6979.679487179487,1236.9062454337434,803.9890595319332,2652.2820512820513,20553.30769230769,2842.6666666666665,8602.75641025641
509230,27259.87012987013,6982.383116883117,1148.087154223131,746.2566502450352,2743.6363636363635,18209.246753246753,2797.396103896104,8319.62987012987
509231,27443.98076923077,6980.4807692307695,1236.9062454337434,803.9890595319332,2177.9423076923076,14150.134615384615,3017.3653846153848,4224.134615384615
509242,27348.286585365855,6983.3963414634145,1223.3057539714468,795.1487400814405,3015.3475609756097,19876.30487804878,3080.0,7613.280487804878
509280,27395.81506849315,6987.301369863014,1236.9062454337434,803.9890595319332,2685.0205479452056,23168.897260273978,3184.0479452054797,8592.554794520547
509281,27437.154545454545,6988.290909090909,1236.9062454337434,803.9890595319332,2568.909090909091,19707.627272727274,3024.2272727272725,7010.390909090909
509300,27237.596858638743,6987.8167539267015,1126.2036473542184,732.032370780242,2193.5078534031413,14648.61780104712,2526.994764397906,8313.429319371728
509301,27425.57352941177,6985.661764705882,1236.9062454337434,803.9890595319332,2281.0882352941176,19821.07352941177,2779.323529411765,8585.0
509322,27303.58389261745,6992.476510067114,1180.3269603491565,767.2125242269517,3279.026845637584,25961.40268456376,3288.778523489933,15964.48322147651
509323,27334.924170616112,6991.014218009479,1207.9287989081638,785.1537192903065,3025.729857819905,21733.47393364929,3062.0189573459716,10561.194312796208
509324,27413.8487394958,6988.806722689075,1236.9062454337434,803.9890595319332,2820.924369747899,21140.82352941177,2989.201680672269,8677.70588235294
509343,27280.197740112995,6992.045197740113,1160.515896199107,754.3353325294195,3208.9265536723165,18504.81920903955,3084.8870056497176,8339.93220338983
509344,27427.52808988764,6993.426966292135,1236.9062454337434,803.9890595319332,2227.752808988764,20017.426966292136,2809.696629213483,7429.494382022472
509353,27374.291666666668,6992.875,1236.9062454337434,803.9890595319332,2010.8333333333333,25572.916666666668,2836.5666666666666,11158.1
509362,27224.526315789473,6994.3026315789475,1111.6607315670128,722.5794755185584,2660.6973684210525,19415.644736842107,2856.8815789473683,11091.236842105263
509363,27261.908424908423,6998.355311355312,1141.593034310772,742.0354723020018,8527.161172161172,16404.021978021978,2875.3846153846152,7499.608058608059
509364,27402.035928143712,6995.604790419162,1236.9062454337434,803.9890595319332,2397.5449101796407,22947.59281437126,3013.4131736526947,8621.023952095808
509365,27444.29807692308,6994.625,1236.9062454337434,803.9890595319332,4026.0096153846152,27788.221153846152,3700.826923076923,4995.634615384615
509374,27313.304347826088,6996.807453416149,1186.419543727863,771.1727034231109,2800.086956521739,19133.93788819876,3012.509316770186,11054.26708074534
509375,27387.94262295082,6996.188524590164,1236.9062454337434,803.9890595319332,2249.0491803278687,23512.77868852459,2856.8688524590166,11482.77868852459
509376,27415.865853658535,6998.579268292683,1236.9062454337434,803.9890595319332,2616.6768292682927,20832.865853658535,3096.3658536585367,8082.469512195122
509388,27248.34328358209,6995.126865671642,1131.6381384187102,735.5647899721616,2531.6417910447763,19780.02985074627,2857.3432835820895,11927.79104477612
509419,27326.45112781955,7000.481203007519,1195.786316708,777.2611058602,3775.1503759398497,26594.195488721805,3378.3984962406016,7814.864661654136
509420,27342.968421052632,6998.926315789474,1210.737920795586,786.979648517131,2871.5684210526315,21310.863157894735,2892.0,10929.231578947369
509430,27436.443661971833,7002.105633802817,1236.9062454337434,803.9890595319332,2587.5140845070423,23259.077464788737,3014.1971830985917,9029.077464788732
509455,27293.22891566265,7000.313253012048,1167.41339032353,758.8187037102945,2400.614457831325,20443.734939759037,2871.3012048192772,13617.096385542169
509466,27380.377192982454,7003.631578947368,1236.9062454337434,803.9890595319332,2076.377192982456,21990.09649122807,2859.6929824561403,16266.09649122807
509473,27283.36274509804,7004.421568627451,1156.842084876084,751.9473551694547,4749.862745098039,17974.78431372549,2887.450980392157,11165.656862745098
509493,27308.462585034013,7008.39455782313,1176.2939816108972,764.5910880470832,2488.170068027211,16827.918367346938,2991.7891156462583,10034.557823129251
509494,27351.885714285716,7004.414285714286,1215.5455598408703,790.1046138965658,2990.1714285714284,22418.9,3097.0285714285715,8556.5
509504,27246.662162162163,7005.2027027027025,1124.9997949964888,731.2498667477178,2370.824324324324,21162.094594594593,2859.5405405405404,12416.81081081081
509505,27409.702290076337,7009.0687022900765,1236.9062454337434,803.9890595319332,2573.1221374045804,22359.3893129771,3077.083969465649,6215.557251908397
509520,27294.06201550388,7009.705426356589,1163.2815455551051,756.1330046108184,3004.0387596899227,15790.37984496124,3246.4496124031007,7117.860465116279
509521,27321.055118110235,7009.795275590551,1186.3586421785292,771.133117416044,2835.488188976378,17903.03937007874,2889.0787401574803,9562.818897637797
509535,27275.184210526317,7009.666666666667,1147.1300037401409,745.6345024310916,5637.008771929824,15665.745614035088,2677.4561403508774,6944.80701754386
509544,27200.9776119403,7011.686567164179,1082.5193587415652,703.6375831820174,2586.1716417910447,21088.649253731342,3186.865671641791,11532.283582089553
509545,27257.158415841583,7010.0,1131.5163641044967,735.4856366679229,2398.5247524752476,18690.287128712873,2786.287128712871,10019.871287128712
509555,27347.07,7011.21,1207.914236904086,785.1442539876559,2725.6,19825.86,3120.85,9342.46
509565,27247.6,7012.973913043478,1121.7939439218899,729.1660635492284,2241.3217391304347,16295.426086956522,2638.608695652174,10849.582608695651
509566,27356.19834710744,7015.0,1213.778673010955,788.9561374571207,3235.3388429752067,24784.909090909092,3216.619834710744,6528.561983471074
509578,27192.53947368421,7012.5526315789475,1074.8440761140196,698.6486494741127,2792.5394736842104,22475.105263157893,3390.2105263157896,7397.631578947368
509579,27400.011834319528,7016.0236686390535,1236.9062454337434,803.9890595319332,2372.8757396449705,21098.89349112426,2913.1775147928993,8847.89349112426
509606,27211.010101010103,7014.515151515152,1089.6543253888192,708.2753115027325,3238.989898989899,23661.52525252525,3271.4444444444443,13687.636363636364
509607,27339.64285714286,7014.940476190476,1199.6272383633388,779.7577049361703,2503.214285714286,18466.86904761905,2839.154761904762,9855.190476190475
509608,27438.93442622951,7014.5327868852455,1236.9062454337434,803.9890595319332,2527.8688524590166,22395.95901639344,2823.0081967213114,6860.516393442623
509619,27328.825870646768,7019.860696517413,1187.8225536008472,772.0846598405507,2994.1592039800994,15766.572139303482,3281.0348258706467,5730.73631840796
509628,27420.414414414416,7019.531531531532,1236.9062454337434,803.9890595319332,2707.864864864865,23537.81081081081,3529.036036036036,8651.468468468469
509637,27218.714285714286,7019.011904761905,1093.9341419350112,711.0571922577573,4022.8333333333335,26036.27380952381,3295.404761904762,12048.02380952381
509638,27282.61931818182,7019.863636363636,1148.238520051516,746.3550380334854,2651.005681818182,15502.27840909091,2780.846590909091,8871.886363636364
509639,27430.08947368421,7022.457894736842,1236.9062454337434,803.9890595319332,2583.684210526316,18322.963157894737,2897.842105263158,5180.521052631579
509648,27292.01,7022.43,1154.958969274216,750.7233300282405,2915.34,19011.34,3073.7,10377.26
509659,27346.316326530618,7022.459183673469,1201.4650442382967,780.9522787548929,2637.377551020408,22519.571428571428,2767.5714285714284,9758.27551020408
509678,27197.51818181818,7024.472727272727,1072.9593576090244,697.4235824458659,2400.509090909091,19476.727272727272,2975.172727272727,11259.027272727271
509679,27407.89256198347,7024.570247933884,1236.9062454337434,803.9890595319332,2598.595041322314,26431.413223140495,3184.115702479339,15267.95041322314
509690,27187.252747252747,7023.681318681319,1064.573840997784,691.9729966485596,3166.956043956044,21652.76923076923,3139.802197802198,12887.725274725277
509691,27319.35245901639,7026.040983606557,1176.5187520220434,764.7371888143282,3123.5409836065573,17589.385245901638,3204.7131147540986,7042.7786885245905
509692,27382.481751824816,7024.963503649635,1231.1538973035476,800.250033247306,2270.0,25207.518248175184,2837.5839416058393,7465.14598540146
509703,27210.425925925927,7026.753086419753,1082.840225910727,703.8461468419725,2598.5,21484.222222222223,3124.9135802469136,13116.172839506173
509704,27225.81347150259,7027.041450777202,1095.8730881751915,712.3175073138744,5124.352331606217,20940.290155440416,3160.518134715026,9938.20207253886
509714,27414.85135135135,7026.783783783784,1236.9062454337434,803.9890595319332,2733.4864864864867,23799.37837837838,3303.3513513513512,11128.445945945949
509725,27167.859649122805,7028.666666666667,1045.3888907750809,679.5027790038026,3222.643274853802,16640.941520467837,2855.1812865497077,13749.22807017544
509726,27299.575757575756,7025.621212121212,1159.7937446027165,753.8659339917658,2240.8030303030305,17221.71212121212,2913.818181818182,10527.772727272728
509727,27358.95890410959,7028.095890410959,1209.387187037346,786.1016715742749,2488.876712328767,24249.80821917808,3132.7123287671234,11835.342465753423
509748,27182.02962962963,7030.548148148148,1056.556829853357,686.761939404682,3510.5555555555557,20087.548148148147,3097.9037037037037,11786.570370370371
509749,27274.06779661017,7030.5,1135.4255157142438,738.0265852142585,2344.1271186440677,16084.71186440678,2769.1101694915255,8807.881355932202
509760,27309.640625,7032.9375,1164.6411979039835,757.0167786375894,2979.7552083333335,18199.3125,2982.4895833333335,10737.161458333334
509772,27238.99411764706,7031.65294117647,1104.7850827224802,718.1103037696122,4307.411764705882,19318.03529411765,3002.170588235294,9070.741176470588
509773,27331.56043956044,7032.054945054945,1183.8739709542215,769.518081120244,2438.153846153846,22309.802197802197,2863.043956043956,11671.318681318682
509791,27197.916666666668,7033.416666666667,1068.6864512447053,694.6461933090585,3004.875,18721.802083333332,3058.4895833333335,8651.083333333334
509792,27282.32824427481,7035.030534351145,1140.1644229957842,741.1068749472597,2728.5496183206105,18980.778625954197,2876.4885496183206,11656.541984732825
509793,27297.89010989011,7033.846153846154,1154.1064187337754,750.169172176954,2391.4285714285716,17307.747252747253,3016.6263736263736,19379.56043956044
509811,27385.479452054795,7036.458904109589,1227.7912667823712,798.0643234085413,2530.0479452054797,22839.883561643837,2909.4520547945203,7388.013698630137
509812,27421.487603305784,7036.702479338843,1236.9062454337434,803.9890595319332,2130.2644628099174,19311.421487603307,3207.9586776859505,10973.90082644628
509839,27177.537735849055,7038.292452830188,1048.713518424984,681.6637869762396,4369.896226415094,18535.009433962263,3299.509433962264,7312.83962264151
509850,27163.10569105691,7038.577235772358,1036.2034868759058,673.5322664693388,4345.878048780488,18981.9918699187,3219.3252032520327,5387.821138211382
509862,27288.41176470588,7040.254901960784,1142.680525588857,742.7423416327572,2551.421568627451,19277.5,2998.029411764706,12421.176470588236
509863,27327.024390243903,7039.256097560976,1176.2730515047112,764.5774834780624,2859.731707317073,18981.414634146346,2795.2926829268295,11012.475609756097
509892,27193.542553191488,7041.340425531915,1060.8514533191953,689.553444657477,2867.936170212766,21937.14893617021,3021.553191489362,9774.6914893617
509909,27201.82894736842,7043.289473684211,1066.9444014137284,693.5138609189235,2811.5,25056.644736842107,3213.315789473684,5057.578947368421
509910,27210.44094488189,7043.850393700787,1074.032424155674,698.1210757011881,2954.236220472441,21476.59842519685,3017.0236220472443,6869.992125984252
509916,27184.70053475936,7048.449197860962,1049.6095156705996,682.2461851858898,3877.07486631016,20118.29411764706,3228.5080213903743,7594.598930481284
509917,27275.245614035088,7045.9473684210525,1128.4650366114595,733.5022737974487,3016.4210526315787,21640.526315789473,3041.9824561403507,23138.157894736843
509925,27158.55625,7046.3875,1028.2768488065497,668.3799517242574,4166.7,21441.9,3377.05625,6437.05
509933,27328.833333333332,7046.888888888889,1173.8848383112938,763.025144902341,3224.3263888888887,20907.63888888889,2937.340277777778,12118.291666666666
509952,27300.793103448275,7049.572413793104,1148.4799167229362,746.5119458699086,2648.1103448275862,19064.15172413793,2777.7793103448275,12145.710344827588
509953,27390.518987341773,7047.955696202532,1226.1770418861015,797.015077225966,2256.974683544304,17992.272151898735,3377.740506329114,5514.5
509965,27265.408163265307,7049.761904761905,1118.0698973674566,726.7454332888468,2902.074829931973,19178.312925170067,3215.714285714286,9471.278911564626
509966,27309.219047619048,7048.828571428571,1156.0816978252244,751.4531035863959,2655.352380952381,18293.41904761905,3181.9238095238097,8328.57142857143
509975,27370.18045112782,7050.12030075188,1207.6374378649607,784.9643346122244,2673.0150375939847,23937.834586466164,3163.8270676691727,11303.586466165414
509976,27419.90740740741,7049.157407407408,1236.9062454337434,803.9890595319332,1994.638888888889,18328.39814814815,2524.472222222222,8765.101851851852
509990,27217.41095890411,7052.506849315068,1075.5372875360479,699.0992368984312,3208.5753424657532,22832.37671232877,3184.7602739726026,11177.061643835616
510005,27175.392156862745,7052.823529411765,1039.3787991565293,675.5962194517441,20880.0,19157.50980392157,3205.4313725490197,13415.78431372549
510006,27316.228260869564,7053.25,1159.805032718498,753.8732712670238,3321.782608695652,24065.293478260868,3251.695652173913,11654.402173913044
510015,27355.659340659346,7052.197802197802,1194.1262278663494,776.1820481131272,1996.3956043956043,19903.92307692308,2700.8241758241757,11103.362637362638
510030,27285.60479041916,7055.976047904192,1132.16525831236,735.907417903034,2725.323353293413,20952.37125748503,2953.7784431137725,11126.353293413174
510046,27243.64423076923,7054.403846153846,1097.031155440079,713.0702510360513,3363.375,19847.33653846154,3358.346153846154,9261.884615384615
510053,27333.597826086956,7055.608695652174,1173.4676739966665,762.7539880978333,2817.0760869565215,19967.554347826088,2892.717391304348,7365.891304347826
510062,27152.91612903226,7058.4258064516125,1017.2345992594643,661.2024895186518,2634.767741935484,22688.16774193549,2976.116129032258,8964.832258064516
510063,27253.727272727272,7057.5,1104.071386148905,717.6464009967883,3325.651515151515,21132.734848484848,3434.1439393939395,10410.14393939394
510064,27380.792592592592,7058.622222222222,1212.3420296705258,788.0223192858418,2090.185185185185,25626.6,3127.614814814815,14597.703703703704
510073,27362.04424778761,7058.504424778761,1196.3421653463336,777.6224074751168,3756.0,30540.743362831858,3513.451327433628,10600.964601769912
510081,27192.521367521367,7058.452991452991,1051.1481221077129,683.2462793700134,3006.6239316239316,23306.08547008547,2999.2820512820513,7789.179487179487
510090,27229.514705882353,7057.955882352941,1083.0946675989424,704.0115339393126,3224.470588235294,19603.367647058825,3159.6911764705883,6122.691176470588
510091,27399.358288770058,7061.893048128342,1226.5587511911629,797.2631882742559,1746.3155080213903,14048.010695187166,4630.053475935829,3134.663101604278
510100,27118.50837988827,7060.687150837989,986.592794314168,641.2853163042092,3108.4525139664806,22830.312849162012,3179.4916201117317,5938.597765363129
510101,27320.949579831933,7061.193277310925,1159.751503001238,753.8384769508048,3326.6470588235293,21500.7731092437,3133.638655462185,8674.126050420167
510110,27237.533783783783,7063.439189189189,1087.1352625565348,706.6379206617477,3510.3310810810813,17682.72972972973,3160.054054054054,5326.608108108108
510111,27269.596153846152,7062.0,1115.343757187198,724.9734421716787,3029.278846153846,22965.29807692308,3334.894230769231,16494.21153846154
510117,27173.88268156425,7064.055865921788,1032.290845807368,670.9890497747892,4446.385474860335,23645.32402234637,3371.905027932961,5550.960893854749
510118,27224.609589041094,7065.465753424657,1075.0183181406924,698.7619067914501,2930.1438356164385,21577.246575342466,2920.5068493150684,11936.19178082192
510119,27333.4126984127,7064.936507936508,1168.4967763168245,759.522904605936,2873.4761904761904,23175.785714285714,2863.1111111111113,7331.253968253968
510147,27279.643564356436,7066.584158415842,1121.5857883925905,729.0307624551839,2874.910891089109,21944.029702970296,2877.5445544554455,10357.712871287127
510158,27207.305084745763,7067.279661016949,1059.2587241177634,688.5181706765462,3138.7881355932204,22398.805084745763,3214.254237288136,5921.14406779661
510171,27311.141732283464,7068.850393700787,1147.3992986099684,745.8095440964795,2332.8582677165355,19954.49606299213,2984.511811023622,10116.535433070869
510172,27364.065789473683,7070.2171052631575,1192.031218617726,774.8202921015219,2646.065789473684,26122.11842105263,3321.4539473684213,13014.605263157897
510185,27136.432926829268,7070.219512195122,997.0298926388632,648.0694302152611,3028.0243902439024,19335.40243902439,3133.1341463414633,5783.701219512195
510186,27190.40606060606,7071.890909090909,1042.4033065596298,677.5621492637594,3796.557575757576,21746.24848484849,3387.9939393939394,3609.842424242424
510198,27245.793103448275,7070.057471264367,1090.7961141245976,709.0174741809884,2725.9655172413795,21494.28735632184,3161.402298850575,11180.735632183909
510220,27169.059523809523,7074.351190476191,1022.8476633935611,664.8509812058147,2962.7916666666665,22165.410714285714,3042.375,8237.357142857143
510221,27322.056962025315,7074.784810126583,1153.6881297502184,749.897284337642,2448.981012658228,23657.481012658227,3131.6202531645567,11646.60759493671
510233,27147.613095238095,7076.2797619047615,1003.4807629983176,652.2624959489065,2808.714285714286,19844.10714285714,2958.625,8953.279761904761
510234,27262.03448275862,7074.337931034483,1102.5008460545505,716.6255499354578,2709.958620689655,21537.90344827586,4177.572413793104,9944.944827586209
510235,27303.927272727273,7074.118181818182,1138.5013794949782,740.0258966717358,2186.9636363636364,20342.3,2921.5454545454545,7086.281818181818
510250,27112.398550724636,7074.586956521739,974.1878069424621,633.2220745126003,22276.608695652172,21572.057971014492,4373.768115942029,4214.268115942029
510251,27198.65,7076.84,1046.9121347357325,680.4928875782261,3807.49,22424.5,3199.81,6976.55
510252,27205.640625,7076.09375,1053.285601929367,684.6356412540886,3879.640625,19997.5,3433.8125,3262.953125
510284,27088.430656934303,7078.525547445255,951.6239225059044,618.5555496288379,3484.978102189781,19671.73722627737,3408.1532846715327,7101.0
510285,27187.44,7082.744,1034.2632361989508,672.2711035293181,3859.648,22031.04,3176.752,4141.64
510286,27221.50625,7081.55,1064.0618449316803,691.6401992055922,3185.125,19218.075,3107.3125,6666.4
510287,27243.189743589744,7082.082051282051,1082.3623661370063,703.5355379890542,2870.3384615384616,19469.702564102565,3095.6666666666665,10784.57435897436
510288,27372.213114754097,7080.360655737705,1193.7774106257677,775.9553169067491,2227.7704918032787,22725.819672131147,2945.8688524590166,12441.598360655738
510300,27212.697297297294,7084.967567567567,1054.752561356684,685.5891648818447,3637.4540540540543,19873.135135135137,3387.4864864864867,5661.5675675675675
510312,27099.35668789809,7082.789808917198,958.7836556723472,623.2093761870257,37934.108280254775,16749.40127388535,3582.8216560509554,4435.636942675159
510313,27107.123076923075,7080.692307692308,966.5187993299849,628.2372195644901,23069.723076923077,16786.73846153846,3860.56923076923,2077.6923076923076
510314,27256.5935828877,7084.2513368983955,1092.7255147981077,710.27158461877,3549.6417112299464,25878.844919786097,3861.03743315508,7909.27807486631
510324,27179.47333333333,7083.8533333333335,1026.866331570345,667.4631155207243,3612.806666666667,20919.366666666665,3213.9866666666667,11451.393333333332
510325,27279.29197080292,7083.065693430657,1112.7816135403189,723.3080488012073,2268.007299270073,21414.321167883212,2699.5401459854015,8245.05109489051
510326,27363.52032520325,7082.731707317073,1185.1075452031896,770.3199043820732,2879.4634146341464,25214.43089430894,3192.650406504065,12800.455284552843
510343,27328.263513513513,7084.006756756757,1154.247236010108,750.2607034065703,2149.8445945945946,18173.391891891893,2728.6689189189187,9655.277027027028
510363,27113.36144578313,7086.915662650603,968.6521644163166,629.6239068706059,48954.74698795181,17692.168674698794,4609.301204819277,1962.6024096385545
510379,27204.483606557376,7088.336065573771,1045.97852020377,679.8860381324505,2870.2868852459014,23876.79508196721,3027.598360655738,10162.754098360656
510380,27308.288659793816,7085.40206185567,1136.4160671215247,738.6704436289912,1849.2164948453608,24499.154639175256,2836.453608247423,15161.432989690722
510389,27229.49418604651,7090.011627906977,1066.5392175405534,693.2504914013598,3221.860465116279,20320.02325581395,3132.389534883721,7467.261627906977
510400,27077.367231638415,7091.079096045198,935.6700191546826,608.1855124505437,4216.4915254237285,18212.169491525423,3413.6949152542375,2433.909604519774
510401,27090.396551724138,7090.189655172414,947.2903654159809,615.7387375203876,4595.9051724137935,18093.568965517243,4928.612068965517,7271.724137931034
510402,27141.060606060608,7087.886363636364,991.8796603446029,644.7217792239919,3272.6363636363635,21207.446969696968,3165.2727272727275,5351.439393939394
510412,27065.506172839505,7091.086419753086,925.5055485261801,601.578606542017,4107.518518518518,20109.51851851852,3909.296296296296,2172.9506172839506
510421,27105.889763779527,7094.062992125984,958.5642237837895,623.0667454594633,60968.83464566929,15858.3937007874,3529.1417322834645,1428.1102362204724
510452,27060.37313432836,7098.089552238806,917.4953829595813,596.3719989237279,4812.664179104478,19162.246268656716,4340.3432835820895,1599.3955223880596
510453,27120.337931034483,7095.0965517241375,970.4079207477021,630.7651484860064,21061.924137931033,19073.496551724136,3680.9172413793103,4679.868965517241
510454,27310.338582677166,7094.858267716535,1133.2935702188995,736.6408206422847,2135.314960629921,20947.37007874016,2739.0,10029.11811023622
510462,27130.819277108432,7096.024096385542,978.9081625011905,636.2903056257738,5706.240963855422,18498.710843373497,3257.5361445783133,3493.367469879518
510475,27052.0875,7095.1375,911.9205453780863,592.7483544957562,4326.7875,18851.875,3543.2875,1790.975
510487,27160.360655737702,7096.131147540984,1004.1593471443529,652.7035756438294,2295.2950819672133,20345.090163934427,2989.532786885246,7494.237704918033
510494,27084.866666666665,7098.9,938.0594765543069,609.7386597602995,4050.5333333333338,22548.21111111111,4313.955555555555,5552.444444444444
510503,27222.61111111111,7101.172839506173,1054.8847020467451,685.6750563303843,3226.6604938271603,19828.561728395063,3099.265432098766,6583.691358024691
510510,27296.586466165412,7097.984962406015,1119.8998244317092,727.9348858806111,2131.6616541353383,19169.18045112782,2998.0676691729323,7662.0300751879695
510520,27240.878787878788,7101.048484848485,1070.5977341228654,695.8885271798625,2302.6,16775.581818181818,2720.3212121212123,9686.157575757576
510529,27050.772727272728,7103.363636363636,906.5503105973214,589.2577018882589,5724.742424242424,19394.424242424244,4431.924242424242,4742.454545454545
510530,27072.30538922156,7103.970059880239,924.6832535812226,601.0441148277947,4287.005988023952,19686.502994011975,5613.754491017964,3013.994011976048
510531,27115.079207920793,7102.712871287129,961.9737391581527,625.2829304527993,13624.217821782178,18920.465346534653,3473.653465346534,2835.267326732673
510552,27208.08219178082,7105.3835616438355,1040.2662532739903,676.1730646280937,2279.5068493150684,21305.328767123287,3009.5753424657532,7809.212328767123
510560,27104.322580645163,7104.279569892473,951.9508752706951,618.7680689259519,9180.827956989247,20695.60215053763,3706.913978494624,2479.3333333333335
510568,27096.006329113923,7107.5759493670885,943.1261827942662,613.0320188162731,4554.708860759493,19750.70253164557,4288.949367088608,2737.0949367088606
510580,27041.477777777774,7110.516666666666,894.897539631816,581.6834007606805,5065.566666666667,19309.38888888889,5011.905555555555,2370.25
510581,27174.585365853654,7107.585365853659,1010.4355016273507,656.783076057778,2844.621951219512,24346.35975609756,3331.5914634146343,7256.128048780488
510615,27084.83760683761,7110.051282051282,932.2815274482836,605.9829928413843,4493.324786324786,23298.82905982906,4115.991452991453,4464.726495726496
510616,27309.261904761905,7111.940476190476,1123.5583636706706,730.3129363859359,3081.9464285714284,21858.196428571428,3066.4880952380954,10409.869047619048
510630,27054.75,7112.445652173913,905.271912625277,588.42674320643,6722.815217391304,17438.57608695652,5029.663043478261,3549.3152173913045
510631,27062.985507246376,7109.95652173913,913.6109684246579,593.8471294760277,5635.36231884058,17715.08695652174,4967.159420289855,1676.4782608695652
510632,27070.844444444443,7114.222222222223,918.1425549769157,596.7926607349953,5987.966666666666,19294.28888888889,5033.566666666667,1770.0
510633,27111.40522875817,7114.006535947712,952.9999390684925,619.4499603945202,5118.745098039216,18427.320261437908,3532.3529411764707,2493.4117647058824
510634,27247.9,7110.39,1071.793027094076,696.6654676111494,2385.13,22940.95,3072.12,9765.04
510635,27277.91011235955,7114.533707865168,1095.3631985965071,711.9860790877296,2593.3426966292136,24132.65168539326,2992.252808988764,8859.505617977527
510636,27289.403669724772,7110.40366972477,1107.3398003165164,719.7708702057357,2596.376146788991,23762.229357798165,2847.412844036697,11653.45871559633
510648,27022.20348837209,7113.639534883721,876.7752375476153,569.90390440595,40161.686046511626,19496.808139534885,4049.110465116279,2660.843023255814
510657,27218.685393258427,7111.955056179775,1045.9591127925187,679.8734233151372,2945.820224719101,20202.6404494382,3019.8426966292136,7682.786516853933
510671,27134.15172413793,7115.241379310345,971.8484959589908,631.7015223733441,4265.951724137931,20385.05517241379,3781.206896551724,2336.993103448276
510672,27233.76923076923,7114.048076923077,1057.8007658504337,687.5704978027819,2730.1346153846152,22495.76923076923,2708.5576923076924,9892.884615384615
510705,27122.98795180723,7114.951807228916,962.4345222935748,625.5824394908236,4257.975903614458,24175.4578313253,4209.409638554217,5171.168674698795
510706,27299.864516129033,7117.916129032258,1112.4252594605443,723.0764186493539,3081.7741935483873,19391.729032258063,2980.6451612903224,8123.341935483871
510719,27043.25,7122.13,890.424269309743,578.775775051333,6265.735,19905.86,4096.285,2001.765
510720,27063.385057471263,7122.224137931034,907.6242574197036,589.9557673228073,27717.41379310345,17044.03448275862,4151.172413793103,1939.057471264368
510721,27226.409523809525,7118.780952380952,1049.0543882329414,681.8853523514119,2837.409523809524,23220.590476190475,3012.5714285714284,5864.066666666667
510722,27244.69523809524,7118.8,1064.7088893878192,692.0607781020825,4516.057142857143,22659.561904761904,3224.7714285714287,8262.495238095238
510732,27084.657534246577,7118.780821917808,927.6236147472284,602.9553495856985,4337.301369863014,19629.219178082192,3472.150684931507,4006.095890410959
510733,27095.22900763359,7119.694656488549,936.2081365965007,608.5352887877254,4581.1297709923665,20935.5572519084,3486.1450381679388,2680.992366412214
510734,27169.826815642456,7122.407821229051,998.7120738495591,649.1628480022134,3199.9329608938547,20501.346368715083,3846.5027932960897,3652.4804469273745
510759,27024.31182795699,7123.032258064516,873.7355342338487,567.9280972520017,23230.086021505376,23574.63440860215,7086.580645161291,2268.978494623656
510760,27201.183006535943,7122.0392156862745,1025.763300533879,666.7461453470213,2448.274509803922,25100.222222222223,4179.607843137255,12952.320261437908
510767,27160.52348993289,7123.322147651007,990.2707356596486,643.6759781787716,2950.3020134228186,21023.39597315436,4205.463087248322,4957.973154362416
510777,27123.2421875,7124.578125,957.6860002462605,622.4959001600694,4012.9765625,19229.0546875,4425.015625,3123.484375
510786,27032.545454545456,7124.61038961039,879.9746388425052,571.9835152476284,5240.038961038961,22929.623376623374,5136.077922077922,5577.493506493506
510787,27148.859649122805,7124.394736842105,979.72562957236,636.8216592220341,3464.4122807017543,21565.684210526317,3587.7719298245615,6632.254385964912
510788,27217.93085106383,7125.962765957447,1038.0860254084557,674.7559165154962,2862.7978723404253,22066.372340425532,3009.026595744681,7463.558510638298
510800,27055.77319587629,7126.020618556701,899.1449685446004,584.4442295539902,7346.432989690722,18796.886597938144,4061.896907216495,3953.3505154639174
510801,27134.714285714286,7125.285714285715,967.1484399483131,628.6464859664036,4829.545454545455,18706.571428571428,4229.805194805195,1989.935064935065
510813,27004.16083916084,7128.972027972028,853.4089467426918,554.7158153827497,5339.5034965034965,16039.048951048951,3037.4825174825173,2875.4825174825173
510814,27111.124031007752,7127.829457364341,945.6276729780989,614.6579874357643,7970.658914728682,18810.054263565893,3434.031007751938,3437.6434108527133
510815,27242.850393700788,7129.165354330708,1057.78092903611,687.5576038734715,3573.7244094488187,21074.456692913387,3299.0,5345.212598425197
510830,27181.236363636363,7129.345454545454,1004.9067898476732,653.1894134009876,2990.7454545454543,30905.133333333335,3964.606060606061,7772.975757575758
510831,27234.618556701033,7127.98969072165,1051.335720330669,683.3682182149348,2846.7113402061855,21016.886597938144,3098.7525773195875,11239.773195876289
510840,27084.842105263157,7129.187969924812,922.4125770100873,599.5681750565567,4573.315789473684,21794.533834586466,3448.248120300752,6193.5939849624065
510841,27099.9203539823,7128.265486725663,935.8051703740254,608.2733607431165,5528.876106194691,24475.265486725664,3442.991150442478,4077.3274336283184
510854,27141.9776119403,7131.70895522388,970.0567043966245,630.5368578578059,4875.223880597015,18583.932835820895,3734.9477611940297,3025.8880597014927
510855,27285.758620689656,7128.252873563219,1095.0087163947435,711.7556656565833,2623.5862068965516,23889.32183908046,3011.574712643678,10781.83908045977
510866,26989.79527559055,7137.677165354331,836.611722853253,543.7976198546145,5130.244094488189,19675.338582677166,3826.149606299213,2300.48031496063
510867,26995.16417910448,7131.7164179104475,844.2861638955849,548.7860065321302,4313.641791044776,18758.5223880597,3384.0298507462685,4236.582089552238
510868,27073.227272727272,7131.575757575758,911.23092979751,592.3001043683815,4790.568181818182,20007.68181818182,3497.257575757576,2576.8560606060605
510869,27250.666666666668,7135.62893081761,1061.1420619010348,689.7423402356727,3231.314465408805,20549.415094339623,2994.276729559748,6262.389937106918
510875,27277.745901639344,7132.008196721312,1086.207269350497,706.034725077823,2754.3032786885246,22773.61475409836,3321.8196721311474,7897.983606557377
510887,27052.093023255813,7133.372093023256,892.1996772564228,579.9297902166749,6021.232558139535,19189.441860465115,4298.3488372093025,2697.732558139535
510895,27028.227272727272,7131.848484848485,872.5412949309494,567.1518417051171,7324.954545454545,21061.924242424244,5075.590909090909,2941.1363636363635
510896,27041.524822695035,7135.156028368794,882.226153229801,573.4469995993707,31006.468085106382,17714.64539007092,3515.3333333333335,1673.7801418439717
510897,27061.252100840335,7136.46218487395,898.4515278524005,583.9934931040603,5141.235294117647,19564.40336134454,3948.310924369748,2490.1344537815125
510898,27093.75,7133.096153846154,928.0271919124467,603.2176747430904,5519.884615384615,19196.403846153848,3497.4615384615386,2156.903846153846
510899,27160.411504424777,7140.1106194690265,981.5134676559105,637.9837539763419,5512.070796460177,18741.88495575221,3997.7300884955753,3482.663716814159
510900,27259.510638297874,7135.156028368794,1068.9621627291865,694.8254057739713,3429.113475177305,21587.524822695035,3189.7021276595747,6538.0496453900705
510917,27229.79268292683,7135.280487804878,1043.4402762942639,678.2361795912716,3121.0365853658536,21481.719512195123,3113.317073170732,7445.09756097561
510931,27106.05128205128,7139.2307692307695,935.4000903790218,608.0100587463642,5002.991452991453,20965.589743589742,4051.025641025641,4563.136752136752
510932,27125.09259259259,7135.231481481482,953.7749661519173,619.9537279987462,4122.87037037037,21779.11111111111,4394.638888888889,4112.351851851852
510933,27195.52258064516,7137.077419354839,1013.1559806748894,658.5513874386781,2870.083870967742,23953.25806451613,3605.1096774193543,6992.238709677419
510939,27021.20224719101,7136.101123595506,864.3293785958972,561.8140960873332,9893.280898876405,23285.629213483146,6419.61797752809,3652.044943820225
510947,27078.094488188977,7142.212598425197,909.9127455765703,591.4432846247707,3994.511811023622,18980.49606299213,3485.7244094488187,3071.36220472441
510959,27033.03,7140.22,872.3365709877446,567.018771142034,8210.81,19935.7,3782.6,2378.01
510960,27089.08866995074,7142.950738916256,918.9500198597474,597.3175129088359,4997.8817733990145,20557.83251231527,3906.118226600985,2009.729064039409
510961,27098.945945945947,7138.324324324324,929.7809981539954,604.357648800097,5203.5675675675675,17939.324324324323,3718.027027027027,1912.2432432432431
510962,27236.597222222223,7139.666666666667,1047.0064643584294,680.5542018329792,4545.25,23906.208333333332,3217.3055555555557,12503.138888888889
510968,26981.890909090907,7137.636363636364,829.8615531171149,539.4100095261247,4984.927272727273,21995.98181818182,4084.963636363637,1802.0363636363636
510969,27154.947368421053,7141.122807017544,976.3104567048005,634.6017968581203,4160.561403508772,16658.64912280702,3344.6491228070176,2196.4736842105262
510979,27149.630434782608,7141.880434782609,971.364875496266,631.3871690725729,4991.771739130435,19911.66304347826,3785.358695652174,3366.913043478261
510980,27223.148514851484,7140.554455445545,1035.0277052725407,672.7680084271515,3789.366336633663,22452.89108910891,3219.108910891089,7100.524752475248
510984,26975.66990291262,7143.834951456311,821.3344601744714,533.8673991134063,11236.388349514564,18648.44660194175,4107.233009708738,1344.0194174757282
510985,27116.185185185182,7141.222222222223,943.0538169040094,612.9849809876061,3402.287037037037,19445.703703703704,3578.1018518518517,3921.064814814815
511001,26996.33,7144.33,838.7773860671117,545.2053009436227,5329.56,16993.44,4637.72,1690.56
511002,27142.28,7142.786666666667,964.6006435785072,626.9904183260297,4540.573333333334,17453.48,4088.64,2917.026666666666
511015,27023.719626168226,7145.2336448598135,861.774316696282,560.1533058525833,5927.308411214954,16116.485981308411,4093.429906542056,1676.1495327102805
511016,27135.555555555555,7146.277777777777,957.0390974503035,622.0754133426973,14894.037037037036,18036.512345679013,4435.166666666667,3502.685185185185
511017,27218.0,7144.303370786517,1028.6831643833057,668.6440568491487,3094.505617977528,22337.20224719101,3101.011235955056,5843.932584269663
511026,27062.77300613497,7148.368098159509,893.612023807196,580.8478154746774,5841.834355828221,21102.38036809816,3822.656441717791,2321.472392638037
511035,27004.95852534562,7148.069124423963,844.2399005975533,548.7559353884096,9949.778801843318,18906.470046082948,7940.986175115208,2546.861751152074
511036,27125.845637583898,7148.724832214765,947.4587055333216,615.848158596659,7200.4496644295305,15998.852348993289,4136.61744966443,1998.6845637583892
511037,27187.48245614035,7145.368421052632,1001.9910561302241,651.2941864846457,3005.2017543859647,26426.263157894737,4099.833333333333,7694.11403508772
511038,27242.574803149608,7147.181102362205,1048.250346155065,681.3627250007922,2898.740157480315,23978.732283464567,3013.472440944882,10196.157480314962
511048,26983.5,7147.296875,826.2560174147359,537.0664113195784,8460.0625,16402.109375,4426.953125,1886.546875
511059,27212.20512820513,7148.504273504273,1021.5517416856167,664.0086320956508,3141.3675213675215,24230.982905982903,3266.025641025641,7125.384615384615
511080,27013.515151515152,7151.10101010101,850.0056945763274,552.5037014746129,6932.646464646465,19203.383838383837,6616.838383838384,2077.868686868687
511081,27033.224137931036,7150.586206896552,867.1548505986391,563.6506528891155,7592.568965517241,16555.137931034482,3963.344827586207,1448.9396551724135
511082,27071.069444444445,7152.861111111111,898.4011198765705,583.9607279197709,5478.486111111111,21320.770833333332,4834.993055555556,4525.194444444444
511083,27114.59793814433,7150.742268041237,936.7826284145884,608.9087084694825,5211.309278350515,17312.453608247422,4103.979381443299,2609.175257731959
511091,27054.488636363636,7149.943181818182,885.702675920653,575.7067393484244,5306.227272727273,20320.045454545456,4215.284090909091,1882.9545454545455
511092,27102.72357723577,7150.1056910569105,926.9389572771823,602.5103222301685,5263.048780487805,20099.845528455284,5020.585365853659,3308.2520325203254
511093,27199.27966101695,7151.737288135593,1008.8112877082756,655.7273370103792,3149.177966101695,22722.101694915254,3387.813559322034,6655.932203389831
511101,26990.034090909092,7153.25,828.7821249779622,538.7083812356755,9009.03409090909,20248.44318181818,9411.693181818182,2421.193181818182
511102,27019.893203883497,7154.611650485437,853.6582344690647,554.8778524048921,5075.174757281553,16616.93203883495,4004.2815533980583,1466.2815533980583
511103,27252.102040816328,7150.367346938776,1054.7679723560739,685.5991820314481,2682.826530612245,21304.479591836734,2911.683673469388,9595.265306122448
511114,26977.60465116279,7152.186046511628,818.6834371823946,532.1442341685565,24336.906976744187,14219.581395348838,5072.6511627906975,1154.6744186046512
511128,26969.598039215685,7155.578431372549,810.0744651535308,526.5484023497951,19576.5,17730.470588235294,5169.843137254902,1326.5392156862745
511129,27190.384615384617,7156.188034188034,998.8952263724692,649.281897142105,3238.6068376068374,24261.393162393164,4495.384615384615,7351.965811965812
511142,27145.956043956045,7154.32967032967,961.7945524628399,625.1664591008459,4510.615384615385,19747.428571428572,3703.21978021978,5772.56043956044
511143,27169.825842696628,7157.1292134831465,980.7981353562883,637.5187879815874,23416.80337078652,18751.898876404495,6355.6292134831465,4163.404494382023
511144,27234.152173913044,7154.695652173913,1037.158330736777,674.1529149789052,2530.6521739130435,19773.797101449276,3061.8695652173915,11118.427536231884
511158,27096.105263157893,7153.578947368421,919.4775384433108,597.660399988152,8931.421052631578,19456.57894736842,5334.289473684211,2395.4473684210525
511165,27048.33695652174,7155.641304347826,877.4931658205879,570.3705577833822,6254.869565217391,18479.902173913044,4831.717391304348,1771.7173913043478
511166,27078.575221238934,7157.1769911504425,902.6042859405115,586.6927858613325,9178.769911504423,21521.36283185841,5948.1769911504425,3265.8672566371683
511167,27091.69135802469,7156.358024691358,914.2626446771684,594.2707190401595,11310.35802469136,20021.79012345679,6009.975308641975,2812.0864197530864
511168,27134.722222222223,7157.7444444444445,950.409463126545,617.7661510322542,38520.86666666667,17867.0,4627.733333333334,1976.2555555555557
511169,27152.97142857143,7155.885714285714,967.0014538916903,628.5509450295987,5281.728571428572,19277.157142857144,4008.0857142857144,2981.0714285714284
511182,26981.1974522293,7160.229299363057,817.6115922225813,531.4475349446778,17527.859872611465,20362.394904458597,9535.0,1801.9299363057328
511190,26999.371794871793,7159.5641025641025,833.5236960169491,541.7904024110169,9905.02564102564,16893.02564102564,13236.97435897436,1409.0
511191,27160.621052631577,7158.968421052631,971.9640518226932,631.7766336847507,10436.084210526316,20412.126315789475,4063.0,3417.136842105263
511192,27223.46610169491,7157.8983050847455,1026.3519025535288,667.1287366597937,3212.9576271186443,23015.991525423728,4164.279661016949,9140.14406779661
511219,27027.653846153848,7162.102564102564,856.4416984427481,556.6871039877863,6266.820512820513,22313.94871794872,4507.01282051282,2797.0320512820513
511220,27062.652173913044,7161.315217391304,886.8289686062627,576.4388295940707,32828.391304347824,17509.141304347828,6305.413043478261,1796.3260869565215
511221,27085.133333333335,7161.0,906.249918787165,589.0624472116573,12867.773333333333,26032.573333333337,8918.946666666667,2996.7733333333335
511222,27098.53846153846,7165.709401709401,915.3037009062242,594.9474055890457,10584.435897435897,18340.606837606836,4376.427350427351,1561.008547008547
511223,27106.40243902439,7160.609756097561,924.6712786096541,601.0363310962751,49054.20731707317,18375.646341463416,4768.414634146341,1404.2317073170732
511224,27114.196721311477,7162.516393442623,930.3645426783298,604.7369527409144,6707.9098360655735,18674.62295081967,3667.1147540983607,1590.0901639344263
511225,27211.524691358023,7162.580246913581,1013.7069182505636,658.9094968628664,3647.074074074074,24039.382716049386,3325.814814814815,7188.308641975309
511239,27007.504273504273,7163.777777777777,838.3164502513029,544.9056926633468,14667.91452991453,18008.076923076922,10962.435897435897,2722.324786324786
511240,27041.161616161615,7161.404040404041,868.3734094180055,564.4427161217036,9670.535353535352,22749.0,6992.020202020202,2910.2020202020203
511241,27122.115789473683,7161.6736842105265,937.5831184090653,609.4290269658925,16340.705263157895,24208.957894736843,3865.926315789474,3324.557894736842
511251,26991.82727272727,7165.436363636363,824.031177621592,535.6202654540348,45044.80909090909,17969.436363636363,11091.50909090909,1951.581818181818
511257,27202.08088235294,7165.294117647059,1004.2168335699351,652.7409418204579,3689.191176470588,18197.522058823528,3345.7573529411766,4056.316176470588
511268,27048.354166666668,7164.25,873.0665986912746,567.4932891493286,10420.229166666666,15164.479166666666,6919.5,1033.7916666666667
511269,27157.882352941175,7167.35294117647,965.2923083376999,627.4400004195049,6739.926470588235,17924.102941176472,3980.8676470588234,1212.0882352941176
511279,26960.042105263157,7164.263157894737,797.407906671954,518.3151393367701,6345.694736842105,22490.2,6258.652631578947,1784.494736842105
511280,26970.648351648353,7166.780219780219,805.1950959508521,523.3768123680538,13819.021978021978,20627.043956043955,9720.736263736264,1645.8351648351647
511281,27091.109375,7166.453125,908.5559322861559,590.5613559860013,17221.671875,19655.015625,5346.375,2418.15625
511282,27126.164705882355,7167.435294117647,938.0791232919981,609.7514301397988,35528.42352941177,21122.623529411765,3952.741176470588,2319.1529411764704
511283,27148.9,7165.077777777778,958.7714181200939,623.2014217780611,3798.188888888889,17956.12222222222,3815.0,4859.666666666667
511290,26939.728813559323,7166.135593220339,779.0406611352306,506.3764297378999,8093.152542372882,16964.593220338982,3946.271186440678,1472.3050847457628
511291,27053.651515151516,7166.5,876.4437379081195,569.6884296402777,12438.257575757576,19071.863636363636,6088.30303030303,1667.6818181818182
511292,27077.389380530974,7171.141592920354,894.3839695726393,581.3495802222155,36484.238938053095,19756.00884955752,7594.911504424779,2576.646017699115
511293,27222.52688172043,7167.634408602151,1020.524375599503,663.340844139677,3648.860215053763,25086.344086021505,4490.548387096775,13217.56989247312
511310,26979.96052631579,7169.486842105263,811.7759317513586,527.6543556383831,50098.94736842105,18858.592105263157,9891.473684210529,1885.6447368421052
511311,27063.054545454543,7168.109090909091,883.6686317128714,574.3846106133665,26365.50909090909,19607.581818181818,7025.490909090909,2400.890909090909
511312,27071.333333333332,7167.733333333334,890.9544538830844,579.1203950240049,15874.983333333334,20120.666666666668,7061.866666666667,2642.45
511321,27019.881818181817,7170.518181818182,845.4421462801415,549.537395082092,44329.38181818182,19186.02727272727,6228.4,1519.5
511322,27135.011764705883,7168.164705882353,945.2815831084142,614.4330290204692,7087.329411764706,25348.329411764706,7324.729411764706,1979.5529411764703
511323,27166.43548387097,7171.443548387097,970.5089033753571,630.8307871939821,4641.741935483871,20718.983870967742,4211.508064516129,3223.967741935484
511337,26931.386363636364,7171.909090909091,768.9155565366641,499.7951117488317,7437.261363636364,18350.125,3756.488636363637,1656.965909090909
511338,26961.62295081967,7173.819672131148,793.831827920351,515.9906881482282,12871.581967213117,18764.79508196721,6982.754098360656,1462.1065573770493
511339,27104.85714285714,7172.779220779221,917.0691659993277,596.094957899563,8447.22077922078,19694.25974025974,4825.428571428572,1205.3506493506493
511346,27045.46153846154,7171.038461538462,867.086415627476,563.6061701578594,6832.5192307692305,21145.346153846152,11066.28846153846,2096.269230769231
511347,27084.785714285714,7172.678571428572,899.927044441966,584.9525788872779,8015.214285714285,22313.214285714286,7180.083333333333,2211.9880952380954
511348,27110.979591836734,7171.632653061224,922.9054441526723,599.8885386992371,5899.448979591837,17601.73469387755,3965.387755102041,1102.6938775510205
511349,27182.43956043956,7170.32967032967,984.7933431029862,640.1156730169411,5263.241758241758,25450.967032967033,6952.43956043956,3266.3406593406594
511355,26945.22988505747,7173.0344827586205,780.1939107626221,507.1260419957044,38043.58620689655,19391.48275862069,5355.724137931034,1692.0804597701149
511356,27056.90361445783,7174.240963855422,875.2359870338538,568.903391572005,6964.156626506024,19778.67469879518,5755.855421686747,2653.89156626506
511360,26938.125,7173.604166666667,773.8136556671914,502.9788761836744,23498.416666666668,16719.770833333332,3719.375,1107.2708333333333
511361,27000.386363636364,7173.340909090909,827.2852302823753,537.735399683544,38434.75,18423.68181818182,9848.174242424242,2431.068181818182
511362,27131.222222222223,7175.677777777778,938.1592312091266,609.8035002859323,6509.211111111111,23706.955555555556,7061.722222222223,1701.9666666666667
511373,26924.1,7179.170588235294,758.9274672665691,493.30285372326995,8667.911764705883,16126.24705882353,3729.735294117647,1829.2764705882353
511374,26969.51020408163,7178.908163265306,797.9631855042612,518.6760705777698,16656.29591836735,15961.816326530612,8833.969387755102,1119.3367346938776
511375,27066.866666666665,7175.24,883.2553528543499,574.1159793553275,10259.013333333334,20747.746666666662,7300.813333333333,3679.8933333333334
511376,27155.214876033056,7176.4049586776855,958.337208936685,622.9191858088452,5729.0495867768595,22401.19008264463,4418.462809917355,2249.8925619834713
511377,27189.58870967742,7176.991935483871,987.4804837156113,641.8623144151474,12175.959677419354,16977.040322580644,7539.701612903225,2047.3387096774193
511378,27197.205479452055,7172.972602739726,996.0789487303573,647.4513166747323,16180.260273972604,23366.739726027397,4324.424657534247,4579.493150684932
511391,26951.907216494845,7176.01030927835,784.3787416470603,509.84618207058924,16314.948453608247,22316.70103092783,5626.886597938144,1645.639175257732
511392,26984.508196721312,7175.491803278688,812.5736434308801,528.1728682300721,55949.08196721312,17868.262295081968,7964.901639344263,2122.8852459016393
511399,26976.01886792453,7176.924528301887,804.5621630516008,522.9654059835406,37843.84905660377,18818.735849056604,13094.943396226416,2019.2830188679245
511400,27028.417582417584,7175.263736263736,850.3059705934575,552.6988808857474,10192.153846153846,13692.813186813188,5434.571428571428,1293.8351648351647
511401,27098.156862745094,7176.568627450981,909.3744264857361,591.0933772157284,6399.470588235294,18003.41176470588,4311.745098039216,1030.6666666666667
511402,27211.75,7175.739130434783,1007.1111309132099,654.6222350935865,3490.2934782608695,21691.728260869564,3195.3478260869565,5009.20652173913
511408,27014.43195266272,7180.92899408284,835.4025178493697,543.0116366020903,13590.733727810652,21100.544378698225,5196.745562130178,2461.4674556213017
511409,27047.00671140939,7178.885906040268,864.3615039383533,561.8349775599296,10535.825503355703,20107.194630872484,7496.335570469799,1774.3020134228188
511418,26991.072916666668,7180.010416666667,815.866067678293,530.3129439908905,58666.895833333336,17385.052083333332,6800.916666666667,1931.5520833333333
511431,26905.387096774193,7186.374193548387,739.1807806068938,480.467507394481,14869.68387096774,17505.032258064515,4662.309677419355,3078.0516129032258
511432,27086.712871287127,7182.742574257426,896.3858126277555,582.6507782080411,8434.0,17774.762376237624,4340.980198019802,1437.5841584158416
511433,27199.333333333332,7180.486111111111,994.025467455665,646.1165538461822,14900.763888888889,20987.333333333332,4509.013888888889,2957.6944444444443
511446,26999.41237113402,7182.3917525773195,821.7814480237108,534.157941215412,43656.22680412371,15596.680412371134,5693.340206185567,1897.40206185567
511447,27093.50704225352,7181.154929577465,903.02507258541,586.9662971805166,22541.29577464789,15254.267605633802,3625.6197183098593,1004.5774647887324
511448,27108.89285714286,7181.125,916.220663215282,595.5434310899333,8428.732142857143,20896.160714285714,4076.6875,1378.2232142857142
511457,26938.525862068964,7182.75,769.4386266788771,500.1351073412701,7601.853448275862,18638.629310344822,4637.6551724137935,1591.655172413793
511458,27031.219512195123,7185.390243902439,847.481859858951,550.8632089083181,12013.375609756098,16314.131707317074,8523.839024390243,1770.165853658537
511459,27079.135135135137,7182.2972972972975,890.124121195967,578.5806787773786,5794.094594594595,19717.067567567567,5278.081081081081,1814.391891891892
511460,27137.848484848484,7182.646464646465,940.2403587464694,611.1562331852051,4800.949494949495,24262.52525252525,8939.939393939394,3303.373737373737
511473,27070.603448275862,7182.310344827586,882.808780551387,573.8257073584016,11157.103448275862,24360.206896551725,7160.775862068966,5324.775862068966
511474,27162.938053097347,7184.1769911504425,960.9435466458008,624.6133053197706,8126.168141592921,20288.814159292036,5078.66371681416,2372.8141592920356
511475,27173.43119266055,7182.431192660551,970.833095023026,631.0415117649669,6329.678899082569,28643.504587155963,9002.633027522936,3192.5229357798166
511488,26962.43119266055,7185.522935779816,788.4863746852277,512.516143545398,17081.394495412846,19214.02752293578,10632.495412844037,1848.7155963302753
511489,26982.73780487805,7187.981707317073,804.6133864088144,522.9987011657294,26749.98170731707,19126.835365853654,11510.560975609756,2485.451219512195
511490,27121.542857142857,7183.219047619048,925.9768567823438,601.8849569085235,13192.819047619048,23995.933333333334,5834.523809523809,3178.552380952381
511491,27185.85234899329,7185.416107382551,979.9336442484116,636.9568687614676,18167.080536912752,17408.724832214764,6008.872483221477,2401.1208053691275
511498,26914.73722627737,7187.693430656935,746.5098957187294,485.2314322171741,8775.204379562043,21710.86861313869,5613.868613138686,3619.642335766423
511499,26950.196721311477,7186.303278688524,777.6032146849712,505.44208954523134,7661.516393442623,19773.59836065574,5623.565573770492,2006.9754098360656
511500,27061.233333333337,7183.311111111111,874.2656326687936,568.2726612347159,7619.111111111111,20547.233333333337,8334.611111111111,2842.511111111111
511504,26975.659090909092,7185.454545454545,799.853243539214,519.9046083004891,9419.09090909091,17003.727272727272,14292.136363636364,1377.7954545454545
511505,27039.772727272728,7187.261363636364,853.8435822250841,554.9983284463046,6887.352272727273,26674.727272727272,11719.5,2694.215909090909
511506,27100.52,7186.34,906.3576448931844,589.13246918057,10525.44,15157.94,3730.32,931.92
511525,26929.233644859814,7190.22429906542,757.6224506177072,492.45459290150967,10529.55140186916,21592.17757009346,4232.560747663551,2220.0093457943926
511532,27108.788990825688,7190.733944954129,911.1743384158694,592.2633199703151,50736.15596330275,14420.43119266055,5082.366972477064,1094.6697247706422
511533,27130.36111111111,7188.5,930.8064569114974,605.0241969924733,4719.12962962963,22056.74074074074,6481.101851851852,3478.8888888888887
511544,27016.620689655178,7191.017241379311,832.0728587297988,540.8473581743692,6235.870689655172,18405.939655172413,4939.508620689655,1711.0862068965516
511545,27050.797385620914,7194.568627450981,859.51788924596,558.686628009874,14653.490196078432,18936.81045751634,6602.633986928105,2015.59477124183
511546,27052.949152542373,7187.745762711865,864.8811676700117,562.1727589855076,9612.237288135591,16562.627118644068,4763.457627118644,2088.4745762711864
511547,27069.877192982454,7189.2807017543855,878.5905639377589,571.0838665595434,13447.333333333334,23440.21052631579,7087.80701754386,2881.280701754386
511566,26970.92517006803,7194.503401360545,791.129570634286,514.2342209122859,12994.69387755102,17588.591836734693,10199.77551020408,1592.251700680272
511567,27095.716216216217,7190.8378378378375,899.9220390155124,584.9493253600831,9668.324324324323,15393.54054054054,3898.283783783784,921.6486486486486
511578,27003.659090909092,7190.295454545455,821.3417735697815,533.872152820358,6810.784090909091,21168.511363636364,5616.431818181818,3769.727272727273
511579,27060.5,7190.175,870.0962806017685,565.5625823911496,20069.5,15474.35,7052.9,1821.4
511580,27117.061538461538,7190.753846153846,918.2506907034917,596.8629489572696,20746.23076923077,24838.8,6982.923076923077,2373.123076923077
511586,27078.79775280899,7192.224719101124,884.7134512425729,575.0637433076724,6824.752808988764,16999.719101123595,3991.325842696629,1191.123595505618
511587,27087.88059701493,7193.477611940299,891.8478259479859,579.7010868661908,24667.462686567163,17198.671641791047,4217.179104477612,1220.3432835820895
511588,27180.37254901961,7195.019607843137,970.284872714849,630.6851672646519,5759.549019607844,23367.04575163399,8429.993464052288,3276.1960784313724
511598,26940.68468468469,7192.7657657657655,766.1207355485988,497.9784781065892,24817.027027027027,23022.47747747748,5323.747747747748,2525.3603603603606
511599,26993.118644067796,7195.338983050848,809.7103686572881,526.3117396272373,21396.005649717514,18899.175141242937,7504.581920903955,2147.9661016949153
511606,26923.75,7196.380434782609,749.7489144952165,487.3367944218907,8152.880434782609,24420.25,7230.076086956522,3053.7065217391305
511607,26957.21935483871,7196.270967741935,778.476676068305,506.00983944439827,41294.56129032258,17735.870967741936,5680.554838709678,1663.832258064516
511608,27021.379310344822,7197.508620689655,832.8003316178465,541.3202155516002,12326.21551724138,17139.439655172413,5488.560344827586,1799.0862068965516
511609,27063.72,7195.8,869.9526784810303,565.4692410126697,54155.05333333334,15691.08,5434.64,1671.56
511610,27162.36206896552,7195.370689655172,954.6751956360689,620.5388771634448,5440.0,23293.13793103448,5204.2155172413795,2215.112068965517
511623,27122.84126984127,7197.539682539683,919.7009775748782,597.8056354236708,4905.174603174603,18880.444444444445,5058.349206349207,1431.111111111111
511624,27152.597402597403,7194.38961038961,946.8165115159188,615.4307324853472,4769.896103896104,20666.272727272728,4665.831168831169,2934.805194805195
511633,27043.08130081301,7199.227642276423,850.504328482483,552.8278135136139,6268.682926829269,21706.341463414636,6807.422764227642,1819.2764227642276
511634,27102.162962962964,7201.051851851852,900.1750896048438,585.1138082431485,10414.17037037037,20080.51111111111,5723.288888888889,1176.9407407407407
511635,27132.923664122136,7198.748091603054,927.7145594070068,603.0144636145544,5356.595419847328,18227.16030534351,4619.824427480916,2064.5496183206105
511652,26892.466666666667,7197.1,722.579037204973,469.6763741832325,8179.983333333334,18549.333333333332,9528.433333333332,1788.05
511653,26898.254545454547,7195.927272727273,728.142204135867,473.29243268831357,11225.545454545454,21881.345454545455,9408.854545454546,2746.6181818181817
511654,27003.822784810127,7198.126582278481,817.441845591551,531.3371996345081,5620.037974683544,16186.93670886076,4712.53164556962,1457.7215189873418
511665,26884.850340136058,7198.693877551021,715.2322678903836,464.90097412874934,20612.43537414966,19198.789115646257,7623.285714285715,2449.0544217687075
511666,26906.46987951807,7198.734939759036,733.7313092289771,476.92535099883514,11170.192771084336,19522.22891566265,11846.204819277107,2379.5662650602408
511667,27073.645569620257,7198.2405063291135,877.1962665746992,570.1775732735545,6255.164556962025,18887.79746835443,4435.822784810127,1435.7215189873418
511668,27092.41489361702,7200.723404255319,891.9939241610222,579.7960507046645,52950.55319148936,16239.574468085106,6314.265957446809,1048.8191489361702
511669,27114.21167883212,7201.029197080292,910.5082247826458,591.8303461087198,8165.124087591241,21659.10218978102,7665.379562043796,2140.3284671532847
511670,27145.885714285716,7200.451428571429,937.9396399796572,609.6607659867772,5740.708571428571,22261.714285714286,5037.4857142857145,2656.4742857142855
511693,26940.6875,7202.625,761.0366721346807,494.67383688754245,15694.5859375,17583.46875,4709.828125,1795.09375
511699,27029.1,7204.027272727273,836.0511697007117,543.4332603054627,23893.98181818182,19190.8,14389.59090909091,1943.8181818181815
511709,26948.892156862745,7204.078431372549,767.3152940684508,498.75494114449305,15894.813725490196,17855.539215686276,5093.313725490196,1688.7058823529412
511710,26968.377358490565,7208.344339622641,781.8063307496374,508.1741149872643,13521.075471698114,19866.132075471694,9309.443396226416,2821.3915094339623
511711,26983.97435897436,7202.452991452991,798.2067950667239,518.8344167933706,10597.205128205129,23150.589743589742,11939.846153846154,3061.82905982906
511712,27008.89230769231,7202.476923076923,819.5402333047288,532.7011516480737,8751.553846153845,15075.16923076923,4586.876923076923,1931.215384615385
511713,27126.632352941175,7204.970588235294,919.1149053907917,597.4246885040146,4587.558823529412,18513.735294117647,4157.161764705882,1586.779411764706
511714,27157.15254237288,7203.559322033899,945.9878961333899,614.8921324867034,23261.118644067796,19297.474576271183,4495.6949152542375,1683.9322033898304
511728,26929.623188405796,7205.144927536232,750.258452542909,487.66799415289086,21931.594202898552,16095.18115942029,5698.898550724638,2318.2246376811595
511729,27056.099337748343,7207.013245033113,857.6394694654371,557.465655152534,41562.72847682119,21989.98675496689,5454.516556291391,2608.377483443709
511730,27077.906976744187,7204.186046511628,877.7794087046203,570.5566156580032,6785.178294573643,20378.84496124031,6326.674418604651,1498.4031007751937
511747,26897.70434782609,7206.252173913043,722.3441639654839,469.5237065775645,9372.939130434785,17188.747826086958,6162.24347826087,2207.782608695652
511756,26911.838028169015,7205.788732394366,734.6907754189341,477.5490040223072,40272.08450704225,16873.190140845072,11374.154929577464,1585.2535211267605
511769,26874.75935828877,7208.491978609625,701.532963622251,455.9964263544632,49605.72727272727,17186.508021390375,10975.83422459893,2543.3529411764707
511770,27020.25595238095,7215.625,822.4915981111587,534.6195387722532,10099.565476190475,18873.04761904762,13868.125,2509.160714285714
511771,27167.032258064515,7205.182795698925,953.6137189057803,619.8489172887572,7262.182795698925,20166.172043010753,5279.94623655914,1764.3118279569892
511778,26959.061224489797,7209.5,773.2295138853355,502.59918402546805,36163.0306122449,14927.295918367348,6184.622448979592,1189.6020408163265
511779,26980.185840707964,7209.778761061947,791.1819516329429,514.2682685614129,16702.230088495577,17317.575221238938,7589.495575221239,1867.6637168141592
511780,27002.894117647054,7207.752941176471,811.6799769487811,527.5919850167078,7260.670588235294,15599.09411764706,6170.7411764705885,1398.870588235294
511781,27015.696969696968,7207.363636363636,822.8482958935947,534.8513923308366,6638.681818181818,17426.136363636364,5675.318181818182,2247.8333333333335
511782,27040.548780487807,7211.890243902439,841.8021031081907,547.171367020324,17031.252032520326,18572.727642276423,6031.890243902439,1877.5934959349593
511791,27083.666666666668,7208.36507936508,880.5574025790448,572.3623116763791,6966.126984126984,19638.31746031746,5038.412698412699,1171.6984126984128
511792,27120.80198019802,7211.346534653465,910.8309447904236,592.0401141137753,5549.475247524752,19419.435643564357,5267.920792079208,1541.782178217822
511802,27109.770833333332,7210.489583333333,901.8233002787834,586.1851451812092,10576.729166666666,17533.90625,4652.625,1491.5520833333333
511803,27151.82608695652,7212.339130434782,936.8954369019424,608.9820339862625,5157.895652173913,17374.930434782607,4132.260869565217,1460.3565217391304
511811,26859.865979381444,7211.721649484536,687.1084370448385,446.62048407914506,17885.474226804123,18951.628865979383,16054.288659793814,1554.041237113402
511812,26890.333333333332,7211.530864197531,713.3065086353197,463.6492306129578,19586.46913580247,16406.271604938273,5400.777777777777,1467.0864197530864
511813,26937.29090909091,7211.272727272727,753.6655596471745,489.88261377066345,23702.8,15945.309090909092,5337.218181818182,1681.418181818182
511814,27089.610169491527,7210.338983050848,884.6305061303258,575.0098289847118,11036.203389830507,21829.915254237287,4227.949152542373,2115.06779661017
511822,26992.791666666668,7211.866666666667,800.9034725446091,520.587257153996,23156.008333333335,20033.391666666663,7155.85,2384.133333333333
511823,27066.166666666668,7211.37037037037,864.0156922147215,561.610199939569,5983.75,21750.40740740741,5296.490740740741,2730.7314814814813
511835,26924.926829268297,7212.536585365854,742.4219212622717,482.5742488204766,24069.89024390244,19316.0,6117.573170731707,4369.073170731707
511836,27076.146341463416,7213.975609756098,871.2206417345975,566.2934171274884,5724.036585365854,18617.30487804878,4001.5853658536585,1293.5731707317073
511837,27131.735632183907,7212.3448275862065,919.6821514857019,597.7933984657062,6403.942528735633,23570.114942528737,5139.885057471264,2883.9655172413795
511846,26913.49375,7217.25625,730.1929336160264,474.62540685041716,18130.4875,17424.29375,9956.9875,2336.81875
511847,27011.65625,7214.578125,815.6648168248673,530.1821309361637,13667.375,14454.015625,8376.25,2604.03125
511848,27095.311475409835,7212.819672131148,888.2346778824935,577.3525406236208,8162.475409836065,22452.65573770492,4218.180327868852,1743.114754098361
511856,26880.964912280702,7216.649122807017,702.6405573479161,456.7163622761455,17752.043859649122,16407.973684210527,6701.894736842105,2158.6315789473683
511857,26951.7323943662,7213.633802816901,764.8186541118231,497.13212517268505,18609.098591549297,18464.95774647887,8258.239436619719,1599.4647887323945
511858,27001.85714285714,7216.6,806.2273758540788,524.0477943051512,7716.761904761905,19685.019047619047,7848.961904761904,2021.704761904762
511875,26902.245614035088,7216.228070175439,721.0877453801156,468.70703449707514,36364.44736842105,15448.333333333334,8309.701754385966,1542.09649122807
511876,27100.985294117647,7214.955882352941,891.9930229139479,579.7954648940662,10375.367647058823,17962.20588235294,4457.411764705882,1045.4411764705883
511877,27140.936842105264,7214.063157894737,926.6777996137972,602.3405697489682,30317.052631578947,26433.515789473684,5459.863157894737,1868.7052631578947
511888,27025.458333333332,7219.46875,824.9651528874291,536.2273493768289,6365.197916666667,15790.770833333334,6349.1875,1418.0833333333333
511895,26865.225352112677,7218.014084507042,688.4531772258567,447.4945651968069,11001.070422535213,15971.985915492958,7153.647887323944,1422.619718309859
511896,26977.288659793816,7218.680412371134,784.1076533028829,509.6699746468739,9931.154639175258,21128.113402061856,10873.907216494845,2718.577319587629
511897,27058.82119205298,7220.788079470199,852.8645552520737,554.361960913848,6674.781456953642,23785.2119205298,5213.854304635762,3425.7152317880796
511905,26937.81300813008,7218.829268292683,750.2143188637384,487.63930726142996,15559.325203252032,21601.91869918699,7065.650406504065,2606.4552845528456
511906,27081.93788819876,7223.652173913043,871.1896954861835,566.2733020660193,8562.782608695652,17052.565217391304,3704.590062111801,1354.8260869565215
511907,27089.25806451613,7219.145161290323,879.7856846177798,571.8606950015569,30054.09677419355,19823.790322580644,3778.6935483870966,2176.3387096774195
511908,27104.425925925927,7222.351851851852,891.1247630305465,579.2310959698552,37213.73148148148,19170.574074074073,8053.972222222223,1334.0833333333333
511909,27117.520547945205,7218.301369863014,904.4318616847946,587.8807100951166,10080.767123287673,19082.753424657534,6407.890410958904,1467.86301369863
511919,26892.17647058823,7219.411764705882,710.8195856853831,462.032730695499,8604.470588235294,15666.279411764706,5674.60294117647,1245.029411764706
511920,26958.62,7220.05,767.4086941101498,498.8156511715974,25917.02,14369.39,7331.49,1096.94
511921,27049.84693877551,7219.132653061224,846.0308751946675,549.9200688765338,28397.081632653066,21172.26530612245,5146.061224489796,1984.8673469387752
511929,26924.25874125874,7222.1398601398605,736.8951852359125,478.9818704033432,49210.769230769234,16207.0,3812.237762237762,2171.993006993007
511930,26988.76785714286,7221.508928571428,792.4819675403548,515.1132789012306,33150.74107142857,18798.276785714286,8307.75,2386.8303571428573
511931,27133.20408163265,7220.969387755102,916.4905935982517,595.7188858388637,18685.5,23973.98979591837,5986.6122448979595,2295.3979591836733
511937,26948.277777777777,7224.722222222223,756.1386574518741,491.4901273437182,27506.409722222223,15528.784722222224,7378.173611111111,1192.9930555555557
511938,27007.284403669724,7223.018348623853,807.565311825132,524.9174526863358,13182.05504587156,18272.80733944954,10830.550458715596,2355.899082568807
511939,27034.85,7225.95625,829.6634932667315,539.2812706233755,11555.05,19214.9875,4261.33125,1790.7375
511956,26859.662162162163,7224.135135135135,680.5296001029486,442.3442400669166,20170.432432432433,15717.337837837838,6315.918918918919,1522.027027027027
511957,27069.25806451613,7224.201612903225,860.044153138907,559.0286995402895,7500.879032258064,22024.56451612903,5368.080645161291,2028.491935483871
511958,27095.666666666668,7223.906666666667,882.8190613121876,573.832389852922,20252.36,19439.613333333335,6248.106666666667,1533.6133333333332
511969,26888.2375,7226.0375,704.0270128655793,457.61755836262654,7589.775,16481.9125,8333.6625,1387.325
511970,27124.243697478993,7225.865546218487,906.288767871068,589.0876991161942,7408.789915966387,19358.10924369748,5025.865546218487,1698.2268907563025
511977,26850.745901639344,7226.122950819672,671.8660149876192,436.7129097419525,30268.409836065573,16721.647540983606,7358.959016393443,2772.967213114754
511978,26870.894736842107,7225.078947368421,689.6649839374635,448.2822395593513,8376.486842105263,18131.36842105263,7695.480263157895,2344.625
511979,27112.409090909092,7223.969696969697,897.1288228545569,583.133734855462,8156.848484848485,17706.878787878788,6778.166666666667,1168.030303030303
511999,26979.591304347825,7229.060869565217,780.7248183543385,507.47113193032004,31810.55652173913,16021.313043478262,11305.834782608696,1829.1304347826087
512009,26960.09049773756,7233.289592760181,761.8379505340484,495.1946678471315,13221.70588235294,22176.945701357465,10211.62895927602,2464.2262443438913
512010,27028.101449275364,7233.420289855072,820.0316239626176,533.0205555757015,23704.376811594204,17264.376811594204,4616.427536231884,1463.5942028985507
512027,26882.56296296296,7232.096296296297,696.040168664505,452.4261096319283,46635.207407407404,14860.71851851852,7276.34074074074,1300.651851851852
512028,26904.972222222223,7228.083333333333,717.307229098017,466.2496989137111,14424.138888888889,21301.51388888889,11239.25,3087.3055555555557
512029,26917.89932885906,7231.416107382551,726.6617330575106,472.3301264873819,10345.953020134228,17773.31543624161,5340.073825503356,1880.4496644295305
512030,27015.372340425532,7230.776595744681,810.4912303455766,526.8192997246248,12220.212765957447,18533.074468085106,11554.595744680852,2205.2021276595747
512038,26896.73148148148,7228.759259259259,709.8991399594508,461.43444097364306,9222.37037037037,16453.435185185186,10239.768518518518,1763.0833333333333
512039,26928.716981132075,7228.018867924528,737.681267463736,479.49282385142845,22591.88679245283,19672.867924528306,5793.792452830188,2671.867924528302
512040,26970.74125874126,7231.3216783216785,771.9771159901152,501.7851253935749,9093.545454545454,21133.53146853147,10671.622377622378,3259.923076923077
512041,26994.75384615385,7230.430769230769,793.0069581101411,515.4545227715918,11009.515384615384,18023.13076923077,6869.7307692307695,2230.5307692307692
512042,27069.897435897437,7234.0192307692305,855.5268612739092,556.092459828041,11786.185897435897,18610.628205128207,5511.858974358975,1515.974358974359
512050,27005.009615384617,7232.625,800.6604653324049,520.4293024660632,37427.15384615384,17125.173076923078,8321.528846153846,2473.423076923077
512051,27045.67716535433,7229.795275590551,836.9579172470924,544.0226462106101,8043.614173228347,18982.818897637797,4439.1968503937005,1854.8346456692911
512052,27105.971153846152,7232.923076923077,886.9946734625601,576.546537750664,8487.009615384615,18199.30769230769,5297.596153846154,1227.1153846153843
512053,27114.532467532463,7232.077922077922,894.764686001558,581.5970459010127,5365.376623376624,16785.896103896102,3936.181818181818,1316.4805194805194
512066,26873.36904761905,7233.035714285715,687.6796111072074,446.99174721968484,15566.190476190475,14463.214285714286,7293.238095238095,1465.642857142857
512076,26828.071428571428,7232.511904761905,649.1459640901282,421.9448766585834,13380.107142857143,23958.47619047619,9265.65476190476,4440.071428571428
512084,26933.335877862595,7235.145038167939,737.9615519731839,479.67500878256953,24194.30534351145,16148.961832061068,8330.36641221374,1346.412213740458
512094,26847.96449704142,7235.92899408284,664.424310988392,431.8758021424548,8960.426035502958,20212.621301775147,10261.14201183432,4192.9763313609465
512095,26984.46153846154,7237.818181818182,780.3788871810257,507.24627666766673,20980.20979020979,17552.11888111888,11531.104895104894,2436.2727272727275
512112,26861.146853146853,7237.349650349651,674.9839528222444,438.7395693344589,17097.69230769231,19683.272727272728,8024.048951048952,3505.986013986014
512113,27020.623529411765,7236.811764705883,811.876021756509,527.7194141417309,9381.04705882353,19203.36470588235,6522.552941176471,1545.070588235294
512118,26819.60135135135,7237.405405405405,639.3655275302121,415.5875928946379,10592.418918918918,16263.547297297297,5497.506756756757,1960.7297297297296
512119,26912.22018348624,7238.697247706422,718.0403219484048,466.7262092664631,5194.724770642202,18716.39449541285,5959.256880733945,3117.091743119266
512127,27077.714285714286,7237.028571428571,860.6705622591264,559.4358654684322,7835.157142857143,20418.914285714287,5873.885714285714,1448.1285714285714
512138,27041.633027522937,7242.981651376147,826.6905552121375,537.3488608878894,5222.834862385321,20769.169724770643,5090.761467889908,2621.5045871559632
512149,26902.48780487805,7239.495934959349,709.2910979984466,461.0392136989903,12596.626016260165,18566.130081300813,10452.439024390244,3010.5365853658536
512150,27006.591304347825,7241.252173913043,797.5645648192041,518.4169671324827,35788.75652173913,16475.478260869564,8567.791304347826,2896.6173913043476
512162,26877.925925925927,7241.888888888889,687.0157895731546,446.56026322255053,12423.972222222224,17841.64814814815,6262.490740740741,2217.75
512163,26892.60714285714,7239.035714285715,701.0643309921317,455.6918151448856,33891.833333333336,19062.77380952381,9806.059523809525,3181.1071428571427
512164,26922.29577464789,7243.683098591549,724.0992568457249,470.6645169497212,12983.450704225352,20245.802816901407,8311.225352112677,3692.387323943662
512165,26994.50980392157,7239.411764705882,788.1645178658533,512.3069366128046,7425.490196078431,16365.29411764706,5892.823529411765,1965.843137254902
512173,26938.824324324323,7240.689189189189,739.8029092708438,480.87189102604844,15415.283783783783,16998.202702702703,10168.743243243243,1481.3108108108108
512174,26949.021739130436,7241.942028985507,747.8921003750182,486.12986524376186,33034.862318840576,20179.536231884056,9000.963768115942,1871.8840579710145
512175,27087.113636363636,7240.992424242424,866.677459273441,563.3403485277366,37157.333333333336,21133.0,9670.318181818182,2253.1969696969695
512184,26830.776785714286,7241.821428571428,646.6606150185736,420.32939976207285,6125.696428571428,18623.20535714286,5083.830357142857,2234.1160714285716
512185,26968.953846153847,7242.2,764.8337093308744,497.14191106506837,16161.76923076923,19199.876923076925,7856.538461538462,2944.507692307692
512186,27105.609375,7241.484375,882.2679009620051,573.4741356253033,19384.5,21795.8125,4750.671875,2393.234375
512194,26838.010638297874,7245.117021276596,651.1572153178159,423.25218995658037,6536.904255319149,17589.09574468085,7910.053191489362,2587.904255319149
512195,26848.595238095237,7245.261904761905,660.1496911811266,429.0972992677323,7840.857142857143,23482.89285714286,13024.547619047618,3470.0238095238096
512196,26867.758865248223,7246.602836879432,675.8742770840042,439.31828010460276,11606.13475177305,19980.382978723403,7378.7163120567375,2936.8297872340427
512197,26977.909090909092,7242.575757575758,772.3112995082113,502.00234468033733,33747.93939393939,17818.090909090908,11380.363636363636,3428.909090909091
512207,27064.218045112782,7246.390977443609,844.2789464513302,548.7813151933647,9006.42857142857,21157.406015037595,5157.037593984963,2400.488721804511
512208,27078.72357723577,7247.211382113821,856.2817533313155,556.5831396653551,18302.48780487805,20288.845528455284,9086.08943089431,3196.0162601626016
512218,26889.56,7246.15,694.7836881716466,451.6093973115703,19043.97,18010.65,7540.52,2282.44
512219,27020.284615384615,7246.669230769231,806.5001305313092,524.225084845351,13006.753846153846,20410.4,5313.661538461539,1966.946153846154
512220,27097.074324324323,7246.371621621622,872.4350318611041,567.0827707097177,30494.716216216217,20621.81081081081,5154.743243243243,1590.027027027027
512231,26806.597014925377,7248.104477611941,622.7056988310193,404.75870424016256,17969.253731343284,16815.5223880597,5746.455223880597,1846.1641791044776
512232,26995.79824561403,7247.087719298245,785.3081524772983,510.4502991102439,14176.122807017544,20517.026315789473,13718.254385964912,2569.780701754386
512251,26975.26829268293,7251.040650406504,765.681957557513,497.69327241238346,19994.780487804877,16527.260162601626,7710.747967479675,3275.308943089431
512252,27010.060975609755,7248.719512195122,796.6843615271403,517.8448349926412,9735.512195121952,20239.5,8338.987804878048,2723.182926829268
512264,26856.55223880597,7248.582089552238,665.2530839198737,432.4145045479179,45859.149253731346,16907.268656716416,8897.089552238805,2023.3880597014925
512265,26937.493975903613,7247.44578313253,735.1774829546396,477.86536392051573,41302.614457831325,16004.4578313253,9486.807228915664,1314.8915662650602
512266,26954.13253012048,7249.807228915663,748.2124900022858,486.3381185014858,16152.578313253012,19664.397590361445,9888.385542168677,2452.397590361446
512279,26962.58125,7252.25625,754.1865523499108,490.22125902744204,11162.34375,16062.3,8828.03125,1742.81875
512280,27055.366666666665,7248.677777777778,835.5166930109899,543.0858504571435,43202.95555555555,20905.344444444443,5787.044444444445,2657.911111111111
512290,26904.92156862745,7250.480392156863,705.7089758879129,458.71083432714335,7068.441176470588,17017.843137254902,7195.196078431372,1537.735294117647
512291,26969.48275862069,7250.068965517241,761.2271223757889,494.7976295442628,18591.931034482757,15015.758620689656,6471.896551724138,2003.0
512292,26984.61224489796,7250.734693877551,773.844234193007,502.99875222545455,15799.183673469388,19053.663265306124,9857.520408163266,2307.683673469388
512303,26790.464566929135,7253.551181102363,606.075943712003,393.949363412802,7331.385826771653,18877.582677165356,6876.929133858268,2215.5748031496064
512304,26828.154929577464,7251.352112676056,639.4976475582592,415.67347091286854,8849.267605633802,20044.549295774646,13599.957746478873,2411.507042253521
512305,27071.1796875,7253.5,846.5749741419284,550.2737331922534,7559.4140625,19087.875,8480.5,2204.3984375
512309,26879.008,7252.552,682.4415376292292,443.586999458999,7055.024,16750.376,4589.44,1941.016
512310,26913.9296875,7253.453125,711.8920554263857,462.7298360271507,6479.4921875,22016.1015625,7629.609375,2104.5625
512311,26927.406779661014,7253.525423728814,723.3998116300145,470.20987755950944,27208.508474576272,19529.65254237288,7757.35593220339,3011.686440677966
512312,26939.866666666665,7253.555555555556,734.0579405370854,477.13766134910554,48234.97777777778,16687.855555555554,9271.944444444443,1439.7333333333331
512319,26840.611940298502,7254.432835820896,648.57948269207,421.5766637498455,27360.201492537315,15486.201492537311,10003.828358208955,1876.097014925373
512320,26898.214285714286,7253.757142857143,698.2727216916563,453.8772690995766,35055.91428571429,13905.042857142857,5671.414285714286,1205.9142857142858
512330,26853.397959183672,7255.734693877551,658.8608942008394,428.2595812305456,46961.295918367345,16445.714285714286,9954.091836734691,2391.530612244898
512331,26863.88888888889,7257.925925925926,666.7173970521621,433.3663080839054,51867.27407407408,17768.348148148147,7311.977777777778,1587.0814814814814
512332,26889.470588235297,7254.364705882353,690.4690473026667,448.8048807467334,14651.411764705885,18774.141176470588,6550.64705882353,3142.576470588235
512347,26817.012121212123,7254.260606060606,628.4517193496224,408.49361757725455,9372.133333333331,20918.357575757575,10455.848484848484,2733.866666666667
512348,26994.68493150685,7258.897260273972,778.2617823995473,505.87015855970577,20718.698630136987,14461.59589041096,11336.890410958904,1600.5205479452054
512349,27004.76129032258,7258.967741935484,786.8572618419948,511.4572201972967,7034.587096774194,19630.63870967742,7234.0,2487.3290322580647
512350,27020.049019607843,7256.401960784314,801.2770986999498,520.8301141549674,16027.20588235294,20109.647058823528,4928.803921568628,1688.4117647058824
512351,27030.977142857144,7258.034285714286,809.7964659487176,526.3677028666665,3008.0457142857144,18486.85714285714,5103.4685714285715,3224.674285714286
512352,27050.150793650795,7258.126984126984,826.1736144794027,537.0128494116118,41670.642857142855,21713.055555555555,6370.992063492064,2742.3968253968255
512359,26984.966666666667,7257.916666666667,770.4425972647786,500.78768822210606,15097.716666666667,17095.8,9981.733333333334,2389.483333333333
512401,26797.8018018018,7259.378378378378,609.3550262211737,396.08076704376293,33065.63063063063,17005.585585585584,8232.684684684684,2017.945945945946
512415,26902.814814814818,7263.488888888889,697.1930297298637,453.17546932441144,9244.0,17996.044444444444,5902.607407407408,1536.7481481481482
512416,26921.45,7261.1625,714.3569362406699,464.3320085564355,31345.8125,22186.0875,10740.75,2736.0125
512417,26950.83962264151,7258.754716981132,740.7755476753514,481.50410598897844,35111.40566037736,15944.103773584906,7402.556603773585,1415.8490566037735
512418,26973.86111111111,7259.75,759.9832669728723,493.98912353236705,15183.722222222224,16777.13888888889,6774.166666666667,3151.3888888888887
512419,27015.07843137255,7262.392156862745,793.9286787902386,516.053641213655,12388.28431372549,21699.450980392157,4879.107843137255,2312.8039215686276
512420,27059.9126984127,7260.920634920635,833.0948095532427,541.5116262096078,11246.468253968254,21927.02380952381,15992.857142857143,2327.277777777778
512428,26829.201492537315,7262.067164179104,634.8661787141559,412.66301616420134,7572.6567164179105,21695.194029850747,13055.641791044776,3048.3582089552237
512429,26873.605042016807,7262.546218487395,672.6570170020461,437.22706105133,8856.90756302521,19652.529411764703,6475.35294117647,1941.420168067227
512430,26889.885542168675,7263.77108433735,685.9716722401874,445.88158695612185,8364.789156626506,16966.13855421687,4970.584337349397,1913.0180722891569
512431,26936.45283018868,7260.811320754717,727.3901815693235,472.8036180200603,11330.396226415094,22291.30188679245,10175.056603773584,2717.830188679245
512441,26805.89349112426,7264.213017751479,613.7924771128196,398.96511012333275,11245.710059171595,24444.71597633136,12091.289940828405,3414.0710059171597
512442,26846.49295774648,7262.422535211268,649.4954508888957,422.1720430777822,7465.859154929577,19590.0,12595.12676056338,3475.87323943662
512443,26928.89247311828,7265.311827956989,718.5917995017038,467.08466967610747,11218.56989247312,18280.182795698925,10674.333333333334,2121.7956989247314
512444,26943.725806451617,7262.645161290323,732.6744290981725,476.23837891381214,29962.274193548383,17730.983870967742,7420.6612903225805,2024.3870967741937
512445,26964.34074074074,7265.459259259259,748.8822463741415,486.773460143192,16298.377777777778,18660.103703703702,9582.45925925926,2251.9555555555557
512454,26838.33,7266.15,640.5796753311351,416.37678896523784,6639.89,17089.45,8892.79,1634.37
512467,26977.3,7264.816666666667,760.3152240870793,494.20489565660154,18176.266666666663,17893.633333333335,10637.316666666668,2442.1666666666665
512468,26987.238410596023,7268.827814569537,766.7595029999561,498.3936769499715,9217.258278145697,18871.238410596023,9847.417218543049,1677.4834437086092
512477,26909.760330578512,7268.98347107438,700.308148201081,455.2002963307027,7061.421487603306,17615.719008264463,8308.01652892562,1427.2644628099174
512478,26951.17647058823,7267.235294117647,736.6888936038591,478.8477808425084,36315.7294117647,14112.070588235294,6015.952941176471,1479.2823529411764
512486,26787.33606557377,7265.88524590164,597.0326707514112,388.07123598841724,6246.016393442623,19618.008196721312,5554.94262295082,2578.1065573770493
512498,26852.114942528737,7269.3448275862065,650.7402062754561,422.98113407904646,9394.69540229885,19594.55172413793,16839.419540229886,3013.120689655173
512499,27010.565656565657,7270.616161616162,785.8199978310764,510.78299859019967,7544.686868686868,21867.464646464647,5290.252525252526,2693.3333333333335
512508,26772.07894736842,7270.7192982456145,581.4688334199346,377.9547417229575,8391.192982456141,18261.219298245614,5779.982456140351,2949.877192982456
512509,26917.2,7271.782608695652,705.2371860625002,458.40417094062514,45417.06086956522,20764.33043478261,13506.434782608696,1787.4521739130437
512510,26974.232704402515,7273.144654088051,753.3911570116229,489.7042520575549,19824.540880503144,19719.01257861635,11723.949685534591,2674.056603773585
512519,26939.56818181818,7270.647727272727,724.9842274494471,471.2397478421406,13067.75,22412.0,8549.204545454546,2736.965909090909
512528,26821.145695364237,7271.536423841059,623.079953509415,405.0019697811197,11971.80132450331,20802.774834437085,17774.543046357616,3423.225165562914
512529,26931.04081632653,7275.986394557823,714.9250494825596,464.7012821636638,16955.904761904763,16994.557823129253,7863.78231292517,1541.3333333333333
512530,26955.6,7271.68,738.185211705204,479.8203876083826,44669.36,13337.5,5587.94,1258.84
512544,26999.27922077922,7274.019480519481,774.3957468935268,503.3572354807925,7987.883116883117,21862.33116883117,9544.136363636364,2820.064935064935
512555,26784.956521739132,7273.886956521739,590.8660907517573,384.06295898864227,6033.104347826087,16922.71304347826,4495.634782608696,2556.0782608695654
512556,26875.27536231884,7273.311594202899,668.5339227278903,434.5470497731287,15975.746376811594,16279.68115942029,6506.826086956522,2104.463768115942
512557,26896.463414634145,7274.471544715447,686.0860883251548,445.95595741135065,28595.756097560978,16745.869918699187,8389.878048780487,1460.9024390243903
512558,27041.5900621118,7274.024844720497,810.6382628742142,526.9148708682393,3513.4037267080744,16741.447204968943,4111.801242236025,3137.0248447204967
512569,26762.675324675325,7274.714285714285,571.352233436661,371.37895173382964,18798.766233766233,14181.597402597405,7006.077922077922,1567.7272727272727
512579,26962.82530120482,7279.957831325301,740.1041010124551,481.06766565809585,10389.307228915664,17473.18674698795,7021.668674698795,3433.210843373494
512590,26922.4,7279.76,705.5761153335927,458.6244749668353,31622.77,15619.01,11242.68,1142.02
512596,26835.616883116883,7277.279220779221,632.513829330317,411.13398906470604,6783.467532467533,23445.097402597403,10743.96103896104,3230.8766233766232
512597,26861.052980132452,7276.801324503312,654.5500335579185,425.45752181264703,25996.62251655629,17826.437086092716,8201.834437086092,2117.225165562914
512598,26951.1935483871,7279.104838709677,730.5799093184069,474.8769410569645,12010.854838709678,18371.0,6719.25,2248.959677419354
512611,26814.464285714286,7278.071428571428,613.984898417816,399.0901839715804,9131.333333333334,19292.11904761905,13944.642857142857,2271.345238095238
512612,26885.139705882353,7278.617647058823,674.2466985413049,438.2603540518482,7361.566176470588,17527.96323529412,6337.794117647059,1716.5220588235295
512613,26991.245283018867,7281.009433962264,763.9073456683561,496.5397746844315,23205.009433962263,20593.235849056604,9202.198113207549,2380.9245283018868
512629,26805.376923076925,7279.369230769231,605.5307245743855,393.5949709733506,30961.7,17822.915384615386,11586.176923076922,2375.9307692307693
512630,26848.59223300971,7280.873786407767,641.7745997043864,417.1534898078512,24728.825242718445,17487.495145631066,12726.26213592233,1772.5242718446602
512639,26775.36144578313,7279.44578313253,579.7786838117282,376.8561444776234,4729.650602409639,22143.21686746988,4315.951807228916,4148.843373493976
512647,26940.265734265733,7282.986013986014,719.2163383325352,467.4906199161479,12498.062937062938,17955.055944055945,5379.153846153846,1873.195804195804
512648,27011.814159292036,7281.33628318584,781.35890356501,507.88328731725653,3099.637168141593,10505.29203539823,3937.982300884956,896.7168141592921
512659,26791.08130081301,7283.5203252032525,591.1428906000447,384.24287889002903,10178.487804878048,19195.634146341465,6953.40650406504,3353.7723577235774
512660,26798.386363636364,7282.772727272727,597.7864141449757,388.5611691942342,34211.88636363636,17321.659090909092,12026.670454545454,2494.8522727272725
512661,26898.59493670886,7281.772151898735,684.1455871825954,444.694631668687,43054.3164556962,14915.430379746836,9403.582278481012,1566.4430379746836
512679,26763.34126984127,7285.150793650793,566.5384143909779,368.24996935413566,10847.031746031746,16503.24603174603,6080.444444444444,2138.936507936508
512680,26841.18666666667,7285.68,632.951101110978,411.4182157221357,19846.893333333333,17656.666666666668,12993.64,2087.9333333333334
512681,26865.594202898552,7284.811594202899,654.3076636790532,425.2999813913846,4547.369565217391,11385.840579710144,4795.869565217391,1418.6811594202898
512691,26985.521505376342,7288.822580645161,754.9732333694203,490.7326016901232,3524.6612903225805,17007.43010752688,6097.876344086021,2090.3709677419356
512704,26750.974193548387,7288.025806451613,554.4609986679136,360.39964913414383,12601.425806451613,18268.4,7254.593548387097,2350.8129032258066
512705,26914.22695035461,7287.063829787234,694.8066130260604,451.62429846693925,32826.75177304965,16870.85106382979,13862.397163120568,1287.1205673758866
512711,26822.048387096773,7287.435483870968,615.6507578172377,400.17299258120454,7917.677419354839,23627.5,12973.860215053764,2944.6129032258063
512722,26901.19191919192,7287.151515151515,683.5950079002428,444.33675513515783,12720.838383838383,18967.37373737374,15500.050505050503,1809.0
512733,26780.335164835164,7289.142857142857,579.0365700205163,376.37377051333556,4874.494505494506,20266.58791208791,6410.2032967032965,7012.2692307692305
512734,26945.373493975905,7291.433734939759,719.2336029558203,467.5018419212832,8546.349397590362,15130.33734939759,4742.0,1294.9638554216867
512735,26953.97391304348,7290.660869565218,726.999820000324,472.5498830002106,11251.44347826087,16456.35652173913,5279.426086956521,2094.9217391304346
512746,26832.8125,7288.225,624.4644400446382,405.90188602901486,33037.375,22407.5125,13149.925,3498.8875
512747,26882.84745762712,7288.966101694915,666.9441915492001,433.5137245069801,10492.994350282486,15905.71186440678,6829.74011299435,2556.446327683616
512765,26850.350746268658,7292.283582089552,637.3945927560025,414.3064852914016,41794.119402985074,19178.798507462685,17763.746268656716,1400.4179104477612
512773,26806.16513761468,7295.5,597.8839217643343,388.62454914681734,42671.366972477066,17866.376146788993,11964.266055045871,2578.9633027522937
512774,26925.265060240963,7292.325301204819,701.5478874696882,456.0061268552974,16492.301204819276,21029.566265060243,11448.12048192771,2045.3373493975903
512775,26934.412587412586,7294.55944055944,708.2314377299232,460.35043452445007,36560.0979020979,18667.23076923077,7687.909090909091,2461.237762237762
512781,26766.44230769231,7292.653846153846,565.3239985757508,367.460599074238,21278.653846153848,18463.403846153848,6694.038461538462,4474.576923076923
512782,26870.829268292684,7294.837398373984,653.6198352889295,424.8528929378042,8490.869918699187,17554.682926829268,13057.317073170732,2611.0731707317073
512783,26918.95238095238,7294.984126984127,694.7684611772686,451.5994997652246,14224.20634920635,13146.063492063491,6548.158730158731,1043.015873015873
512794,26730.05217391304,7294.869565217391,533.0075363816311,346.45489864806024,6970.034782608695,17453.260869565216,8052.356521739131,3688.1478260869567
512795,26792.83088235294,7296.463235294118,585.9642836760353,380.87678438942294,6142.073529411765,16861.345588235294,4954.860294117647,2962.404411764706
512796,26899.60689655172,7295.537931034482,677.9105756722969,440.641874186993,21633.048275862067,17593.524137931036,13321.358620689654,1933.1310344827589
512797,26970.4427480916,7294.93893129771,738.9006374527338,480.285414344277,3884.106870229008,28669.1679389313,8076.190839694656,3534.664122137405
512807,26758.063694267516,7298.445859872611,555.1583621681909,360.8529354093241,23954.936305732484,19211.038216560508,12219.92356687898,3355.828025477707
512808,26772.251968503937,7298.826771653543,567.116130989684,368.62548514329467,8962.748031496063,20918.23622047244,10089.976377952757,5004.834645669292
512809,26832.636363636364,7297.060606060606,619.7551787006147,402.84086615539957,6571.575757575758,23486.454545454544,11949.477272727272,2645.8257575757575
512830,26742.833333333332,7298.048611111111,542.316325544045,352.50561160362923,15506.243055555557,17736.152777777777,11583.097222222224,2133.6875
512837,26843.33823529412,7300.713235294118,627.038434419828,407.57498237288826,19926.29411764706,19954.066176470587,13792.72794117647,1950.345588235294
512838,26876.492424242424,7301.848484848485,654.8540499230675,425.65513244999386,35967.97727272727,19406.43181818182,10591.34090909091,2812.0454545454545
512839,26888.729166666668,7300.791666666667,665.8817917146807,432.82316461454246,13326.701388888889,20982.666666666668,11008.486111111111,4586.743055555556
512851,26856.96644295302,7301.161073825503,638.4818979993971,415.0132336996081,13985.21476510067,17853.24832214765,9823.979865771811,1503.4630872483222
512852,26910.93913043478,7300.173913043478,685.2265054491043,445.3972285419178,13817.313043478262,15963.365217391303,6792.191304347826,1220.895652173913
512853,26958.174157303372,7301.70786516854,724.898676770329,471.18413990071383,9159.219101123595,23221.1797752809,10442.129213483146,5491.842696629214
512864,26819.125925925928,7300.511111111111,606.4014084272786,394.1609154777311,9560.111111111111,18243.94074074074,12246.296296296296,2393.274074074074
512865,26945.52027027027,7302.445945945946,713.6780307321769,463.89071997591503,42645.25,15660.06081081081,8600.695945945947,2350.7635135135133
512894,26730.28888888889,7303.022222222222,529.004281303104,343.85278284701764,9015.122222222222,16367.755555555555,5814.622222222222,3271.988888888889
512895,26784.07692307692,7301.128205128205,576.0585628319533,374.43806584076964,4511.461538461538,16175.02564102564,5449.141025641025,4738.871794871795
512916,26922.074074074073,7305.018518518518,692.2657970502838,449.9727680826845,32415.916666666668,19036.546296296296,10708.407407407409,1885.9537037037037
512934,26749.965753424654,7308.369863013699,543.1014282887251,353.0159283876713,7436.376712328767,19515.520547945205,10955.69178082192,3288.22602739726
512935,26789.422818791947,7308.167785234899,577.006298583699,375.0540940794044,18827.919463087248,17828.335570469797,5277.664429530201,4109.89932885906
512936,26899.976923076923,7307.0,672.3141630719916,437.00420599679455,18459.815384615384,20393.276923076923,11436.084615384616,2588.5307692307692
512937,26972.93233082707,7306.436090225564,735.1018244575155,477.8161858973851,2196.8045112781956,12551.097744360904,3708.684210526316,1256.2631578947369
512955,26763.55905511811,7308.55905511811,554.6484281346843,360.5214782875448,28210.732283464567,20093.75590551181,13247.661417322835,2815.6929133858266
512965,26726.244680851065,7310.595744680851,521.6325849199675,339.0611801979789,5240.382978723404,19891.05319148936,5953.765957446809,4576.765957446809
512966,26736.1214953271,7310.682242990654,530.0488629678947,344.53176092913156,6006.532710280374,19493.364485981307,4855.07476635514,3278.177570093458
512967,26802.65625,7310.60625,587.0845962089105,381.60498753579185,10225.48125,22812.00625,6778.36875,5071.18125
512968,26815.45,7310.383333333333,598.1592766789573,388.8035298413223,27184.508333333335,21188.25,13640.991666666669,3089.3166666666666
512969,26878.197183098593,7312.140845070423,651.0044905012501,423.15291882581255,16914.38028169014,16645.070422535213,10524.887323943662,1323.056338028169
512970,26886.07692307692,7310.725274725275,658.4849206583953,428.01519842795693,43438.01098901099,15926.285714285714,11524.527472527472,1480.076923076923
512971,26910.964912280702,7312.19298245614,679.047836110276,441.3810934716794,57880.41228070176,13142.491228070176,5414.210526315789,1031.342105263158
512972,26935.7684729064,7311.403940886699,700.7027053991745,455.45675850946344,12459.940886699507,22332.463054187192,8650.56157635468,2563.2610837438424
512987,26714.030456852794,7312.065989847716,510.41084236371495,331.76704753641474,6548.771573604061,21716.913705583756,7660.878172588832,3872.060913705584
512988,26861.715789473685,7313.0842105263155,636.3991296029386,413.6594342419101,31421.4,19813.736842105263,15135.642105263158,2281.9
512989,26871.052631578947,7310.561403508772,645.699010209066,419.70435663589296,10489.929824561405,18211.63157894737,8684.491228070176,1298.578947368421
513000,26833.112,7311.248,612.8432142786886,398.3480892811476,25178.928,20221.536,10986.544,2761.704
513001,26849.524193548383,7311.451612903225,626.7975580940805,407.41841276115235,6634.032258064516,21032.5,13366.870967741936,2073.5564516129034
513002,26921.038759689924,7315.038759689923,686.2093621109311,446.0360853721052,18137.697674418603,17251.147286821706,7547.906976744186,1339.2635658914728
513034,26904.794701986753,7319.311258278146,670.0897810899481,435.5583577084663,25115.07947019867,17710.33774834437,9587.64238410596,1660.0529801324503
513053,26742.07692307692,7317.333333333333,531.7191756922572,345.6174641999672,6754.649572649572,21495.452991452992,7417.1623931623935,3739.589743589744
513054,26786.02189781022,7317.78102189781,569.1333610555788,369.9366846861262,31179.525547445257,19935.007299270073,7847.43795620438,3598.620437956205
513070,26772.189655172413,7318.318965517241,557.0065377227717,362.0542495198016,18959.73275862069,20128.66379310345,8141.974137931034,4377.224137931034
513071,26825.401041666668,7322.057291666667,600.6610572453629,390.4296872094859,7090.161458333333,26418.401041666668,11200.791666666666,3710.15625
513072,26873.285714285714,7317.755102040816,643.9006654809616,418.53543256262503,11831.34693877551,16091.326530612245,11818.061224489797,1463.061224489796
513073,26892.58823529412,7315.666666666667,661.5134779720734,429.9837606818477,21361.392156862745,17236.176470588234,13033.470588235294,1538.549019607843
513077,26761.75238095238,7318.971428571429,547.7289084157483,356.0237904702364,19941.17142857143,21804.60952380952,12605.90476190476,3618.780952380952
513078,26840.7,7319.7,614.9829516288478,399.7389185587511,20196.02142857143,20295.47142857143,15754.371428571429,3364.2
513093,26894.354166666668,7322.302083333333,659.6029744138515,428.7419333690035,31357.270833333332,14193.760416666666,8074.208333333333,1236.8125
513107,26725.165,7324.395,513.5885134909588,333.83253376912324,5899.165,19883.03,6143.325,3800.1
513108,26795.44155844156,7321.675324675325,575.1935380148501,373.8757997096526,39439.38961038961,16320.402597402595,7910.415584415585,2481.7662337662337
513117,26701.27559055118,7322.236220472441,494.2375550165161,321.2544107607355,4657.566929133858,17766.27559055118,4695.393700787402,5863.866141732284
513118,26805.34693877551,7320.88775510204,584.0852269520293,379.6553975188191,47373.34693877551,10653.244897959185,3929.673469387755,1485.6734693877552
513119,26916.36144578313,7323.313253012048,677.9336823486376,440.65689352661445,23540.566265060243,15345.66265060241,4879.650602409639,1021.5180722891566
513129,26693.960784313724,7321.862745098039,488.1640575005619,317.30663737536526,5065.588235294118,21631.725490196077,7425.0,6232.9607843137255
513130,26852.564814814818,7324.37037037037,622.7373718085587,404.7792916755632,10460.666666666666,17233.75925925926,17065.675925925927,2014.574074074074
513131,26863.408450704224,7325.795774647887,631.2911159405714,410.33922536137146,19959.24647887324,16036.415492957747,14334.94366197183,1650.8169014084508
513136,26734.78417266187,7328.575539568345,519.6719286691301,337.7867536349346,5741.3884892086335,17755.755395683453,4347.848920863309,3194.4676258992804
513137,26872.967391304348,7325.847826086957,639.4528610542493,415.64435968526203,11179.804347826086,20788.760869565216,15341.58695652174,2162.271739130435
513138,26938.827338129497,7324.877697841726,696.3718180195898,452.6416817127334,2443.7697841726617,11826.107913669064,5199.143884892086,1475.6474820143883
513147,26708.655555555557,7325.555555555556,498.84707256474,324.250597167081,7882.766666666666,21368.277777777777,6244.855555555556,6880.322222222222
513148,26883.848214285714,7325.125,649.1467542503934,421.9453902627557,24928.85714285714,18296.01785714286,12584.785714285714,2127.098214285714
513149,26963.101604278076,7325.711229946524,716.7361693432771,465.87851007313014,2743.2780748663104,8690.994652406416,4106.016042780749,828.144385026738
513163,26712.832167832166,7330.993006993007,499.6197037283226,324.7528074234097,6550.244755244756,18597.00699300699,8273.06993006993,8115.195804195804
513164,26750.095238095237,7325.126984126984,534.5671881427282,347.46867229277336,28963.984126984127,19999.531746031746,10846.579365079366,2860.7063492063494
513165,26761.94827586207,7325.706896551724,544.4218267605049,353.8741873943282,12932.0,21421.46551724138,7888.4655172413795,3915.844827586207
513177,26668.811475409835,7327.368852459016,463.7794251265515,301.45662633225845,5630.024590163935,19386.573770491803,10497.22950819672,2048.754098360656
513178,26776.486956521738,7327.304347826087,556.0521441759369,361.433893714359,13998.55652173913,22472.547826086957,6653.095652173913,3295.2869565217393
513186,26689.635135135137,7327.054054054054,481.7802737400215,313.157177931014,8285.945945945947,21912.972972972973,10113.513513513511,4919.472972972973
513187,26803.452991452992,7329.478632478633,578.0306728972237,375.7199373831954,29568.410256410258,17882.79487179487,8233.179487179486,3386.1794871794873
513188,26835.868852459014,7329.581967213115,605.7461799063925,393.7350169391552,24395.27049180328,17858.72131147541,13925.983606557376,3233.8688524590166
513189,26900.463414634145,7328.878048780488,661.4438138079424,429.9384789751626,19609.98780487805,16338.524390243903,6744.073170731707,1326.6463414634147
513199,26743.145454545454,7330.090909090909,526.052767825003,341.93429908625194,9139.6,18574.890909090907,5926.090909090909,3998.2909090909097
513200,26792.33064516129,7330.516129032259,567.9675388990781,369.1789002844008,33551.56451612903,18860.65322580645,9127.82258064516,2005.5887096774193
513209,26683.125,7330.013888888889,474.6764047825359,308.5396631086483,9356.041666666666,16720.069444444445,6737.652777777777,2858.3055555555557
513219,26783.161616161615,7333.555555555556,558.544885161278,363.0541753548307,29467.0,18530.454545454544,8696.585858585859,1833.79797979798
513220,26847.214285714286,7330.271428571428,615.1094653404388,399.8211524712852,9643.128571428571,21664.885714285716,21179.242857142857,3131.0714285714284
513221,26890.77966101695,7337.186440677966,648.8619142179317,421.76024424165564,14524.118644067798,20354.9604519774,9103.559322033898,1949.870056497175
513222,26906.91489361702,7334.581560283688,664.0279304863628,431.61815481613587,29291.177304964534,15642.36170212766,8719.95035460993,1225.4397163120568
513223,26918.405405405407,7330.77027027027,675.8374779658819,439.29436067782325,39086.51351351351,16457.797297297297,5774.716216216216,1421.8783783783783
513229,26694.65,7334.333333333333,482.32077110996414,313.5085012214767,6040.95,17527.458333333332,7240.3,5018.775
513230,26753.060975609755,7333.0609756097565,533.0145426255933,346.45945270663566,9983.219512195124,16611.243902439026,4779.40243902439,2719.5365853658536
513241,26816.970802919703,7332.372262773723,588.1177585249104,382.27654304119176,36583.02189781022,22040.75912408759,8137.167883211679,3144.7372262773724
513242,26879.825688073393,7333.972477064221,641.1363858394841,416.7386507956647,10229.642201834862,21019.26605504587,21823.981651376147,2363.706422018349
513251,26763.49019607843,7334.382352941177,541.2669492305167,351.8235169998359,9847.72549019608,19601.892156862745,5267.607843137255,3355.598039215686
513271,26673.858823529412,7336.988235294118,463.14046679137556,301.0413034143941,4138.0,16320.29411764706,5638.917647058824,5927.211764705882
513272,26682.28947368421,7338.789473684211,469.43324724903727,305.13161071187426,8757.59649122807,14801.859649122807,7842.403508771929,4882.096491228071
513273,26740.66393442623,7338.524590163935,519.5759727901036,337.72438231356733,19521.66393442623,17190.008196721312,5595.418032786885,2838.5409836065573
513274,26843.885496183208,7338.358778625954,608.0855384988249,395.25560002423623,22399.809160305344,16909.480916030534,14333.992366412214,1815.3129770992368
513289,26647.948051948053,7338.415584415585,440.2078039627467,286.1350725757854,6794.467532467533,13340.0,6740.714285714285,1582.0389610389611
513290,26771.477272727272,7337.545454545455,546.4771470575278,355.2101455873931,9616.818181818182,19549.738636363636,6486.420454545455,2178.443181818182
513291,26831.650793650795,7336.63492063492,598.4941221336207,389.0211793868535,26380.73015873016,19428.222222222223,17707.603174603173,2486.904761904762
513292,26868.965217391305,7337.356521739131,630.0869786628564,409.55653613085667,10787.652173913044,21220.13913043478,15282.582608695651,3304.278260869565
513305,26655.421875,7337.78125,446.9374610132779,290.50934965863064,5663.0,16783.625,9096.625,2852.09375
513306,26666.243902439022,7337.609756097561,456.2965497701811,296.5927573506177,5860.768292682927,16648.158536585364,7725.804878048781,3057.7073170731705
513307,26719.774774774774,7337.936936936937,501.98459772923496,326.28998852400275,14508.954954954956,21081.73873873874,6613.171171171171,5302.243243243243
513308,26805.442028985508,7339.949275362319,574.3326610312696,373.31622967032524,23867.514492753624,15527.826086956522,8804.260869565218,1418.2101449275362
513312,26729.657142857144,7341.885714285714,508.4130457959482,330.4684797673664,8172.6,16591.085714285713,6495.380952380952,2305.304761904762
513313,26751.155339805824,7341.834951456311,526.8555134286623,342.4560837286305,40546.69902912621,17469.281553398057,6050.233009708738,2362.5728155339807
513314,26792.484375,7339.546875,563.4401805257561,366.2361173417415,23760.0625,16146.28125,9417.078125,1482.203125
513315,26914.358695652172,7340.163043478261,667.5250692946357,433.8912950415132,10976.858695652174,19113.054347826088,9671.641304347826,1334.1304347826087
513333,26704.067164179105,7341.671641791045,486.60201336891186,316.29130868979274,17749.268656716416,14183.014925373134,6469.776119402985,7638.835820895522
513334,26817.074626865673,7341.0,583.7555647627249,379.44111709577123,20886.89552238806,21170.223880597016,16358.880597014926,2815.8358208955224
513335,26858.425373134327,7341.3432835820895,619.0012861815464,402.3508360180052,5682.932835820896,22445.455223880595,14695.679104477613,4002.253731343283
513336,26899.12658227848,7345.208860759493,651.8734005783798,423.71771037594687,15570.221518987342,16937.981012658227,10346.196202531646,1512.012658227848
513353,26638.88888888889,7347.503267973856,427.7589112923277,278.043292340013,9699.209150326797,19447.934640522875,9835.124183006536,3731.908496732026
513354,26763.07,7344.2,535.8419713230411,348.29728135997675,29093.6,18847.38,7758.86,2373.42
513355,26826.48514851485,7342.772277227723,590.9026865623284,384.0867462655135,8461.81188118812,26275.336633663366,25436.52475247525,2804.039603960396
513363,26663.836734693876,7345.65306122449,450.08484693078015,292.5551505050071,21641.156462585033,14449.326530612245,7947.197278911564,2292.21768707483
513364,26923.848484848484,7344.690909090909,673.3184601457822,437.6569990947584,3825.5939393939393,8757.630303030302,3402.4,810.7212121212121
513373,26717.810126582277,7346.974683544304,495.6389340773843,322.1653071502998,10004.60759493671,17205.816455696204,7894.867088607595,3147.1202531645567
513374,26782.766871165644,7344.2208588957055,552.7043955980865,359.25785713875626,26876.80981595092,18077.754601226992,11806.846625766872,2420.441717791411
513375,26878.161616161615,7343.616161616162,634.7355994383217,412.5781396349091,6733.919191919192,23439.353535353537,13442.141414141412,2608.050505050505
513398,26694.956521739132,7348.246376811594,475.40547591888014,309.0135593472721,26527.246376811596,16463.695652173912,10875.036231884058,6588.586956521739
513399,26737.728813559323,7346.35593220339,513.0213564622655,333.4638817004726,20267.101694915254,19405.322033898305,9092.06779661017,2757.3050847457625
513400,26839.089552238805,7345.3432835820895,600.3737527364847,390.242939278715,37925.64179104478,17927.119402985074,13603.402985074626,1591.5074626865671
513407,26910.344827586207,7348.505747126437,659.7825353538581,428.85864798000773,21550.183908045976,14824.620689655172,6957.701149425287,1263.6781609195402
513414,26647.35483870968,7347.870967741936,434.8215075211107,282.63397988872197,5228.080645161291,17836.25806451613,8122.774193548387,3432.7580645161293
513415,26682.22891566265,7350.421686746988,463.3801984377745,301.19712898455344,8907.240963855422,15183.397590361446,10467.06626506024,5917.584337349397
513416,26754.756756756757,7349.189189189189,526.1465188274894,341.99523723786814,26350.445945945947,17955.35135135135,8395.662162162162,2156.054054054054
513417,26816.330188679247,7348.915094339623,579.0343726535162,376.3723422247856,27640.924528301886,15568.801886792451,12179.811320754718,1682.1792452830189
513424,26847.757575757576,7349.075757575758,605.8735341198912,393.8177971779293,22401.325757575756,20118.075757575756,13611.371212121212,3156.689393939394
513425,26867.40707964602,7348.973451327433,622.75892365091,404.7933003730915,14062.132743362832,19521.59292035398,15953.16814159292,4849.026548672567
513434,26796.595505617977,7351.455056179775,560.8184046826207,364.53196304370346,27867.26404494382,19857.112359550563,9159.955056179777,2303.308988764045
513435,26832.810126582277,7350.303797468355,592.4353495821283,385.0829772283834,25843.240506329115,18691.949367088608,12597.113924050633,2434.9493670886077
513436,26882.47191011236,7349.808988764045,635.2330423650799,412.90147753730196,21003.685393258427,18647.314606741573,6656.247191011236,1705.1797752808989
513451,26739.793103448275,7351.862068965517,511.9490461407513,332.76687999148834,10272.06896551724,19061.568965517243,7785.689655172414,2656.551724137931
513452,26747.389830508473,7351.694915254237,518.5429649585519,337.05292722305876,10140.22033898305,19111.57627118644,6248.576271186441,2238.6101694915255
513461,26766.060240963856,7352.012048192771,534.3732282457979,347.34259835976866,20337.24096385542,19903.590361445786,9528.602409638554,3425.409638554217
513462,26809.466666666667,7353.895238095238,570.5854802395751,370.8805621557238,24738.295238095237,21332.095238095237,14894.438095238096,2347.980952380952
513468,26648.013698630137,7356.075342465753,431.15319825234087,280.2495788640216,20411.739726027397,18136.739726027397,8535.77397260274,3081.917808219178
513469,26700.558823529413,7357.076470588236,475.64911665260183,309.1719258241912,12085.911764705885,19578.329411764706,13361.535294117648,3514.794117647059
513483,26657.897727272728,7355.625,439.8526176589427,285.90420147831276,28497.511363636364,16409.340909090908,9869.295454545454,2487.8522727272725
513484,26779.701219512193,7356.030487804878,543.9855239831959,353.59059058907735,29124.225609756097,16301.90243902439,8429.817073170732,2627.4024390243903
513485,26858.719512195123,7353.40243902439,613.0318223818824,398.4706845482236,24413.146341463416,15342.121951219511,11821.585365853658,2941.939024390244
513494,26628.515151515152,7356.0,414.4887754800705,269.41770406204586,19241.409090909092,16900.409090909092,12971.712121212122,2708.9848484848485
513495,26868.927536231884,7356.695652173913,620.0774532885747,403.0503446375736,41559.34782608696,18256.971014492752,6297.449275362319,2809.31884057971
513506,26665.060240963856,7357.614457831325,444.96195372459243,289.2252699209851,22534.409638554214,18579.036144578313,10131.313253012047,4518.891566265061
513507,26712.389380530974,7356.530973451328,486.06510705457885,315.94231958547624,5358.486725663717,24036.398230088496,11091.628318584071,5433.451327433629
513508,26760.333333333332,7356.088888888888,527.3640313769131,342.7866203949935,42590.51111111111,15600.244444444445,10792.733333333334,1538.5111111111112
513509,26825.573170731703,7355.451219512195,583.5802572071347,379.3271671846375,7973.231707317073,22037.378048780487,7888.5609756097565,3415.121951219512
513510,26842.404761904763,7357.3015873015875,597.0442981234041,388.0787937802127,21919.11111111111,17443.579365079364,11547.031746031746,2504.222222222222
513511,26905.318584070796,7358.876106194691,650.1266699195961,422.5823354477375,4378.1769911504425,9848.32743362832,3771.2035398230087,2019.6017699115043
513517,26732.045454545456,7358.823863636364,501.7204196287621,326.11827275869535,24586.9375,19725.386363636364,7523.301136363636,2784.034090909091
513518,26751.634146341465,7358.365853658536,518.7372259347629,337.1791968575959,25651.98780487805,17271.20731707317,9616.682926829268,2062.2926829268295
513519,26791.2,7356.714285714285,553.4830950695875,359.7640117952319,34374.05714285714,13180.028571428573,5163.4,1747.3714285714286
513520,26879.808139534885,7358.5,628.4673646204734,408.5037870033077,16752.482558139534,20011.081395348836,7832.3488372093025,1999.4127906976744
513521,26895.701986754968,7358.476821192053,642.094674770846,417.3615386010499,13044.582781456951,15755.192052980132,5162.205298013245,2637.46357615894
513533,26637.536585365855,7357.731707317073,421.3235183776146,273.8602869454495,26038.341463414636,13411.09756097561,8076.048780487805,2014.5365853658536
513534,26674.577777777777,7358.611111111111,452.60090127150363,294.1905858264774,13692.133333333331,21956.955555555556,14309.666666666666,6673.777777777777
513535,26853.630057803468,7362.872832369942,603.7861088938212,392.46097078098376,20534.0,15209.184971098266,10264.42774566474,2770.658959537572
513554,26818.78125,7359.609375,575.6167732919633,374.1509026397762,7510.59375,21714.421875,8994.828125,3186.734375
513567,26834.21359223301,7362.252427184466,587.4732038720571,381.8575825168371,11835.495145631068,16018.990291262136,8035.145631067961,1923.3009708737864
513578,26632.253012048193,7362.746987951808,414.2099503966721,269.2364677578369,8186.698795180723,20302.24096385542,9472.97590361446,4480.915662650603
513579,26760.645454545454,7367.468181818182,521.7607195637878,339.1444677164621,11699.877272727274,18997.859090909093,10484.290909090909,2435.1454545454544
513580,26786.45989304813,7365.2513368983955,545.0181679260115,354.2618091519075,34851.29946524064,15389.262032085562,9223.411764705885,2731.1122994652405
513591,26687.51111111111,7360.877777777778,462.5107544868022,300.63199041642144,5711.2,18902.533333333333,13539.233333333334,4663.855555555556
513600,26742.277777777777,7365.814814814815,506.8791671433088,329.4714586431507,21357.54938271605,17076.69135802469,8152.37037037037,1949.58024691358
513601,26772.8018018018,7365.477477477478,533.2013923834891,346.5809050492679,17139.64864864865,14340.126126126126,8621.081081081082,2206.225225225225
513602,26814.95588235294,7364.882352941177,569.6194183461141,370.25262192497416,6938.411764705882,19592.632352941175,7549.691176470588,2520.970588235294
513603,26863.03361344538,7367.386554621848,609.5129250773784,396.183401300296,10002.268907563026,19219.899159663863,9950.134453781511,2754.9411764705883
513615,26659.333333333332,7365.94623655914,435.7575928114907,283.24243532746897,42905.18279569892,20168.322580645163,10047.139784946236,3275.8924731182797
513616,26674.722222222223,7367.2555555555555,448.2648853556133,291.37217548114864,18435.68888888889,20190.522222222226,14675.455555555556,4173.733333333334
513617,26825.516393442624,7368.450819672131,576.824998789199,374.93624921297936,19186.491803278688,19383.35245901639,9077.27868852459,2129.3688524590166
513629,26685.87777777778,7368.1,457.3855561128924,297.30061147338006,6074.077777777778,16224.733333333334,8704.322222222223,4038.3777777777777
513639,26649.064935064936,7366.402597402597,426.72580093962245,277.3717706107546,13493.415584415585,23407.44155844156,10937.83116883117,4299.727272727273
513640,26666.72131147541,7368.196721311476,440.9254050715131,286.6015132964835,34435.54098360656,17727.262295081968,11904.475409836066,2838.4262295081967
513641,26723.349206349205,7369.746031746032,488.635986934347,317.61339150732556,24084.14285714286,18679.57671957672,6805.534391534392,3348.777777777778
513642,26809.345238095237,7368.630952380952,562.8791605411526,365.8714543517492,8881.547619047618,17377.45238095238,7221.071428571428,2135.3333333333335
513643,26844.173553719007,7371.578512396694,591.1939161891015,384.276045522916,13239.413223140496,18762.586776859505,7912.859504132231,2061.96694214876
513654,26879.63698630137,7369.349315068493,622.7234799155859,404.77026194513087,3773.4794520547944,12643.712328767124,4897.465753424657,1184.63698630137
513666,26797.4375,7370.1875,551.8754426922036,358.71903774993234,32117.6875,18230.25625,11460.61875,3604.025
513667,26833.732558139534,7371.941860465116,582.0622562477255,378.3404665610216,20902.20930232558,18866.697674418603,9408.43023255814,2546.220930232558
513675,26641.9875,7370.6375,418.4781386045843,272.0107900929798,13533.3,23320.525,12564.8,4368.875
513703,26657.0,7373.654545454546,429.7819675238064,279.35827889047414,32300.945454545457,16881.054545454546,10996.036363636364,3010.490909090909
513704,26785.220588235297,7373.544117647059,539.678199712734,350.7908298132771,53138.23529411765,14378.45588235294,8722.073529411764,2042.5441176470588
513711,26677.163265306124,7374.88775510204,446.41846146432306,290.17199995181,19021.867346938776,17641.979591836734,6261.1122448979595,5746.142857142857
513712,26709.44871794872,7374.057692307692,474.50380396181305,308.4274725751785,14141.070512820514,15544.19871794872,6930.858974358975,4365.5192307692305
513713,26751.869565217392,7372.695652173913,511.5460129882973,332.5049084423933,8730.282608695652,15684.782608695652,8139.978260869565,1961.5869565217392
513721,26649.31111111111,7374.6,422.70756593240395,274.7599178560626,32206.555555555555,17886.844444444443,11512.111111111111,3969.3333333333335
513722,26746.0,7375.722772277228,504.9561706005982,328.22151089038886,6645.970297029703,16226.663366336634,9143.049504950495,2315.4950495049507
513723,26771.46987951807,7377.240963855422,525.99151317146,341.894483561449,28109.204819277107,18520.301204819276,13854.89156626506,2421.3132530120483
513734,26805.10071942446,7378.453237410072,554.17571091855,360.2142120970575,26058.323741007192,18105.913669064747,7896.143884892086,1694.589928057554
513739,26760.20338983051,7378.949152542373,515.4588831359581,335.04827403837277,57000.40677966102,14067.237288135591,10660.93220338983,2484.322033898305
513747,26666.79674796748,7379.731707317073,435.0390153873494,282.77536000177713,36719.03252032521,15469.934959349594,6441.609756097561,4493.536585365854
513748,26735.17948717949,7376.410256410257,495.33217493668155,321.965913708843,9150.102564102564,19607.48717948718,9379.884615384615,2334.3846153846152
513754,26777.830769230768,7380.092307692307,529.9694883178007,344.4801674065705,23006.138461538463,20009.523076923077,15630.353846153846,3589.0461538461536
513755,26831.229357798165,7379.220183486239,576.1629494949601,374.5059171717241,26833.284403669724,22187.229357798165,7576.477064220184,2050.816513761468
513764,26642.96511627907,7380.883720930233,414.02948133999786,269.1191628709986,10009.96511627907,15719.581395348838,7392.127906976744,4538.2441860465115
513765,26653.29508196721,7380.868852459016,422.8862442849007,274.8760587851855,12946.180327868851,15527.344262295082,6473.9672131147545,3911.6721311475408
513766,26728.73076923077,7380.942307692308,487.4697967736249,316.8553679028562,8015.3557692307695,15424.971153846154,6567.278846153846,1594.798076923077
513767,26790.658333333333,7380.9,540.5414341749149,351.3519322136947,30000.216666666667,15227.558333333332,9734.816666666668,4317.233333333334
513777,26632.243902439022,7381.432926829269,404.5618885364785,262.965227548711,10473.396341463416,19771.621951219513,9942.40243902439,5876.963414634146
513778,26661.255319148935,7381.595744680851,429.330314461434,279.0647043999321,38524.574468085106,13983.63829787234,6262.829787234043,3305.723404255319
513779,26701.83185840708,7381.256637168141,464.2648691358409,301.7721649382966,9993.318584070796,17815.82300884956,8115.805309734514,4169.840707964602
513780,26814.70634920635,7381.373015873016,560.8979636392264,364.5836763654972,23188.85714285714,19445.031746031746,6804.880952380952,1574.7857142857142
513781,26861.436974789915,7380.470588235294,601.3949952521294,390.90674691388415,2791.5126050420167,13087.957983193275,5328.27731092437,1672.1008403361343
513782,26872.545454545456,7379.590909090909,611.3648310388143,397.38714017522926,2658.715909090909,7792.795454545455,3673.5795454545455,751.7727272727273
513795,26740.7125,7383.25,496.54330084421866,322.75314554874217,6622.1125,19368.6875,7840.2375,1746.85
513812,26712.426229508197,7384.213114754099,471.81518668942573,306.6798713481267,6692.918032786885,21103.22950819672,8413.590163934427,2661.8360655737706
513813,26723.6328125,7386.359375,480.3079502663564,312.20016767313166,9299.328125,18196.90625,6876.4921875,2602.6640625
513814,26839.036697247702,7384.229357798165,580.266769798267,377.17340036887356,43310.84403669725,19929.26605504587,15751.798165137614,1892.9357798165136
513828,26690.28181818182,7383.945454545455,452.98342162573397,294.4392240567271,31634.754545454547,18080.954545454544,10309.781818181818,4443.9
513829,26823.287037037036,7386.064814814815,565.8280044217332,367.7882028741266,43248.46296296296,15425.555555555557,14761.981481481482,1325.138888888889
513830,26850.008196721312,7385.139344262295,589.1959564453462,382.97737168947504,28362.77049180328,17054.581967213115,11676.180327868851,2231.852459016394
513837,26647.17647058823,7387.917647058824,414.0082371511153,269.10535414822493,11513.811764705884,16531.54117647059,4817.364705882353,4918.117647058823
513838,26754.421487603307,7387.479338842975,506.1050510874081,328.9682832068153,19901.97520661157,19956.01652892562,12776.454545454546,2213.619834710744
513839,26787.405405405407,7387.864864864865,534.1615947008678,347.2050365555641,12970.337837837838,12112.72972972973,7978.175675675676,3038.4189189189187
513849,26656.650793650795,7387.714285714285,422.2292651958404,274.4490223772963,14500.412698412698,16634.0,4595.380952380952,4458.9682539682535
513856,26672.873786407767,7388.242718446602,435.8539537704644,283.30506995080185,21193.35922330097,18534.66990291262,6669.135922330097,5990.194174757282
513857,26766.618181818183,7389.290909090909,515.6186562867065,335.1521265863592,47780.990909090906,14612.427272727273,6213.572727272727,1822.0
513858,26776.563380281692,7387.12676056338,525.2546456565743,341.41551967677333,7559.197183098591,20358.225352112677,7349.197183098591,7603.225352112676
513866,26743.699029126212,7390.067961165048,495.58423724396624,322.12975420857805,18959.941747572815,18858.718446601943,9385.961165048544,1939.9126213592233
513871,26682.706293706295,7392.776223776224,441.9380220785557,287.25971435106123,15830.377622377622,15295.062937062938,8986.587412587412,2984.2937062937062
513872,26707.875,7390.663461538462,464.5886112330402,301.9825973014761,4716.134615384615,25509.93269230769,9130.10576923077,3261.826923076923
513883,26814.159420289856,7393.673913043478,554.083287980388,360.1541371872522,19828.760869565216,13566.579710144928,12759.58695652174,1221.4202898550725
513886,26692.626506024095,7398.273092369478,447.60021376518137,290.94013894736787,13859.084337349395,14703.534136546185,8477.261044176706,2648.5060240963853
513887,26755.13157894737,7394.657894736843,503.0098587987298,326.95640821917436,49209.46052631579,13251.513157894737,8649.223684210527,1364.6447368421052
513888,26792.55056179775,7393.370786516853,535.7285978895278,348.2235886281931,12451.85393258427,17658.70786516854,5248.898876404494,3372.4157303370785
513889,26828.761904761905,7391.952380952381,567.4805583812904,368.8623629478388,36677.94047619047,18241.821428571428,26183.61904761905,1919.190476190476
513890,26841.927835051545,7392.927835051546,578.2558132979855,375.8662786436906,12516.37113402062,18118.41237113402,13425.969072164948,2085.896907216495
513903,26778.094736842104,7394.136842105263,522.9499019775513,339.91743628540837,7092.421052631579,15314.44210526316,4888.0,6771.263157894737
513914,26640.403846153848,7394.538461538462,404.79077347174234,263.11400275663254,9393.75,16838.66346153846,5805.298076923077,2656.7403846153848
513915,26649.864864864863,7395.972972972973,412.1554098909132,267.9010164290936,8832.22972972973,18152.972972972973,5188.824324324324,2248.2432432432433
513916,26665.94495412844,7394.651376146789,426.61212949632124,277.2978841726088,24777.10091743119,14777.091743119268,4552.146788990825,2407.064220183486
513930,26804.316326530618,7394.102040816327,545.4303959293333,354.52975735406665,39359.02040816326,13227.57142857143,4470.938775510204,1231.030612244898
513937,26729.944444444445,7394.722222222223,481.4002907234407,312.9101889702365,23735.574074074073,14411.425925925923,6219.555555555556,1806.8703703703704
513945,26657.138461538463,7397.415384615385,417.6421308751819,271.4673850688683,10697.953846153849,17582.169230769232,5240.046153846154,2883.3384615384616
513946,26723.607594936708,7396.670886075949,474.9665386496361,308.7282501222635,20148.050632911392,14399.746835443038,6103.265822784811,2560.3797468354433
513947,26764.79245283019,7399.320754716981,508.88016322708364,330.77210609760436,19420.745283018867,17560.38679245283,6056.38679245283,3422.235849056604
513954,26736.17391304348,7397.594202898551,485.25503815405665,315.41577480013683,21790.797101449276,16235.014492753624,10539.028985507246,1465.2608695652175
513955,26829.708333333332,7399.8125,564.236197628649,366.7535284586219,31276.57638888889,16475.79861111111,12932.895833333334,2262.1111111111113
513967,26633.3125,7399.2375,396.29174207994197,257.5896323519623,12165.0625,16903.9375,6642.7125,2775.2625
513968,26671.8417721519,7402.018987341772,427.8625745140057,278.1106734341037,6924.7594936708865,15769.151898734175,5056.443037974684,4301.56329113924
513969,26743.571428571428,7401.561904761905,489.54509148658303,318.20430946627897,33391.219047619044,16902.180952380953,14061.790476190476,1288.5047619047618
513970,26799.51923076923,7401.057692307692,537.7325092550931,349.5261310158105,15627.826923076924,17425.68269230769,6888.076923076923,1767.9615384615386
513979,26717.19387755102,7400.183673469388,467.6599916563927,303.9789945766553,9921.469387755102,17652.5,6411.265306122449,3858.561224489796
513980,26781.835164835164,7401.197802197802,522.5112949999467,339.63234174996535,7334.054945054945,17060.571428571428,3984.032967032967,2556.5384615384614
513989,26756.190476190477,7400.547619047619,500.87838940847894,325.5709531155113,21078.833333333332,14263.57142857143,8200.904761904761,1204.142857142857
514000,26817.219696969696,7404.583333333333,551.076576019984,358.19977441298965,36286.59848484849,14924.05303030303,9014.969696969696,2656.810606060606
514011,26651.32075471698,7403.622641509434,409.45604901849504,266.14643186202176,33118.07547169811,18395.35849056604,6321.018867924528,3770.283018867925
514021,26732.212962962964,7405.981481481482,477.5348393880635,310.3976456022413,18865.36111111111,15801.787037037036,12851.712962962964,1891.6296296296296
514022,26771.367924528306,7409.38679245283,509.31982754258684,331.05788790268144,8776.716981132075,18540.32075471698,6159.231132075472,3529.2264150943397
514023,26789.516129032258,7402.774193548387,528.2778630577168,343.3806109875159,45527.8870967742,15363.225806451614,4561.951612903225,2054.564516129032
514039,26641.216666666667,7406.683333333333,399.22141257238627,259.4939181720511,20595.683333333334,15610.466666666667,6901.108333333334,3256.15
514040,26704.227722772277,7405.504950495049,453.80732799838404,294.97476319894963,6729.841584158416,15045.138613861383,7884.544554455446,4814.980198019802
514041,26749.714285714286,7405.357142857143,492.8493263146693,320.3520621045351,40533.517857142855,16955.303571428572,14602.732142857143,1516.75
514042,26756.013698630137,7408.0,496.8821981167133,322.9734287758637,19111.794520547945,16230.986301369863,12736.794520547945,1677.9041095890411
514048,26658.4875,7406.5,414.1109334344738,269.172106732408,17840.05,19254.575,7767.5625,4348.0625
514049,26792.78431372549,7409.303921568628,527.7087800014519,343.0107070009438,18597.607843137255,16780.352941176472,7290.872549019608,2055.872549019608
514072,26719.194630872484,7409.060402684564,464.7943316510406,302.1163155731764,12554.503355704695,17365.577181208053,8039.932885906041,2993.577181208054
514073,26761.911111111112,7409.844444444445,500.9826079860793,325.6386951909516,17933.866666666665,14502.288888888888,9587.08888888889,1949.6666666666667
514085,26630.026315789473,7411.467105263157,387.1672829088994,251.65873389078462,12805.796052631578,15976.401315789471,9826.263157894737,3665.4868421052633
514086,26648.907692307697,7411.123076923077,403.5193683383286,262.2875894199136,25020.492307692308,12046.215384615383,6043.107692307693,1804.215384615385
514096,26743.085714285713,7411.342857142857,484.08291901186186,314.6538973577102,19364.042857142857,17566.82857142857,10427.457142857143,1425.3714285714286
514102,26696.53676470588,7412.77205882353,443.4697509962691,288.25533814757495,9155.485294117649,16549.66911764706,10284.823529411764,3169.389705882353
514103,26810.979487179487,7414.394871794872,540.6690759527477,351.43489936928603,25407.241025641026,21525.46153846154,10592.502564102564,4096.656410256411
514117,26778.357798165136,7415.412844036698,512.1987546246173,332.92919050600125,14828.660550458717,18941.183486238533,5942.788990825688,2226.8715596330276
514121,26683.51923076923,7414.221153846154,431.570770220123,280.52100064307996,13509.326923076924,17495.85576923077,7072.384615384615,3950.557692307693
514122,26712.809859154928,7416.1760563380285,455.65382690476713,296.1749874880986,19397.25352112676,20616.901408450703,12078.99295774648,3477.992957746479
514123,26738.360655737702,7417.065573770492,477.082825633159,310.1038366615534,8361.475409836066,18645.0,6244.180327868852,2723.8196721311474
514124,26747.471264367818,7417.540229885058,484.642484455626,315.0176148961569,8597.701149425287,17425.32183908046,5666.091954022989,1943.3563218390805
514125,26799.39047619048,7416.219047619048,529.8003214263069,344.3702089270995,33954.885714285716,19516.0,8725.219047619048,2731.4761904761904
514134,26655.561904761904,7419.0,405.1558709772836,263.35131613523436,6957.704761904762,13563.266666666666,6235.771428571428,1872.809523809524
514135,26661.666666666668,7413.507246376812,413.2192373353037,268.59250426794745,6949.260869565217,16861.159420289856,6909.014492753623,2709.217391304348
514136,26672.069444444445,7415.854166666667,420.91990437775684,273.59793784554194,12003.479166666666,22111.659722222223,7152.229166666667,5768.118055555556
514137,26728.5078125,7417.3046875,468.5190959493208,304.5374123670585,16854.65625,18059.6875,8279.046875,2096.5859375
514138,26757.23148148148,7418.037037037037,492.74719786160733,320.2856786100448,16112.898148148148,19341.555555555555,6157.768518518518,2661.5925925925926
514148,26639.28,7418.51,391.4608880281008,254.44957721826552,13645.28,15102.7,9346.46,3153.64
514155,26647.5,7417.8,398.8687889048468,259.2647127881504,15525.8,13172.333333333334,7003.733333333334,2444.5333333333333
514179,26693.623188405796,7420.492753623188,436.9906746599996,284.0439385289998,9468.768115942028,11788.31884057971,11108.260869565218,1745.9565217391305
514180,26783.21582733813,7421.755395683454,513.0881667315874,333.50730837553186,14188.8345323741,19539.36690647482,8231.654676258993,2451.906474820144
514187,26664.048780487807,7421.414634146341,411.18035981806565,267.2672338817427,5888.121951219512,23079.341463414636,5500.4390243902435,7696.4390243902435
514188,26682.147058823528,7423.97794117647,425.36168703661355,276.48509657379884,13346.08088235294,18009.20588235294,12438.95588235294,3648.323529411765
514189,26701.535353535353,7423.060606060606,442.4437949158299,287.58846669528947,16134.030303030304,16197.474747474747,14264.09090909091,2553.656565656566
514218,26647.86301369863,7426.972602739726,394.4475267794376,256.39089240663446,8900.219178082192,13908.8698630137,7669.958904109589,2361.458904109589
514219,26718.092436974788,7426.865546218487,454.6642977658344,295.5317935477924,13496.680672268909,15137.268907563026,7007.605042016807,3101.3193277310925
514220,26729.093333333338,7427.14,463.94654455838406,301.56525396294967,12130.46,21828.14,9724.373333333331,4089.92
514226,26632.8984375,7425.7265625,382.2710725769304,248.47619717500478,23019.7265625,17954.0625,8799.703125,4911.03125
514227,26744.3488372093,7427.447674418605,476.85633198348376,309.95661578926445,10562.279069767445,19968.087209302324,9468.953488372092,3712.3546511627906
514228,26764.15,7423.89,495.654297193732,322.17529317592584,7325.18,17357.19,5003.22,2296.23
514237,26792.738095238095,7425.0,519.5714272577594,337.72142771754363,54603.892857142855,14891.416666666666,4264.452380952381,1520.3809523809523
514261,26691.58823529412,7430.117647058823,430.2818700183821,279.6832155119484,20602.670588235294,19627.894117647054,9835.894117647058,5009.988235294118
514268,26667.11111111111,7429.076923076923,409.8506341029855,266.4029121669406,10844.34188034188,18952.28205128205,4912.051282051282,5654.478632478633
514274,26676.561904761904,7432.971428571429,415.93737635983626,270.35929463389357,52808.54285714286,15568.780952380952,7108.838095238095,3919.352380952381
514275,26702.66292134831,7430.70786516854,439.4644223348918,285.6518745176797,15792.8202247191,16982.34831460674,7920.033707865168,2313.8651685393256
514276,26755.640522875816,7432.287581699346,484.0323193796329,314.6210075967614,9354.745098039217,17826.732026143793,4876.718954248366,2972.4313725490197
514277,26784.602272727272,7430.863636363636,509.5768251507577,331.2249363479925,22243.05681818182,16213.556818181818,4102.125,1880.8295454545455
514293,26713.69811320755,7433.094339622641,447.6864360548114,290.9961834356274,12981.716981132076,15661.858490566035,5724.273584905661,3105.9811320754716
514302,26769.736363636363,7432.490909090909,496.0025232358847,322.40164010332506,36867.15454545455,17130.936363636363,3936.609090909091,2140.427272727273
514313,26637.544776119405,7435.440298507463,381.2399145632137,247.8059444660889,12489.664179104477,16619.283582089553,5336.20895522388,3642.626865671642
514314,26656.718309859156,7434.619718309859,398.0881321660371,258.75728590792414,9134.295774647888,12726.31690140845,6791.570422535211,3146.718309859155
514315,26684.0,7433.6,421.98488198429715,274.29017328979313,63919.125,14634.125,7475.275,4354.475
514326,26781.719298245614,7436.543859649123,504.1766628083254,327.7148308254115,31278.473684210527,14047.0,5161.964912280701,1534.9298245614036
514339,26689.513513513513,7439.585585585585,423.61997239620905,275.3529820575359,15393.162162162162,22088.756756756757,11444.54054054054,5383.684684684685
514340,26702.408163265307,7437.816326530612,435.57886105121355,283.1262596832888,23208.26530612245,19349.54081632653,8699.959183673469,4961.693877551021
514341,26733.6875,7438.8,461.8665972271543,300.2132881976503,45555.2125,16226.8125,5721.275,3066.2125
514342,26739.909090909092,7436.943181818182,468.1542297581589,304.3002493428033,47868.056818181816,16657.329545454544,5400.568181818182,2493.2727272727275
514352,26725.31,7439.88,454.13288847775425,295.1863775105403,31434.46,17387.94,5416.87,3904.21
514353,26758.25,7437.78125,483.43347245393886,314.2317570950603,14540.65625,14014.5,3828.40625,1579.5625
514354,26774.91935483871,7438.693548387097,497.24249391711226,323.207621046123,24984.0,13435.82258064516,5567.887096774193,1657.225806451613
514375,26666.929078014186,7441.872340425532,403.0934160863186,262.0107204561071,9543.340425531916,13196.943262411349,6093.978723404255,3473.9574468085107
514376,26765.5625,7440.825,488.12737361575586,317.2827928502413,30016.7875,14138.425,4558.3,1659.1875
514383,26705.327160493827,7444.703703703704,434.52613433190834,282.44198731574045,16889.203703703704,19604.771604938273,10917.864197530864,3535.277777777778
514402,26642.01550387597,7443.387596899225,380.96964314436457,247.63026804383696,42072.48062015504,15755.829457364342,4903.596899224806,3077.767441860465
514403,26754.13475177305,7444.730496453901,476.3229900761208,309.60994354947854,26514.333333333332,12700.219858156028,4809.41134751773,1887.985815602837
514420,26652.583333333332,7445.87962962963,388.7368356186424,252.67894315211754,47095.601851851854,12613.12962962963,5708.851851851852,3020.3333333333335
514432,26627.181102362203,7445.629921259842,367.105020834496,238.6182635424224,5159.976377952756,17613.212598425198,4229.1968503937005,6219.606299212598
514438,26660.105263157893,7446.605263157895,394.80608226532377,256.62395347246047,11815.263157894737,13417.947368421052,5024.473684210527,2433.684210526316
514439,26677.64285714286,7445.294642857143,410.5057001007059,266.82870506545885,43036.22321428572,16092.526785714286,8310.410714285714,2603.0714285714284
514440,26733.364864864863,7447.608108108108,457.04602520709255,297.07991638461016,6759.824324324324,18077.945945945947,5311.824324324324,2841.7567567567567
514451,26717.415384615382,7447.507692307692,443.43482107928753,288.2326337015369,6944.738461538462,16624.83846153846,8308.592307692308,2481.523076923077
514456,26638.62424242424,7451.921212121212,373.66196761919167,242.88027895247458,13365.927272727273,13837.739393939391,4012.6242424242423,2220.5636363636363
514457,26686.601941747573,7449.349514563107,416.08848878261085,270.4575177086971,11311.456310679612,17603.038834951458,6730.252427184466,2399.533980582524
514458,26741.739130434784,7450.04347826087,462.96334944499137,300.9261771392444,8126.195652173913,19122.054347826088,7052.065217391304,3502.413043478261
514489,26663.121212121212,7453.757575757576,393.69972579350923,255.904821765781,41598.68686868687,13960.161616161617,4869.69696969697,1813.2121212121212
514496,26654.74418604651,7453.325581395349,386.74647567224287,251.38520918695787,14053.976744186046,13209.209302325582,4431.488372093023,1509.3953488372092
514497,26695.379310344822,7452.459770114942,422.00294842015984,274.3019164731039,6813.689655172414,18514.908045977012,7293.402298850575,3569.770114942529
514498,26729.898876404495,7454.606741573034,450.4662473823457,292.8030607985247,5845.134831460674,16149.741573033709,6482.61797752809,2401.0898876404494
514507,26671.03804347826,7457.652173913043,398.47236227971746,259.00703548181633,28165.831521739132,16269.641304347826,6788.125,2227.532608695652
514508,26717.793893129772,7455.083969465649,439.85039242069547,285.90275507345206,16828.847328244276,16607.717557251908,12167.229007633588,2503.557251908397
514521,26748.4358974359,7455.025641025641,466.1297412240448,302.9843317956291,13953.320512820514,19776.48717948718,12993.371794871797,2550.730769230769
514538,26685.525862068964,7460.267241379311,409.534110941101,266.19717211171564,6253.956896551724,18469.956896551725,7462.663793103448,3547.0172413793102
514559,26737.577319587628,7460.0,454.2614968670174,295.2699729635613,5781.731958762886,17946.154639175256,7866.381443298969,4348.237113402062
514571,26637.733766233767,7461.512987012987,367.95065722961846,239.167927199252,6028.272727272727,15697.123376623376,3796.9545454545455,2990.480519480519
514572,26653.296875,7459.671875,382.2325320965072,248.4511458627297,18167.921875,16684.953125,4342.75,2789.921875
514573,26692.916666666668,7459.333333333333,416.3472037778246,270.625682455586,20904.833333333332,15878.861111111111,8594.805555555555,2650.9444444444443
514579,26698.75824175824,7462.043956043956,419.95291112342534,272.9693922302265,38662.35164835165,15686.153846153846,11416.516483516483,2482.230769230769
514580,26705.864864864863,7460.959459459459,426.6002519889821,277.29016379283837,23119.986486486487,19637.054054054053,13371.135135135137,3571.3783783783783
514596,26647.589743589742,7462.102564102564,376.08954205498316,244.45820233573906,12672.410256410256,17540.69230769231,4072.7179487179487,4957.410256410257
514604,26713.571428571428,7463.964285714285,431.6518061820096,280.57367401830624,8234.761904761905,20297.488095238095,16243.67857142857,6790.642857142857
514615,26668.0,7466.065420560748,391.5293677589154,254.49408904329502,5890.214953271028,17627.028037383177,6806.719626168225,2918.663551401869
514626,26725.746753246753,7466.467532467533,440.79026265867384,286.513670728138,11399.551948051949,20184.753246753247,14482.344155844155,5218.681818181818
514636,26656.235294117647,7466.941176470588,380.999404530008,247.6496129445052,9278.019607843138,13498.901960784313,6012.607843137255,1685.8235294117646
514660,26649.5,7468.236842105263,374.5612158472198,243.46479030069287,8064.4473684210525,16205.947368421052,5288.210526315789,3302.1315789473683
514661,26683.266666666663,7469.247619047619,402.96572269747793,261.9277197533607,5729.342857142857,22015.961904761905,6894.580952380952,5952.933333333333
514667,26696.527472527472,7470.417582417583,413.72190287164335,268.9192368665682,9152.868131868132,21494.75824175824,11945.824175824177,12440.758241758242
514683,26641.103448275862,7472.2155172413795,365.31573178898896,237.45522566284282,27865.98275862069,14602.18103448276,6073.112068965517,3250.9827586206898
514692,26656.17647058823,7474.764705882353,376.912778614493,244.99330609942047,12806.882352941177,15596.598039215687,11259.245098039217,2303.578431372549
514710,26676.74193548387,7474.290322580645,394.7747778557656,256.60360560624764,5599.677419354839,19868.6935483871,6959.193548387097,5561.209677419355
514711,26712.275862068964,7474.942528735633,424.8781856022166,276.1708206414408,4664.902298850575,9476.264367816091,5556.14367816092,3363.212643678161
514734,26667.46103896104,7479.292207792208,384.243842010102,249.7584973065663,6856.207792207792,19494.83116883117,12894.48051948052,2893.0454545454545
514735,26670.066666666666,7473.911111111112,389.2520948618373,253.01386166019424,5648.644444444444,18399.044444444444,10999.111111111111,2952.133333333333
514750,26646.099173553717,7479.98347107438,365.58772139682566,237.6320189079367,5246.892561983471,9823.785123966942,5510.05785123967,2277.404958677686
514770,26633.840909090908,7480.988636363636,354.56819113409455,230.46932423716146,27144.113636363636,16414.636363636364,7086.454545454545,4652.113636363636
514771,26684.013157894737,7479.131578947368,398.5059677902406,259.0288790636564,4551.9078947368425,17909.96052631579,6351.4078947368425,4400.171052631579
514782,26691.441489361703,7484.095744680851,402.3083339466188,261.50041706530226,4733.074468085107,20865.44680851064,8461.941489361701,4692.393617021276
514829,26676.779069767443,7487.383720930233,388.0515767221369,252.233524869389,8892.209302325582,15132.13953488372,5746.558139534884,2299.7093023255816
514842,26628.169811320753,7488.433962264151,345.8689690060994,224.81482985396462,51976.28301886792,13676.622641509432,4267.7830188679245,1661.339622641509
514843,26666.51485148515,7488.851485148515,378.50157273692895,246.02602227900383,26500.069306930694,16153.326732673268,12642.950495049505,2443.7425742574255
514872,26644.420289855072,7490.81884057971,358.5594446888175,233.06363904773139,8283.528985507246,16666.333333333332,8555.746376811594,3041.753623188406
514881,26657.13138686131,7491.452554744525,369.1213768517089,239.92889495361078,32198.839416058396,15529.350364963504,9503.598540145986,2667.6496350364964
514892,26634.48148148148,7493.580246913581,348.62079821486265,226.60351883966072,47816.333333333336,14337.64197530864,5044.950617283951,1836.382716049383
514916,26678.01149425287,7494.264367816092,385.55753159404867,250.61239553613166,29099.333333333332,17240.2183908046,6262.6781609195405,3557.448275862069
514942,26627.99099099099,7501.90990990991,338.76341096378127,220.19621712645784,17903.99099099099,13688.450450450451,5170.7027027027025,1348.1711711711712
514952,26647.141025641027,7500.358974358975,355.96829568991103,231.3793921984422,26796.0641025641,12333.564102564103,7753.205128205128,2073.730769230769
514964,26640.384615384617,7499.846153846154,350.4450336641169,227.789271881676,12787.333333333334,18431.17948717949,9227.76923076923,4984.179487179487
514965,26663.491228070176,7500.631578947368,369.8339417672975,240.3920621487434,8450.38596491228,16134.754385964912,8249.17543859649,2290.4561403508774
514980,26656.45205479452,7504.945205479452,361.57844167786146,235.02598709060996,8762.77397260274,14364.253424657534,7162.801369863014,3220.171232876712
514981,26669.91011235955,7502.426966292135,374.40637581499806,243.36414427974876,12772.8202247191,14506.977528089888,9668.123595505618,1942.4044943820224
515023,26635.26,7506.78,342.4778292039827,222.61058898258878,5958.6,17976.55,7693.34,2526.47
515072,26648.8322147651,7511.818791946309,351.5048092077207,228.47812598501847,15070.127516778524,19179.52348993289,8355.302013422819,3326.8120805369126
515110,26637.1,7514.9625,339.83262062647043,220.89120340720578,5801.45,15228.5375,5423.0625,2178.175
515164,26632.23076923077,7523.365384615385,331.32629831845225,215.36209390699398,9513.134615384615,15253.682692307691,4869.028846153846,1798.6826923076924
