cell_index,x,y,dist_along_px,dist_along_um,Ki67,HER2,EGFR,CD44
LSP33564--unmicst_cellRing_478750,25879.58125,6498.38125,0.0,0.0,1391.98125,6615.80625,3302.25625,1134.54375
LSP33564--unmicst_cellRing_478807,25918.438848920865,6504.143884892086,0.0,0.0,1273.151079136691,7628.553956834532,2690.122302158273,1929.2877697841727
LSP33564--unmicst_cellRing_478825,25868.530612244896,6506.1292517006805,0.0,0.0,1147.7755102040817,6255.891156462585,2868.904761904762,981.1428571428572
LSP33564--unmicst_cellRing_478886,25888.30769230769,6512.08547008547,0.0,0.0,1545.5042735042734,9616.74358974359,2843.5811965811968,4730.837606837607
LSP33564--unmicst_cellRing_478923,25862.29341317365,6517.748502994012,0.0,0.0,1489.7724550898204,6541.047904191617,2488.2095808383237,1351.4011976047905
LSP33564--unmicst_cellRing_478930,25934.70860927152,6516.827814569537,0.0,0.0,3067.71523178808,25306.48344370861,3787.993377483444,8501.092715231787
LSP33564--unmicst_cellRing_478994,25843.26923076923,6525.5989010989015,0.0,0.0,1731.2747252747254,7625.357142857143,2640.895604395605,1333.456043956044
LSP33564--unmicst_cellRing_479003,25947.15740740741,6524.851851851852,0.0,0.0,2990.925925925926,17697.537037037036,3864.0833333333335,7879.009259259259
LSP33564--unmicst_cellRing_479016,25939.14457831325,6527.168674698795,0.0,0.0,3062.939759036145,19732.86746987952,3955.2289156626503,7149.698795180723
LSP33564--unmicst_cellRing_479033,25867.47643979057,6529.717277486911,0.0,0.0,1511.9214659685863,8819.240837696336,2852.7329842931936,2964.989528795812
LSP33564--unmicst_cellRing_479034,25887.817204301075,6529.758064516129,0.0,0.0,2594.505376344086,21079.94086021505,4204.60752688172,13450.268817204302
LSP33564--unmicst_cellRing_479035,25958.10429447853,6529.687116564417,0.0,0.0,2824.9509202453987,19664.77300613497,3192.871165644172,9856.34355828221
LSP33564--unmicst_cellRing_479083,25905.191616766468,6535.233532934131,0.0,0.0,2715.335329341317,17127.221556886227,3517.7664670658683,12305.293413173653
LSP33564--unmicst_cellRing_479104,25916.136363636364,6535.727272727273,0.0,0.0,2644.3560606060605,17071.477272727272,3142.5227272727275,9261.848484848484
LSP33564--unmicst_cellRing_479105,25944.25,6536.541666666667,0.0,0.0,2567.6354166666665,16161.333333333334,3453.3854166666665,10241.583333333334
LSP33564--unmicst_cellRing_479119,25843.359154929574,6536.87323943662,0.0,0.0,1659.6760563380285,8004.549295774648,2519.035211267605,1423.880281690141
LSP33564--unmicst_cellRing_479120,25968.726315789478,6535.9473684210525,0.0,0.0,2894.842105263158,19259.515789473684,3411.4,14054.968421052632
LSP33564--unmicst_cellRing_479146,25892.629213483146,6541.3258426966295,0.0,0.0,2908.696629213483,18404.101123595505,3485.112359550562,13056.370786516854
LSP33564--unmicst_cellRing_479147,25901.748251748253,6545.020979020979,0.0,0.0,3554.671328671329,22076.98601398601,3520.3076923076924,6744.902097902098
LSP33564--unmicst_cellRing_479157,25936.31111111111,6540.477777777778,0.0,0.0,2746.5777777777776,17850.722222222223,3572.4444444444443,12323.744444444445
LSP33564--unmicst_cellRing_479158,25957.809523809523,6540.714285714285,0.0,0.0,2274.174603174604,14562.277777777776,3158.81746031746,13778.92857142857
LSP33564--unmicst_cellRing_479188,25968.34782608696,6546.141304347826,0.0,0.0,2973.5,19080.09782608696,3835.771739130435,13628.782608695652
LSP33564--unmicst_cellRing_479209,25886.414634146346,6547.091463414634,0.0,0.0,2393.8353658536585,16545.932926829268,3074.7195121951218,9430.963414634149
LSP33564--unmicst_cellRing_479210,25912.68604651163,6547.639534883721,0.0,0.0,3113.3372093023254,18691.697674418603,3160.3372093023254,13900.348837209302
LSP33564--unmicst_cellRing_479211,25947.153846153848,6547.030769230769,0.0,0.0,2268.3076923076924,17342.723076923077,3656.2615384615374,19895.046153846157
LSP33564--unmicst_cellRing_479220,25938.309523809523,6548.023809523809,0.0,0.0,2846.619047619048,18148.92857142857,3756.75,10492.0
LSP33564--unmicst_cellRing_479221,25958.07608695652,6548.652173913043,0.0,0.0,2068.836956521739,14870.369565217392,3500.086956521739,20066.043478260868
LSP33564--unmicst_cellRing_479243,25876.192592592597,6550.407407407408,0.0,0.0,2254.4074074074074,13836.45925925926,2737.9185185185183,11493.666666666666
LSP33564--unmicst_cellRing_479252,25866.75,6551.671875,0.0,0.0,2333.296875,20258.21875,3283.078125,13920.109375
LSP33564--unmicst_cellRing_479259,25921.625,6551.053571428572,0.0,0.0,2387.866071428572,15022.625,2966.035714285714,7905.116071428572
LSP33564--unmicst_cellRing_479297,25951.757575757576,6556.560606060606,2.701292002722216,1.7558398017694403,2537.2348484848485,18576.924242424244,3352.431818181818,17708.098484848484
LSP33564--unmicst_cellRing_479298,25966.535714285717,6556.095238095239,7.374659345851948,4.793528574803767,2450.2619047619046,19030.761904761905,3485.154761904762,16824.345238095237
LSP33564--unmicst_cellRing_479310,25911.35051546392,6557.319587628866,0.0,0.0,2570.061855670103,17277.9793814433,2856.762886597938,17876.422680412372
LSP33564--unmicst_cellRing_479311,25930.15447154472,6557.658536585366,0.0,0.0,2537.691056910569,16965.39837398374,3125.317073170732,17003.162601626016
LSP33564--unmicst_cellRing_479317,25942.01098901099,6556.978021978022,0.0,0.0,2774.648351648352,18784.53846153846,3331.164835164835,17463.582417582416
LSP33564--unmicst_cellRing_479331,25901.58461538461,6561.717948717948,0.0,0.0,2283.0153846153844,14848.14358974359,2530.476923076923,15063.394871794872
LSP33564--unmicst_cellRing_479344,25978.82978723404,6562.11170212766,17.271076116952106,11.22619947601887,2686.904255319149,17364.38829787234,3796.281914893617,14466.18085106383
LSP33564--unmicst_cellRing_479355,25887.127192982454,6562.627192982456,0.0,0.0,2305.30701754386,13714.649122807015,2553.469298245614,14054.82456140351
LSP33564--unmicst_cellRing_479356,25921.25,6560.7875,0.0,0.0,2308.075,13932.925,2942.0,21140.2125
LSP33564--unmicst_cellRing_479375,25863.1572327044,6562.779874213837,0.0,0.0,2254.333333333333,11866.157232704403,3449.37106918239,10444.044025157233
LSP33564--unmicst_cellRing_479378,25936.646616541355,6565.669172932331,6.022879908783665,3.914871940709382,3067.721804511278,21094.375939849622,4254.646616541353,18517.06766917293
LSP33564--unmicst_cellRing_479390,25961.653846153848,6564.211538461538,13.30223484158498,8.646452647030237,2698.519230769231,18605.403846153848,3023.346153846154,17921.115384615383
LSP33564--unmicst_cellRing_479409,25914.83333333333,6567.805555555556,0.4848165417238275,0.31513075212048786,2111.6666666666665,14542.277777777776,2545.925925925926,17698.055555555555
LSP33564--unmicst_cellRing_479424,25851.5,6568.7875,0.0,0.0,2303.15,16748.5375,3199.19375,14542.06875
LSP33564--unmicst_cellRing_479425,25953.067039106147,6570.3966480446925,16.136641157245215,10.48881675220939,2563.787709497207,15637.513966480446,2910.486033519553,14074.765363128492
LSP33564--unmicst_cellRing_479435,25969.105882352946,6568.858823529412,20.239637195428703,13.155764177028658,2173.211764705882,15922.741176470588,2935.541176470588,15605.682352941176
LSP33564--unmicst_cellRing_479470,25923.17021276596,6573.595744680851,8.800586095563737,5.72038096211643,2590.8936170212764,20278.72340425532,3608.670212765957,21163.797872340427
LSP33564--unmicst_cellRing_479512,25857.697247706423,6578.651376146789,0.0,0.0,2706.816513761468,14857.009174311926,3092.97247706422,10437.733944954129
LSP33564--unmicst_cellRing_479513,25942.898089171973,6577.885350318471,19.647149324068074,12.770647060644249,2076.9044585987263,17035.853503184713,3060.764331210191,18009.337579617833
LSP33564--unmicst_cellRing_479519,25898.994652406414,6580.459893048128,6.881818698588319,4.473182154082408,2689.438502673797,14218.032085561495,2875.379679144385,11752.70588235294
LSP33564--unmicst_cellRing_479526,25866.065789473683,6577.789473684211,0.0,0.0,2710.5394736842104,14953.828947368422,3158.4736842105262,6376.144736842105
LSP33564--unmicst_cellRing_479533,25917.28859060403,6581.832214765101,14.495220648572673,9.421893421572237,2573.1610738255035,16890.073825503358,3565.2348993288592,17416.664429530203
LSP33564--unmicst_cellRing_479534,25964.94927536232,6579.101449275362,28.413157618789096,18.468552452212915,2649.659420289855,15652.057971014492,3453.427536231884,18929.195652173912
LSP33564--unmicst_cellRing_479549,25888.171875,6583.8203125,6.292616760841669,4.090200894547086,3112.59375,15202.015625,3188.40625,11461.296875
LSP33564--unmicst_cellRing_479550,25907.925925925927,6583.592592592592,12.909558570089905,8.391213070558438,2529.8981481481483,16018.574074074077,3073.185185185185,12447.611111111111
LSP33564--unmicst_cellRing_479561,25871.48809523809,6582.916666666667,0.0,0.0,2784.7261904761904,17476.583333333332,3122.7619047619046,12587.940476190475
LSP33564--unmicst_cellRing_479570,25958.675824175825,6587.06043956044,33.71194103903041,21.912761675369765,2850.214285714286,16621.78021978022,2875.434065934066,22758.637362637364
LSP33564--unmicst_cellRing_479585,25880.36842105263,6585.473684210527,5.145697831119365,3.3447035902275872,3606.505263157895,16999.21052631579,3623.905263157895,12002.44210526316
LSP33564--unmicst_cellRing_479610,25858.75,6588.322916666667,0.3438918263528307,0.22352968712934,3572.083333333333,14208.041666666666,3384.84375,10247.59375
LSP33564--unmicst_cellRing_479617,25838.44230769231,6591.538461538462,0.0,0.0,2233.8205128205127,12878.173076923076,2887.685897435897,12565.00641025641
LSP33564--unmicst_cellRing_479618,25875.414634146346,6591.939024390244,9.499285133393395,6.1745353367057065,3226.2804878048782,16843.51219512195,3829.243902439024,16583.341463414636
LSP33564--unmicst_cellRing_479627,25866.916666666668,6590.833333333333,5.523346601611636,3.5901752910475637,3675.055555555556,12668.861111111111,3324.833333333333,6462.583333333333
LSP33564--unmicst_cellRing_479640,25931.703910614524,6592.3575418994415,29.355860251365126,19.08130916338733,2736.558659217877,18758.988826815643,3140.54748603352,14515.91061452514
LSP33564--unmicst_cellRing_479662,25974.73888888889,6595.216666666666,46.919381783049374,30.497598158982093,2332.3444444444444,15467.05,3093.483333333333,22038.65555555556
LSP33564--unmicst_cellRing_479668,25859.398305084746,6597.559322033899,9.23471790632664,6.002566639112317,2903.864406779661,14148.059322033898,2845.364406779661,17725.745762711864
LSP33564--unmicst_cellRing_479669,25889.66379310345,6598.362068965517,20.453237805805358,13.294604573773483,2236.198275862069,15848.43103448276,3056.637931034483,24776.706896551725
LSP33564--unmicst_cellRing_479670,25902.29,6597.01,23.550499386998712,15.307824601549164,2002.495,14556.65,3535.25,23576.295
LSP33564--unmicst_cellRing_479676,25868.22,6596.32,11.122236058863665,7.229453438261382,3156.34,12602.58,3194.14,8134.76
LSP33564--unmicst_cellRing_479677,25882.407894736843,6598.460526315789,18.03665556739509,11.723826118806809,2462.3289473684213,15841.25,3290.6710526315787,22258.223684210527
LSP33564--unmicst_cellRing_479678,25945.51333333333,6595.44,37.023238840347055,24.06510524622559,1836.9533333333331,13161.68,2361.76,13581.66
LSP33564--unmicst_cellRing_479705,25965.528925619838,6600.280991735537,48.48666290340039,31.516330887210255,2412.669421487604,13657.0,2648.5371900826444,16186.760330578512
LSP33564--unmicst_cellRing_479716,25872.6875,6601.425,17.457117139705133,11.347126140808337,2426.9,13065.6,2889.95,16106.35
LSP33564--unmicst_cellRing_479717,25957.783018867925,6601.122641509434,46.59799234033921,30.288695021220487,2439.084905660377,13782.707547169812,2820.603773584906,14210.367924528302
LSP33564--unmicst_cellRing_479725,25850.39743589744,6600.717948717948,9.086155748913207,5.906001236793585,2935.0128205128203,15729.589743589744,2722.602564102564,19611.52564102564
LSP33564--unmicst_cellRing_479772,25954.617834394903,6610.528662420382,54.32933134257885,35.314065372676254,2056.3821656050955,12304.095541401271,2635.3057324840765,11188.286624203822
LSP33564--unmicst_cellRing_479781,25840.64864864865,6611.4121621621625,15.749726679129562,10.237322341434215,2732.743243243244,12847.263513513511,3607.304054054054,17867.256756756757
LSP33564--unmicst_cellRing_479782,25854.51401869159,6610.981308411215,20.139859398765747,13.090908609197736,2905.4392523364486,11409.345794392524,2792.948598130841,12944.285046728972
LSP33564--unmicst_cellRing_479783,25871.58385093168,6610.776397515528,25.85004608402875,16.802529954618688,2621.0993788819874,12878.534161490685,2665.583850931677,18112.745341614907
LSP33564--unmicst_cellRing_479808,25889.31818181818,6612.409090909091,33.51425587046054,21.78426631579935,1398.1515151515152,8182.606060606061,2462.840909090909,11438.265151515152
LSP33564--unmicst_cellRing_479821,25983.830769230768,6615.0615384615385,68.68393054235965,44.64455485253377,2047.6538461538464,13790.807692307691,3002.0461538461536,21737.30769230769
LSP33564--unmicst_cellRing_479840,25879.377358490565,6618.685534591195,35.96616650519169,23.378008228374597,2273.993710691824,11345.93710691824,2965.364779874214,14944.264150943396
LSP33564--unmicst_cellRing_479841,25972.61403508772,6614.80701754386,64.56655405247189,41.96826013410673,2049.254385964912,13655.649122807015,2509.3859649122805,10868.140350877193
LSP33564--unmicst_cellRing_479853,25964.17948717949,6617.692307692308,64.3573405191143,41.832271337424295,2302.935897435897,16823.01282051282,3014.628205128205,14815.44871794872
LSP33564--unmicst_cellRing_479864,25864.634831460677,6621.651685393258,33.65163384401792,21.87356199861165,2420.8595505617977,9462.32584269663,3482.6853932584268,8592.398876404495
LSP33564--unmicst_cellRing_479890,25985.04385964912,6625.491228070176,78.88972570402774,51.27832170761803,2818.09649122807,13450.035087719298,3139.991228070176,13867.842105263158
LSP33564--unmicst_cellRing_479897,25846.403846153848,6624.769230769231,30.272907391326566,19.677389804362267,2292.817307692308,13085.759615384615,2599.288461538461,33320.22115384616
LSP33564--unmicst_cellRing_479898,25929.30120481928,6625.403614457831,59.532654977182496,38.696225735168625,3175.939759036145,15018.927710843374,3230.156626506024,19999.746987951807
LSP33564--unmicst_cellRing_479905,26005.293478260868,6627.445652173913,87.7255637842308,57.02161645975002,1923.7989130434785,14745.679347826086,2755.9239130434785,27447.58152173913
LSP33564--unmicst_cellRing_479911,25854.46153846154,6625.019230769231,33.29369892161779,21.640904299051563,1916.5,9541.23076923077,2698.519230769231,10449.28846153846
LSP33564--unmicst_cellRing_479921,25886.88725490196,6629.416666666667,48.63213788353438,31.610889624297347,2306.68137254902,9808.661764705885,2832.843137254902,20409.210784313724
LSP33564--unmicst_cellRing_479922,25908.056,6627.752,54.38994886717513,35.35346676366383,2073.016,8907.16,3118.456,6203.464
LSP33564--unmicst_cellRing_479923,25951.66233766234,6628.467532467533,70.13967298710793,45.59078744162016,2811.051948051948,15052.37012987013,3176.7727272727275,18356.31168831169
LSP33564--unmicst_cellRing_479942,25858.97037037037,6632.207407407407,41.59754674789823,27.03840538613385,2169.0296296296297,10463.577777777778,2846.4666666666667,14157.362962962963
LSP33564--unmicst_cellRing_479954,25898.935714285715,6633.278571428571,56.42197142844108,36.67428142848671,2159.214285714286,8764.614285714286,2778.964285714286,10563.042857142857
LSP33564--unmicst_cellRing_479958,25940.18120805369,6633.322147651007,70.72484960097364,45.97115224063287,2026.778523489933,11390.51677852349,2699.6241610738257,14711.818791946307
LSP33564--unmicst_cellRing_479977,25919.066964285717,6636.107142857143,66.03710477886898,42.924118106264835,1867.790178571429,8404.044642857143,3737.361607142857,11088.75892857143
LSP33564--unmicst_cellRing_479978,25992.38953488372,6634.9011627906975,90.2592135397176,58.66848880081645,2090.2093023255816,13216.162790697674,2429.866279069768,20434.622093023256
LSP33564--unmicst_cellRing_479993,25957.12087912088,6636.076923076923,79.16714539942332,51.45864450962516,2172.934065934066,14196.945054945056,3247.6153846153848,21964.978021978022
LSP33564--unmicst_cellRing_480029,25857.014492753624,6640.347826086957,48.55951054265999,31.563681852728998,2555.2753623188405,12623.0,2780.985507246377,18184.08695652174
LSP33564--unmicst_cellRing_480030,25874.84827586207,6640.820689655173,55.16982405653122,35.86038563674529,2222.558620689655,10175.937931034485,2882.7241379310344,19032.924137931037
LSP33564--unmicst_cellRing_480041,25889.29508196721,6641.704918032787,60.99496812178646,39.6467292791612,1729.8934426229507,9251.418032786883,2278.3032786885246,17773.622950819674
LSP33564--unmicst_cellRing_480073,25863.623595505615,6647.623595505618,57.67178586853819,37.48666081454982,2989.9662921348317,9186.269662921348,2656.612359550562,6861.202247191011
LSP33564--unmicst_cellRing_480083,25911.63076923077,6649.174358974359,75.72695359154332,49.22251983450316,1967.2769230769231,9883.584615384616,2704.425641025641,12263.235897435898
LSP33564--unmicst_cellRing_480090,25971.43442622951,6647.88524590164,95.19644714191837,61.87769064224694,1686.9918032786886,9288.38524590164,2411.4590163934427,14646.05737704918
LSP33564--unmicst_cellRing_480104,25894.033333333333,6651.133333333333,71.4801937444177,46.46212593387151,2880.55,11198.875,4338.391666666666,16854.166666666668
LSP33564--unmicst_cellRing_480111,26003.02395209581,6651.37125748503,109.39054296854097,71.10385292955164,3066.041916167665,13872.688622754493,3576.5149700598804,12779.035928143712
LSP33564--unmicst_cellRing_480115,25883.8,6651.178947368421,67.98448150469385,44.189912978051005,4208.926315789474,12695.968421052632,3373.315789473684,15384.042105263155
LSP33564--unmicst_cellRing_480116,25924.666666666668,6653.516339869281,84.30868881743167,54.80064773133059,2064.006535947713,9036.339869281046,2720.091503267974,12669.640522875818
LSP33564--unmicst_cellRing_480135,25902.46153846154,6658.820512820513,81.60751575919741,53.04488524347832,2591.005128205128,11152.523076923077,3447.4410256410256,13509.015384615384
LSP33564--unmicst_cellRing_480145,25859.14736842105,6659.457894736842,67.22827743422955,43.698380332249215,2956.3473684210526,9825.426315789471,2925.868421052632,16049.815789473683
LSP33564--unmicst_cellRing_480146,25977.36363636364,6657.5,106.26833044136461,69.074414786887,2642.742424242424,13851.075757575758,2860.5454545454545,24425.40909090909
LSP33564--unmicst_cellRing_480156,25879.3550295858,6660.372781065089,75.07419396066217,48.79822607443041,20352.532544378697,10190.31952662722,3365.3136094674555,14173.739644970414
LSP33564--unmicst_cellRing_480157,25986.48125,6658.3125,110.18342664706907,71.6192273205949,2105.98125,12928.34375,2731.025,28476.91875
LSP33564--unmicst_cellRing_480167,25970.41414141414,6659.979797979798,106.19214376648193,69.02489344821326,1708.585858585859,8815.060606060606,2136.8282828282827,12748.79797979798
LSP33564--unmicst_cellRing_480168,26011.7731092437,6660.100840336135,120.6069469365716,78.39451550877155,3196.453781512605,12082.252100840336,3081.3361344537816,12005.72268907563
LSP33564--unmicst_cellRing_480192,25943.33142857143,6663.222857142857,99.87041194835074,64.91576776642798,1855.297142857143,8644.08,2425.0685714285714,28850.18857142857
LSP33564--unmicst_cellRing_480193,26000.422885572138,6664.55223880597,120.8590445015203,78.5583789259882,3060.169154228856,11538.666666666666,3029.885572139304,9595.796019900496
LSP33564--unmicst_cellRing_480220,25890.785714285717,6662.357142857143,80.88868571199595,52.57764571279737,2963.095238095238,12918.892857142857,3153.9761904761904,17654.39285714286
LSP33564--unmicst_cellRing_480221,25930.274390243903,6665.225609756098,97.23472209935271,63.20256936457926,2251.69512195122,11705.90243902439,2790.067073170732,21911.19512195122
LSP33564--unmicst_cellRing_480252,26020.17391304348,6669.710144927536,132.52835192101924,86.1434287486625,2610.8115942028985,14938.27536231884,3560.927536231884,16065.739130434782
LSP33564--unmicst_cellRing_480264,25982.28,6668.1466666666665,117.95824719494439,76.67286067671385,2921.1866666666665,16642.426666666666,3429.0533333333333,23064.12
LSP33564--unmicst_cellRing_480272,25890.06,6671.47,89.18847217991821,57.972506916946834,2914.54,14038.65,2743.9,21241.11
LSP33564--unmicst_cellRing_480273,25975.021276595744,6671.031914893617,118.1555744333627,76.80112338168576,2604.4148936170213,13394.3085106383,2951.9574468085107,10334.989361702128
LSP33564--unmicst_cellRing_480275,25872.244897959183,6673.61224489796,85.03841249060804,55.274968118895224,4342.989795918367,11933.561224489797,3445.3673469387754,14658.010204081633
LSP33564--unmicst_cellRing_480276,25951.990825688077,6671.743119266055,110.85936974775223,72.05859033603895,1860.4587155963304,10115.37614678899,2618.440366972477,25619.91743119266
LSP33564--unmicst_cellRing_480285,25864.303921568626,6672.382352941177,81.13853249349022,52.740046120768646,3527.264705882353,13437.35294117647,4333.0,19135.87254901961
LSP33564--unmicst_cellRing_480300,25913.932642487045,6677.051813471503,102.68072236332578,66.74246953616176,2465.6735751295337,11495.507772020725,2754.715025906736,14579.80829015544
LSP33564--unmicst_cellRing_480309,25900.73717948718,6676.814102564103,97.89490817859762,63.63169031608845,2917.653846153846,12156.72435897436,2858.589743589744,18959.80128205128
LSP33564--unmicst_cellRing_480310,25962.123809523808,6678.419047619048,120.62730361711313,78.40774735112353,2363.0857142857144,11015.542857142857,2825.795238095238,11613.69523809524
LSP33564--unmicst_cellRing_480325,25934.745454545453,6679.072727272727,111.77369140306446,72.6528994119919,2575.3515151515157,11549.212121212122,2763.357575757576,18941.17575757576
LSP33564--unmicst_cellRing_480326,25981.44554455445,6679.207920792079,128.04864198754433,83.23161729190382,2808.207920792079,18229.39603960396,3128.009900990099,13086.356435643564
LSP33564--unmicst_cellRing_480351,25869.35754189944,6685.167597765363,94.88256920095122,61.6736699806183,28889.145251396647,13756.413407821228,3762.536312849162,14480.078212290502
LSP33564--unmicst_cellRing_480352,25890.21198156682,6685.42396313364,102.3342309544893,66.51725012041804,26141.119815668204,14985.889400921658,3597.5944700460827,15241.72811059908
LSP33564--unmicst_cellRing_480370,25925.77245508982,6687.45508982036,116.53627330223141,75.74857764645041,2687.7005988023952,16515.850299401198,2626.185628742515,6283.395209580838
LSP33564--unmicst_cellRing_480386,25946.03076923077,6692.615384615385,128.3832331477903,83.44910154606369,2329.2115384615386,11418.573076923078,2581.0115384615383,15663.85
LSP33564--unmicst_cellRing_480390,25959.26126126126,6690.0990990991,130.5970449597445,84.88807922383393,2516.324324324324,13106.981981981982,3265.153153153153,19386.17117117117
LSP33564--unmicst_cellRing_480399,25908.17857142857,6689.017857142857,111.91897494510535,72.74733371431847,1823.982142857143,9481.455357142857,2315.4464285714284,10789.375
LSP33564--unmicst_cellRing_480418,26008.2125,6694.10625,151.2835182809316,98.33428688260554,2104.475,9849.10625,2945.775,10040.175
LSP33564--unmicst_cellRing_480477,25924.751937984496,6703.341085271318,131.08945595019418,85.20814636762621,2003.5813953488373,7984.418604651163,2697.775193798449,9160.891472868218
LSP33564--unmicst_cellRing_480507,25895.87,6708.795,126.22006055643094,82.04303936168012,2201.65,13986.37,2681.78,13228.375
LSP33564--unmicst_cellRing_480508,26001.575,6709.075,163.0337790950335,105.97195641177179,1880.615,8301.82,2394.17,9063.565
LSP33564--unmicst_cellRing_480514,25940.72641509434,6708.037735849057,141.02009373968576,91.66306093079575,2156.009433962264,13027.61320754717,3318.066037735849,11017.933962264153
LSP33564--unmicst_cellRing_480600,26036.28476821192,6720.132450331126,185.41119250326167,120.51727512712009,1914.2980132450327,8031.920529801325,2423.728476821192,1667.788079470199
LSP33564--unmicst_cellRing_480615,25975.88888888889,6721.521367521367,165.83056620157262,107.78986803102221,1799.5555555555557,8008.051282051282,2544.48717948718,3703.897435897436
LSP33564--unmicst_cellRing_480619,25894.5,6724.363636363636,140.35461532796572,91.23049996317772,2977.609090909091,14443.2,3092.490909090909,3853.818181818182
LSP33564--unmicst_cellRing_480629,25995.803921568626,6723.901960784314,174.9505908667823,113.7178840634085,2927.794117647059,8303.607843137255,3067.1470588235293,1616.0588235294117
LSP33564--unmicst_cellRing_480640,25886.44347826087,6727.982608695652,140.96454145335932,91.62695194468355,3344.6782608695653,14732.104347826087,3336.234782608696,3603.669565217391
LSP33564--unmicst_cellRing_480666,26018.900621118013,6730.76397515528,189.3757642693541,123.09424677508018,3274.304347826087,14559.614906832296,3033.0,3025.291925465838
LSP33564--unmicst_cellRing_480667,26041.3,6730.893333333333,197.24246702686858,128.2076035674646,3304.7066666666665,19133.16,3337.366666666667,5474.006666666667
LSP33564--unmicst_cellRing_480684,25934.84662576687,6734.2822085889575,163.6125323137437,106.34814600393342,3247.39263803681,15113.134969325154,2906.60736196319,5409.245398773006
LSP33564--unmicst_cellRing_480685,25965.010695187168,6733.443850267379,173.25611050958202,112.61647183122831,2816.3208556149734,13638.304812834223,2913.497326203209,4617.128342245989
LSP33564--unmicst_cellRing_480692,25915.2,6734.68,157.19231685696556,102.17500595702762,3183.66,14525.32,2846.193333333333,4810.986666666667
LSP33564--unmicst_cellRing_480707,25987.02877697842,6735.251798561151,182.5660126891881,118.66790824797228,3104.4676258992804,14870.884892086331,3260.3309352517986,6109.179856115108
LSP33564--unmicst_cellRing_480714,26029.445205479453,6737.787671232877,199.61233810075979,129.74801976549386,3601.527397260274,17632.712328767124,3194.321917808219,4859.568493150685
LSP33564--unmicst_cellRing_480727,25903.90625,6737.947916666667,156.35346390381957,101.62975153748273,2986.9166666666665,13864.625,2428.6354166666665,6841.666666666667
LSP33564--unmicst_cellRing_480728,26006.065934065933,6737.7032967032965,191.449013988543,124.44185909255295,3082.010989010989,15015.626373626374,3161.7912087912086,4116.714285714285
LSP33564--unmicst_cellRing_480740,25997.657142857144,6741.828571428571,192.41220220905797,125.06793143588769,3302.014285714285,15122.528571428573,3263.2714285714287,7687.5
LSP33564--unmicst_cellRing_480751,26042.65,6743.2875,209.33890052817944,136.07028534331664,2925.9875,14808.8625,3273.10625,6761.39375
LSP33564--unmicst_cellRing_480760,25931.98780487805,6743.682926829269,171.44483105793432,111.43914018765732,3045.268292682927,12515.548780487805,2899.5365853658536,7269.195121951219
LSP33564--unmicst_cellRing_480761,25961.271844660198,6742.174757281553,180.15561638317274,117.10115064906229,2820.7184466019417,10747.47572815534,2850.902912621359,4024.805825242719
LSP33564--unmicst_cellRing_480769,25893.865979381444,6744.690721649485,159.20858093457528,103.48557760747394,2932.2886597938145,10365.103092783504,2659.134020618557,3757.4278350515465
LSP33564--unmicst_cellRing_480770,25919.135135135137,6744.081081081081,167.37419045674972,108.79322379688732,3124.5135135135133,13809.527027027028,2747.391891891892,5414.878378378378
LSP33564--unmicst_cellRing_480771,25925.19480519481,6743.909090909091,169.30814038606897,110.05029125094484,2931.246753246753,11678.324675324677,2658.844155844156,6489.61038961039
LSP33564--unmicst_cellRing_480772,26014.392523364488,6743.869158878505,200.11372486431512,130.07392116180483,3684.1028037383176,15064.682242990652,3436.7943925233644,4059.0560747663553
LSP33564--unmicst_cellRing_480778,25951.92307692308,6744.451923076923,179.05966928129942,116.38878503284462,2276.201923076923,8841.35576923077,2506.3365384615386,3044.394230769231
LSP33564--unmicst_cellRing_480779,26028.339285714286,6744.446428571428,205.4779385179916,133.56066003669454,3958.107142857143,19309.30357142857,3269.910714285714,6673.107142857143
LSP33564--unmicst_cellRing_480795,26022.158536585364,6747.609756097561,206.30893676198664,134.10080889529132,3944.231707317073,15703.780487804876,3434.0243902439024,4714.646341463415
LSP33564--unmicst_cellRing_480807,25909.95857988165,6749.041420118343,168.85545189775962,109.75604373354376,3309.988165680473,12671.343195266272,2650.94674556213,4707.940828402367
LSP33564--unmicst_cellRing_480808,26008.85714285714,6751.0317460317465,204.9204439499353,133.19828856745795,3466.5,17859.285714285714,3207.777777777778,8241.0
LSP33564--unmicst_cellRing_480813,25964.0,6750.663793103448,189.0643516019511,122.89182854126823,2864.155172413793,13071.48275862069,2993.0344827586205,3953.689655172414
LSP33564--unmicst_cellRing_480821,25990.315789473683,6749.639097744361,197.20241732231312,128.18157125950353,2333.0676691729323,13655.345864661656,3111.187969924812,4856.278195488721
LSP33564--unmicst_cellRing_480847,26031.24742268041,6752.938144329897,214.45142294422513,139.39342491374634,3657.7113402061855,16611.309278350516,3132.3711340206187,5882.144329896907
LSP33564--unmicst_cellRing_480857,25893.125,6754.691666666667,168.33639473421815,109.4186565772418,2764.741666666667,11295.066666666668,2752.9666666666667,5067.775
LSP33564--unmicst_cellRing_480870,26018.33064516129,6759.75,216.3766840933726,140.6448446606922,3024.435483870968,13849.120967741936,3042.8064516129034,4797.806451612903
LSP33564--unmicst_cellRing_480877,25904.272727272728,6757.738636363636,175.05010504139204,113.78256827690483,3603.522727272728,15790.21590909091,2956.784090909091,5344.443181818182
LSP33564--unmicst_cellRing_480878,25983.51937984496,6757.457364341085,202.18832753191532,131.42241289574497,1944.1472868217052,6819.449612403101,3500.139534883721,1224.3410852713178
LSP33564--unmicst_cellRing_480888,26027.090909090908,6759.363636363636,219.0433037004543,142.3781474052953,2864.0151515151515,15886.666666666666,3263.4848484848485,8244.242424242424
LSP33564--unmicst_cellRing_480898,25997.214285714286,6760.261904761905,209.5553339502351,136.21096706765283,2354.2976190476197,9441.559523809525,4264.559523809524,1629.9880952380952
LSP33564--unmicst_cellRing_480907,25914.712230215828,6762.517985611511,183.14444030170569,119.0438861961087,3047.906474820144,17372.748201438848,3045.1582733812947,6265.798561151079
LSP33564--unmicst_cellRing_480918,25892.59139784946,6763.021505376344,175.96789274927818,114.37913028703082,3562.7204301075267,14237.709677419354,3152.8387096774195,4706.849462365592
LSP33564--unmicst_cellRing_480927,25988.93457943925,6765.336448598131,211.45387052891633,137.44501584379563,2615.140186915888,8105.6355140186915,4074.214953271028,1392.056074766355
LSP33564--unmicst_cellRing_480936,25902.63,6766.6,182.79682401369624,118.81793560890256,2984.76,16014.88,3103.19,4866.59
LSP33564--unmicst_cellRing_480937,25979.054794520547,6765.8493150684935,208.51883905716832,135.5372453871594,2240.890410958904,9130.342465753423,3171.356164383561,1403.150684931507
LSP33564--unmicst_cellRing_480943,26028.846153846152,6767.34188034188,227.1363395922712,147.63862073497629,2769.5726495726494,15022.17094017094,3654.4017094017095,4751.700854700855
LSP33564--unmicst_cellRing_480952,25942.665198237886,6767.149779735682,197.15618068804733,128.15151744723076,2688.73127753304,9821.881057268722,2704.845814977973,1771.0044052863436
LSP33564--unmicst_cellRing_480960,26001.97520661157,6769.586776859504,219.95124222088938,142.9683074435781,2768.842975206612,16236.727272727272,3348.0826446280994,5663.190082644628
LSP33564--unmicst_cellRing_480967,26011.43859649123,6769.973684210527,223.58656220874872,145.33126543568667,3407.7280701754385,22703.48245614035,3197.9736842105262,5644.8421052631575
LSP33564--unmicst_cellRing_481003,25904.952554744526,6777.295620437956,193.63577981913758,125.86325688243943,2234.5693430656934,9674.569343065694,2869.3284671532847,2361.5766423357663
LSP33564--unmicst_cellRing_481032,25953.811764705883,6777.411764705882,210.63944315755003,136.91563805240753,3123.835294117647,17565.129411764705,2993.247058823529,6214.211764705882
LSP33564--unmicst_cellRing_481033,25961.612903225807,6777.1612903225805,213.10192037549916,138.51624824407446,3464.7741935483878,18609.870967741936,2905.9112903225805,3960.6129032258063
LSP33564--unmicst_cellRing_481034,25977.87288135593,6776.652542372882,218.2469785712161,141.86053607129045,3481.101694915254,18146.71186440678,2906.6186440677966,4801.389830508475
LSP33564--unmicst_cellRing_481035,26032.378787878788,6776.901515151515,237.32780842392967,154.2630754755543,8711.272727272728,12445.15909090909,5217.393939393939,3359.0454545454545
LSP33564--unmicst_cellRing_481043,25944.57458563536,6779.823204419889,209.70807268464682,136.31024724502043,2706.657458563536,11942.436464088398,2645.933701657458,4615.828729281768
LSP33564--unmicst_cellRing_481061,26002.305194805194,6781.480519480519,231.2254178494812,150.29652160216278,3555.935064935065,16833.194805194806,2952.662337662337,4871.396103896104
LSP33564--unmicst_cellRing_481077,26039.5,6781.441176470588,244.0498325149309,158.6323911347051,3854.3823529411766,15808.161764705885,6950.264705882353,2837.955882352941
LSP33564--unmicst_cellRing_481089,25989.365384615383,6784.9807692307695,230.0353867940922,149.52300141615993,6458.448717948718,16946.76923076923,3035.5705128205127,5004.653846153846
LSP33564--unmicst_cellRing_481109,26011.6582278481,6787.367088607595,239.9829907868561,155.98894401145648,2921.7088607594937,14429.075949367088,3030.6075949367087,6725.430379746836
LSP33564--unmicst_cellRing_481116,25969.28409090909,6788.636363636364,226.5217143927516,147.23911435528854,3746.659090909091,20998.06818181818,2743.443181818182,5732.784090909091
LSP33564--unmicst_cellRing_481117,26035.682464454974,6791.090047393365,251.78346930674513,163.65925504938434,20491.857819905214,12065.071090047391,5399.222748815166,2109.0284360189576
LSP33564--unmicst_cellRing_481127,25933.442028985508,6790.413043478261,215.79522369910435,140.26689540441782,2534.833333333333,9307.130434782608,2454.1666666666665,2592.550724637681
LSP33564--unmicst_cellRing_481150,26061.14606741573,6795.1292134831465,264.3783581243587,171.84593278083318,4831.162921348315,13041.561797752807,3370.4157303370785,2499.112359550562
LSP33564--unmicst_cellRing_481158,26006.258928571428,6794.580357142857,244.8843195230134,159.17480768995873,3481.5446428571427,17154.0625,3869.348214285714,7064.232142857143
LSP33564--unmicst_cellRing_481184,25956.80733944954,6797.798165137615,230.80411734668021,150.02267627534215,4304.477064220184,18480.871559633026,3206.02752293578,3716.3577981651374
LSP33564--unmicst_cellRing_481185,25966.635514018693,6798.70093457944,235.0496145604804,152.78224946431226,11797.934579439252,16749.280373831774,4022.710280373832,5308.112149532711
LSP33564--unmicst_cellRing_481191,25943.63953488372,6798.523255813953,226.93127767787234,147.50533049061704,16125.372093023256,13280.96511627907,3311.2906976744184,3242.0116279069766
LSP33564--unmicst_cellRing_481192,26024.945945945947,6800.421621621622,256.82691541945877,166.93749502264822,16669.37837837838,12358.567567567568,4202.562162162162,2830.0108108108107
LSP33564--unmicst_cellRing_481213,25976.65734265734,6801.426573426574,241.07249887650855,156.69712426973055,7591.741258741259,16136.041958041958,3261.8811188811187,4376.048951048952
LSP33564--unmicst_cellRing_481214,26050.5,6802.807228915663,267.9015224685235,174.1359896045403,7161.656626506024,10096.765060240965,4256.114457831325,1703.132530120482
LSP33564--unmicst_cellRing_481224,26039.62676056338,6804.577464788732,265.80277928757175,172.77180653692164,8956.338028169013,12644.267605633802,4740.443661971831,1919.8309859154929
LSP33564--unmicst_cellRing_481246,25956.08910891089,6806.227722772277,238.46534172112823,155.00247211873335,9170.653465346537,12190.633663366336,3797.3366336633662,2790.267326732673
LSP33564--unmicst_cellRing_481252,26001.63870967742,6804.870967741936,252.9425557224799,164.41266121961195,35551.43870967742,12357.78064516129,5196.335483870967,2716.825806451613
LSP33564--unmicst_cellRing_481270,25985.508771929824,6807.859649122807,250.16942081042495,162.61012352677622,27330.34210526316,12720.61403508772,3605.105263157895,2814.9473684210525
LSP33564--unmicst_cellRing_481286,25947.378151260506,6809.294117647059,238.33048359518142,154.91481433686792,46604.924369747896,14328.588235294115,4187.90756302521,3387.4873949579837
LSP33564--unmicst_cellRing_481312,25910.819095477385,6812.547738693467,228.7419039926132,148.6822375951986,2603.266331658292,12616.045226130653,3105.286432160804,4498.442211055276
LSP33564--unmicst_cellRing_481313,26069.13223140496,6810.98347107438,282.0161177555784,183.31047654112598,3567.214876033058,15705.710743801654,4060.97520661157,2626.099173553719
LSP33564--unmicst_cellRing_481328,25994.189655172413,6813.974137931034,258.908436128018,168.29048348321172,4462.71551724138,15957.025862068966,5151.931034482759,4088.793103448276
LSP33564--unmicst_cellRing_481329,26025.536842105263,6815.584210526316,271.25851449502113,176.31803442176374,5266.773684210526,12078.357894736842,4785.515789473684,1954.5947368421048
LSP33564--unmicst_cellRing_481330,26052.3355704698,6814.86577181208,279.8509373216837,181.90310925909444,17862.61744966443,10630.852348993289,4638.275167785235,2052.261744966443
LSP33564--unmicst_cellRing_481340,25962.31304347826,6814.921739130435,248.77519412985444,161.7038761844054,4234.173913043478,14917.965217391304,3614.0,3663.0695652173913
LSP33564--unmicst_cellRing_481341,26005.5,6817.052631578948,265.70795619950087,172.71017152967556,4594.388157894737,12604.046052631578,3751.197368421053,2435.2565789473683
LSP33564--unmicst_cellRing_481359,25925.48809523809,6817.142857142857,238.12586085725346,154.78180955721476,14187.494047619048,16011.547619047618,5777.434523809524,6526.226190476191
LSP33564--unmicst_cellRing_481360,25982.84962406015,6817.93984962406,258.708331154662,168.16041525053032,5065.969924812031,16294.097744360904,4078.4511278195487,3089.09022556391
LSP33564--unmicst_cellRing_481361,26039.760683760684,6817.136752136752,277.6336492533932,180.46187201470556,31034.34188034188,14632.53846153846,6837.752136752137,2194.470085470085
LSP33564--unmicst_cellRing_481387,25936.049180327867,6819.9672131147545,244.42783858980053,158.87809508337034,11861.795081967211,13988.909836065572,5821.549180327869,3426.2377049180327
LSP33564--unmicst_cellRing_481388,25944.135135135137,6818.324324324324,245.68227778631933,159.69348056110758,7170.8378378378375,14244.486486486489,4070.527027027027,2696.472972972973
LSP33564--unmicst_cellRing_481389,25953.22033898305,6820.635593220339,250.99248384672381,163.14511450037048,4962.271186440678,15762.033898305084,5132.271186440678,3219.813559322034
LSP33564--unmicst_cellRing_481390,26017.69662921348,6818.76404494382,271.53118706063617,176.4952715894135,19058.662921348317,13763.629213483146,3916.2921348314608,2707.0
LSP33564--unmicst_cellRing_481391,26070.45925925926,6820.977777777778,291.8527844449128,189.70430988919333,5875.725925925926,14717.177777777775,3529.9407407407407,3028.955555555556
LSP33564--unmicst_cellRing_481427,25973.17857142857,6823.821428571428,260.88301659442067,169.57396078637345,4397.035714285715,15612.357142857143,3464.6130952380954,2526.0714285714284
LSP33564--unmicst_cellRing_481440,26049.066176470587,6825.742647058823,288.92636641395114,187.80213816906826,10926.566176470587,13316.382352941177,4206.441176470588,2983.1911764705883
LSP33564--unmicst_cellRing_481477,25999.37037037037,6825.703703703704,271.7058611020175,176.60880971631136,4122.037037037037,14321.654320987656,5473.654320987655,2450.8024691358023
LSP33564--unmicst_cellRing_481490,25987.508928571428,6827.857142857143,269.624979557758,175.25623671254272,22707.54464285714,13544.125,4427.5,2551.4553571428573
LSP33564--unmicst_cellRing_481491,26019.559748427677,6828.924528301887,281.70915098780534,183.11094814207348,8910.446540880503,12648.32075471698,6670.647798742139,2665.748427672956
LSP33564--unmicst_cellRing_481492,26059.83660130719,6829.849673202614,296.5042783079539,192.72778090017002,11572.816993464052,14131.0,3685.0849673202615,3064.02614379085
LSP33564--unmicst_cellRing_481504,25953.23809523809,6831.247619047619,260.95604151318037,169.62142698356723,11859.8,13329.90476190476,5397.742857142857,2687.428571428572
LSP33564--unmicst_cellRing_481505,26037.14150943396,6828.462264150943,287.35487563556256,186.78066916311568,5229.320754716981,14496.924528301886,5672.433962264151,3320.962264150944
LSP33564--unmicst_cellRing_481512,25963.4,6830.830769230769,264.07871904612733,171.65116737998278,8760.161538461538,13806.36153846154,4640.546153846154,2468.6846153846154
LSP33564--unmicst_cellRing_481521,25930.6015625,6831.0703125,252.96234433621498,164.42552381853974,24942.578125,16337.7265625,3976.734375,4024.5
LSP33564--unmicst_cellRing_481522,26004.94,6830.0,277.6630214338941,180.48096393203116,5763.58,13580.2,5027.54,3601.44
LSP33564--unmicst_cellRing_481553,25943.20408163265,6832.948979591837,259.0828616248719,168.40386005616674,7279.306122448979,14303.72448979592,5504.959183673469,2303.234693877551
LSP33564--unmicst_cellRing_481565,25982.713178294573,6836.992248062015,276.5382925093579,179.74989013108265,25453.782945736435,14318.93023255814,4139.441860465116,2087.782945736434
LSP33564--unmicst_cellRing_481566,25991.755102040817,6834.816326530612,277.62313714233574,180.45503914251825,20002.163265306124,11310.040816326533,3779.244897959184,1570.4897959183672
LSP33564--unmicst_cellRing_481567,26013.20472440945,6837.1968503937005,287.27373169268594,186.72792560024587,5603.283464566929,14138.1968503937,4720.55905511811,3122.015748031496
LSP33564--unmicst_cellRing_481577,26002.33009708738,6837.0097087378645,283.3378728600132,184.16961735900858,6993.233009708738,13253.038834951456,6094.495145631068,2287.135922330097
LSP33564--unmicst_cellRing_481578,26042.22772277228,6836.970297029703,297.09681240305883,193.11292806198824,6291.762376237623,13676.039603960397,4357.514851485149,2959.4356435643563
LSP33564--unmicst_cellRing_481593,25921.769736842107,6837.427631578948,255.87361405469167,166.31784913554958,13507.592105263158,14743.980263157897,3686.3947368421054,4648.710526315789
LSP33564--unmicst_cellRing_481594,26051.84782608696,6839.514492753623,302.8105362212851,196.8268485438353,13234.811594202898,13244.688405797102,3787.717391304348,3202.521739130435
LSP33564--unmicst_cellRing_481595,26073.85714285714,6837.722222222223,308.7392700288769,200.68052551877,5545.801587301588,18163.64285714286,8054.888888888889,3595.968253968254
LSP33564--unmicst_cellRing_481601,25936.39583333333,6839.697916666667,263.0613108130788,170.98985202850125,29546.0625,14825.322916666666,6051.885416666667,3127.5625
LSP33564--unmicst_cellRing_481610,25955.69230769231,6840.269230769231,270.2697756395997,175.6753541657398,27924.153846153848,13579.75641025641,3926.538461538461,2565.2051282051284
LSP33564--unmicst_cellRing_481632,25967.589552238805,6842.738805970149,276.7008786314383,179.85557111043488,5437.246268656716,16171.0,3770.470149253732,2563.037313432836
LSP33564--unmicst_cellRing_481633,26020.04268292683,6847.024390243902,298.85950468039835,194.25867804225894,5632.359756097561,16012.05487804878,4875.701219512195,3007.3353658536585
LSP33564--unmicst_cellRing_481644,25947.77,6844.13,271.15299223830493,176.24944495489822,25190.6,11166.29,3493.52,1868.25
LSP33564--unmicst_cellRing_481655,26063.36,6842.656,309.738971930493,201.33033175482046,17792.344,16337.072,4779.072,3340.944
LSP33564--unmicst_cellRing_481656,26081.0,6844.735632183908,317.78993285517663,206.56345635586482,5225.448275862069,17110.701149425287,5746.908045977011,4614.827586206897
LSP33564--unmicst_cellRing_481675,25938.42608695652,6848.156521739131,271.70016987889096,176.60511042127914,12275.182608695652,13952.06956521739,3907.217391304348,2775.6608695652176
LSP33564--unmicst_cellRing_481676,25957.91304347826,6847.173913043478,277.51643188128094,180.3856807228326,21746.6231884058,13026.884057971014,4246.594202898551,3550.014492753623
LSP33564--unmicst_cellRing_481692,25979.29447852761,6849.294478527608,286.8995256968147,186.48469170292955,8194.564417177915,15711.83435582822,4447.79754601227,2305.429447852761
LSP33564--unmicst_cellRing_481693,25989.59349593496,6848.40650406504,289.6275513567124,188.25790838186305,27740.08943089431,13139.569105691056,5158.626016260163,2792.4552845528456
LSP33564--unmicst_cellRing_481694,26038.71794871795,6847.9358974358975,306.17237426709085,199.01204327360907,24456.089743589742,14872.76923076923,5232.75,4395.50641025641
LSP33564--unmicst_cellRing_481727,26069.21111111111,6851.894444444444,320.4307531066119,208.27998951929774,8158.033333333334,16065.55,6355.172222222222,3682.7166666666662
LSP33564--unmicst_cellRing_481744,26049.01388888889,6851.5,313.07678436210335,203.4999098353672,8036.083333333333,16422.26388888889,4562.319444444444,4216.027777777777
LSP33564--unmicst_cellRing_481754,25949.103448275862,6856.379310344828,283.1077816458172,184.02005806978121,18981.61206896552,11562.637931034482,4868.594827586207,7444.431034482759
LSP33564--unmicst_cellRing_481755,26012.35849056604,6855.088050314465,303.7686909846124,197.4496491399981,13177.64779874214,13431.91823899371,4853.962264150943,2097.245283018868
LSP33564--unmicst_cellRing_481768,25958.78703703704,6855.87962962963,285.9873442099337,185.89177373645694,24956.81481481481,12614.518518518518,4889.75,5430.768518518518
LSP33564--unmicst_cellRing_481769,25967.470588235294,6853.75,286.9917060766817,186.5446089498431,6473.455882352941,12592.20588235294,4006.367647058824,1819.0441176470588
LSP33564--unmicst_cellRing_481779,25999.327160493827,6856.29012345679,300.3906014443477,195.253890938826,6371.808641975309,15501.407407407409,5351.438271604939,2262.8703703703704
LSP33564--unmicst_cellRing_481780,26080.983870967742,6856.975806451613,329.26948887825637,214.02516777086666,4823.129032258064,12919.306451612903,6690.217741935484,2796.6693548387098
LSP33564--unmicst_cellRing_481788,25929.473684210527,6856.429824561404,276.36754144662103,179.63890194030367,53439.44736842105,12504.71052631579,3439.5789473684213,2826.30701754386
LSP33564--unmicst_cellRing_481789,25938.936,6859.432,282.4564340366695,183.5966821238352,16494.288,14118.04,4455.264,2509.248
LSP33564--unmicst_cellRing_481790,26030.76153846154,6856.946153846154,311.87563733900527,202.71916427035342,15503.761538461538,11615.284615384617,4904.3,1903.1307692307687
LSP33564--unmicst_cellRing_481817,26042.46153846154,6858.582417582417,317.4566282808161,206.3468083825305,6863.340659340659,14696.725274725277,4096.989010989011,3272.208791208792
LSP33564--unmicst_cellRing_481818,26091.02158273381,6858.63309352518,334.29541533441807,217.29201996737174,16282.618705035971,13397.287769784172,7314.884892086331,3446.1007194244603
LSP33564--unmicst_cellRing_481828,25971.67105263158,6859.1973684210525,293.5555000478286,190.81107503108862,7252.394736842105,13934.697368421052,4425.868421052632,2284.8815789473683
LSP33564--unmicst_cellRing_481843,26021.924242424244,6863.992424242424,315.4314685137722,205.03045453395194,13896.439393939394,13285.030303030304,5035.621212121212,1864.4848484848485
LSP33564--unmicst_cellRing_481844,26071.20547945205,6861.315068493151,329.95988002044675,214.4739220132904,8801.931506849314,14823.602739726028,5746.506849315068,4351.178082191781
LSP33564--unmicst_cellRing_481873,25977.69491525424,6865.203389830508,301.273986308566,195.82809110056792,6012.881355932203,12109.347457627118,3778.254237288136,2250.3813559322034
LSP33564--unmicst_cellRing_481889,25947.473684210527,6864.763157894737,290.4109228001337,188.76709982008688,47828.63157894737,17800.42105263158,8705.0,5044.1578947368425
LSP33564--unmicst_cellRing_481890,25986.69230769231,6866.888111888112,305.9659306854029,198.8778549455119,6860.454545454545,14026.482517482518,5771.979020979021,3290.72027972028
LSP33564--unmicst_cellRing_481891,26009.210084033613,6866.27731092437,313.17907120452804,203.56639628294323,33897.857142857145,13024.621848739496,5005.563025210084,1777.4621848739496
LSP33564--unmicst_cellRing_481892,26060.73873873874,6864.351351351352,329.18964744303634,213.97327083797362,37726.801801801805,14667.8018018018,6601.243243243243,3837.054054054054
LSP33564--unmicst_cellRing_481907,25931.55357142857,6868.205357142857,288.1358841882648,187.28832472237212,7281.830357142857,14307.00892857143,3935.375,2214.151785714286
LSP33564--unmicst_cellRing_481908,26044.97005988024,6868.994011976048,328.09338243832946,213.26069858491417,3985.2035928143714,16736.47904191617,5771.718562874252,4329.7125748503
LSP33564--unmicst_cellRing_481917,25958.94964028777,6867.992805755395,297.4095386155981,193.31620010013876,14406.59712230216,12360.237410071944,5397.194244604317,2563.3021582733813
LSP33564--unmicst_cellRing_481918,25999.03351955307,6870.391061452514,313.5201801841471,203.7881171196956,29798.921787709496,15008.072625698323,4816.0,2507.122905027933
LSP33564--unmicst_cellRing_481928,26070.352272727272,6869.443181818182,337.2915823554345,219.23952853103245,12688.125,15359.96590909091,6109.227272727273,3600.1022727272725
LSP33564--unmicst_cellRing_481938,25941.54430379747,6870.303797468355,293.55950646735926,190.81367920378352,19817.0,16790.87341772152,7582.797468354431,2706.7088607594937
LSP33564--unmicst_cellRing_481947,25969.425925925927,6868.814814814815,301.8033629707684,196.17218593099946,12771.037037037036,18008.555555555555,4213.981481481482,3514.9814814814813
LSP33564--unmicst_cellRing_481972,26025.58585858586,6873.19191919192,325.3296127132546,211.4642482636155,30035.29292929293,12562.9797979798,4128.838383838384,2439.252525252525
LSP33564--unmicst_cellRing_481973,26057.852459016394,6873.327868852459,336.61441767939425,218.79937149160628,14437.926229508195,15328.934426229507,6966.204918032787,4195.196721311476
LSP33564--unmicst_cellRing_481979,25952.76530612245,6874.214285714285,301.1088060283668,195.72072391843844,5573.234693877551,14116.051020408164,5336.15306122449,2269.295918367347
LSP33564--unmicst_cellRing_481994,25973.666666666668,6877.324324324324,311.2543352434398,202.3153179082359,6405.396396396396,12583.954954954956,4474.009009009009,2075.117117117117
LSP33564--unmicst_cellRing_481995,26080.08695652174,6874.460869565218,345.3658396193299,224.48779575256444,38813.69565217391,16648.904347826086,5571.139130434783,4480.495652173913
LSP33564--unmicst_cellRing_482014,25965.45,6879.19,310.1637422778788,201.6064324806212,17404.25,14062.75,4489.07,2356.94
LSP33564--unmicst_cellRing_482019,25944.07638888889,6879.694444444444,303.24643876216976,197.11018519541034,6486.729166666667,13620.534722222224,4481.506944444444,1981.8333333333333
LSP33564--unmicst_cellRing_482020,26013.46846846847,6877.45045045045,325.13546707062255,211.33805359590465,16826.972972972973,13845.531531531533,4182.891891891892,2251.5405405405404
LSP33564--unmicst_cellRing_482047,26034.238578680204,6880.9796954314725,335.62895957610203,218.15882372446632,6632.162436548223,14224.162436548224,5906.61421319797,3034.3299492385786
LSP33564--unmicst_cellRing_482058,26075.73006134969,6883.613496932516,352.4473424985582,229.09077262406285,7166.19018404908,15101.496932515338,7606.895705521472,4436.0920245398775
LSP33564--unmicst_cellRing_482067,26096.90643274854,6882.076023391813,358.327137683421,232.91263949422364,11659.812865497075,16526.730994152047,4459.187134502924,3229.7602339181285
LSP33564--unmicst_cellRing_482082,26021.30612244898,6883.265306122449,333.3017579360063,216.6461426584041,42853.34693877551,12616.755102040815,4238.877551020408,2185.112244897959
LSP33564--unmicst_cellRing_482083,26064.35106382979,6881.851063829788,346.8589622048838,225.45832543317448,9083.989361702128,17336.308510638297,5486.755319148936,4489.648936170212
LSP33564--unmicst_cellRing_482095,25984.661971830985,6885.112676056338,322.36424815833124,209.53676130291532,6675.232394366197,16611.669014084506,4415.211267605634,3620.049295774648
LSP33564--unmicst_cellRing_482106,25959.76056338028,6883.661971830986,312.39254797285554,203.05515618235611,6706.619718309859,17797.704225352114,3843.6197183098593,3310.1830985915494
LSP33564--unmicst_cellRing_482107,26006.83846153846,6884.761538461538,329.7030234741292,214.306965258184,27247.438461538462,14387.123076923075,5154.4384615384615,2417.6153846153848
LSP33564--unmicst_cellRing_482130,25953.586776859505,6888.264462809917,314.5763417239112,204.47462212054228,4851.347107438017,13185.198347107438,3437.595041322314,2121.0578512396696
LSP33564--unmicst_cellRing_482146,25993.75,6889.727777777778,329.837150598605,214.39414788909323,17967.972222222223,13547.211111111112,6496.966666666666,2427.9
LSP33564--unmicst_cellRing_482152,25975.136363636364,6888.772727272727,322.5047340967145,209.62807716286443,5970.009090909091,15682.218181818182,4145.6,3090.090909090909
LSP33564--unmicst_cellRing_482178,26045.10869565217,6891.690217391304,349.4374992809376,227.13437453260943,4954.347826086957,14134.505434782608,6342.788043478261,2751.2065217391305
LSP33564--unmicst_cellRing_482190,26065.66304347826,6892.010869565217,356.8457156244727,231.94971515590726,10391.076086956522,14872.347826086956,5219.152173913043,2729.891304347826
LSP33564--unmicst_cellRing_482212,25966.39423076923,6893.153846153846,323.59272072816344,210.33526847330626,4511.125,14141.932692307691,4133.740384615385,3395.019230769231
LSP33564--unmicst_cellRing_482213,26057.733333333334,6893.541666666667,355.5401259150986,231.1010818448141,14361.341666666667,15521.291666666666,4729.975,3559.0583333333334
LSP33564--unmicst_cellRing_482228,26004.77142857143,6894.342857142857,337.97856902475553,219.6860698660911,26503.42857142857,11439.44761904762,4453.333333333333,1774.3714285714286
LSP33564--unmicst_cellRing_482235,25981.345679012345,6896.79012345679,332.17464890804996,215.9135217902325,16171.506172839509,18192.172839506173,4930.37037037037,3046.5308641975307
LSP33564--unmicst_cellRing_482252,25948.034013605444,6898.278911564626,322.05299328375713,209.33444563444215,5257.4625850340135,12734.496598639456,3555.204081632653,2280.1768707482997
LSP33564--unmicst_cellRing_482253,26030.77142857143,6899.480952380953,351.7900759815807,228.66354938802746,25790.80476190476,12972.057142857142,4641.052380952381,2347.3571428571427
LSP33564--unmicst_cellRing_482263,25958.86458333333,6898.65625,326.15208214871853,211.99885339666704,4170.802083333333,14021.458333333334,3861.3020833333335,3240.09375
LSP33564--unmicst_cellRing_482264,26010.529411764703,6899.529411764706,344.83620112216937,224.1435307294101,29277.941176470587,11359.019607843138,4533.509803921569,1748.6470588235295
LSP33564--unmicst_cellRing_482311,25968.74782608696,6903.8,334.395994614637,217.35739649951407,5496.321739130435,15008.6,5414.469565217391,3507.895652173913
LSP33564--unmicst_cellRing_482318,25978.215909090908,6904.681818181818,338.497319420643,220.02325762341798,13461.40909090909,11538.886363636364,5079.511363636364,2409.431818181818
LSP33564--unmicst_cellRing_482319,26020.080291970804,6904.41605839416,352.72394445000265,229.27056389250174,5687.58394160584,13735.021897810218,4425.992700729927,1742.5985401459857
LSP33564--unmicst_cellRing_482331,25997.55797101449,6904.717391304348,345.21885411409454,224.39225517416145,5644.876811594203,14689.492753623188,4939.521739130435,1848.1159420289853
LSP33564--unmicst_cellRing_482332,26069.572580645163,6904.201612903225,369.63631846692397,240.2636070035006,4621.177419354839,18635.798387096773,6326.362903225807,5940.887096774193
LSP33564--unmicst_cellRing_482351,26034.04580152672,6909.763358778626,362.5704295981836,235.67077923881934,13554.75572519084,15420.465648854964,5154.358778625954,2501.671755725191
LSP33564--unmicst_cellRing_482366,26092.718954248365,6907.921568627451,381.1304290803728,247.7347789022423,11190.843137254902,12610.790849673203,8864.928104575163,1924.9673202614376
LSP33564--unmicst_cellRing_482397,26010.474820143885,6911.021582733813,355.60059508503304,231.14038680527148,12933.98561151079,15258.230215827338,7837.316546762589,2103.3525179856115
LSP33564--unmicst_cellRing_482398,26049.727272727272,6910.538461538462,368.720105695135,239.66806870183774,19798.59440559441,14295.993006993009,4434.041958041958,2275.7062937062938
LSP33564--unmicst_cellRing_482409,26080.83606557377,6910.754098360656,379.67933211866665,246.79156587713334,25453.66393442623,13593.61475409836,5230.459016393443,3637.3606557377047
LSP33564--unmicst_cellRing_482426,25977.03703703704,6912.166666666667,345.11282749006597,224.3233378685429,18330.166666666668,14450.5,7744.962962962963,2531.074074074074
LSP33564--unmicst_cellRing_482427,25988.046153846157,6913.748717948718,350.404054446929,227.76263539050387,7974.384615384615,14406.779487179489,7911.5179487179485,2852.020512820513
LSP33564--unmicst_cellRing_482428,26069.065217391304,6913.0,377.7165351980884,245.51574787875748,7188.989130434783,12399.04347826087,4123.336956521739,3092.760869565217
LSP33564--unmicst_cellRing_482429,26102.86861313869,6914.036496350365,390.3777338663858,253.7455270131508,32182.07299270073,15724.321167883212,7721.496350364963,3371.890510948905
LSP33564--unmicst_cellRing_482445,25952.312,6913.92,338.2085084829349,219.8355305139077,5952.808,16121.936,3652.656,2591.6
LSP33564--unmicst_cellRing_482455,25969.254901960783,6916.921568627451,346.8834911123477,225.47426922302603,24882.614379084967,12984.797385620916,4748.385620915033,2183.4640522875816
LSP33564--unmicst_cellRing_482456,26024.409523809525,6917.104761904762,366.12691382633056,237.98249398711488,16131.895238095238,13812.419047619049,4434.057142857143,2271.8952380952383
LSP33564--unmicst_cellRing_482457,26040.56692913386,6917.527559055118,372.11058637876914,241.87188114619994,12066.858267716536,14672.070866141732,4758.5511811023625,2023.4251968503936
LSP33564--unmicst_cellRing_482470,25960.22413793104,6915.379310344828,342.31368323468155,222.503894102543,6739.068965517241,14370.46551724138,5772.982758620689,2026.1724137931035
LSP33564--unmicst_cellRing_482471,26061.48818897638,6917.212598425197,379.0492699356779,246.38202545819064,6042.811023622047,14720.83464566929,5094.48031496063,3095.984251968504
LSP33564--unmicst_cellRing_482472,26089.95348837209,6917.488372093023,389.15084857691295,252.94805157499343,7765.581395348837,13948.348837209302,6880.081395348837,2755.186046511628
LSP33564--unmicst_cellRing_482491,26078.19580419581,6921.811188811189,389.14140310828185,252.9419120203832,27539.937062937064,15128.965034965036,8244.167832167832,4450.356643356643
LSP33564--unmicst_cellRing_482499,26006.72380952381,6920.266666666666,362.97835587083404,235.93593131604214,26690.685714285715,12045.209523809524,4631.1809523809525,1821.7333333333331
LSP33564--unmicst_cellRing_482516,26050.309859154928,6920.774647887324,378.5263163874431,246.04210565183803,26915.22535211268,15740.23943661972,4658.014084507042,3043.8169014084506
LSP33564--unmicst_cellRing_482540,26018.736842105263,6925.007518796992,371.5806685030183,241.52743452696188,33114.6992481203,11283.172932330826,6088.105263157895,1859.2406015037595
LSP33564--unmicst_cellRing_482553,25982.42857142857,6925.935714285714,359.8968255714885,233.93293662146752,5781.228571428572,15876.878571428571,5568.057142857143,2820.114285714286
LSP33564--unmicst_cellRing_482554,25997.982905982903,6923.91452991453,363.3787431792963,236.1961830665426,30039.97435897436,11449.649572649572,4446.641025641025,2257.6666666666665
LSP33564--unmicst_cellRing_482567,25991.58585858586,6928.30303030303,365.2845466411876,237.43495531677195,9277.272727272728,12819.575757575758,4203.464646464647,1944.292929292929
LSP33564--unmicst_cellRing_482575,26008.313559322032,6929.169491525424,371.8817140817953,241.72311415316693,23906.593220338986,13614.28813559322,4912.042372881356,3348.423728813559
LSP33564--unmicst_cellRing_482576,26068.656,6927.112,390.8165292069366,254.0307439845088,14518.912,17792.752,15244.712,4114.016
LSP33564--unmicst_cellRing_482577,26088.50806451613,6927.685483870968,398.2191435818559,258.84244332820634,36453.08870967742,14919.790322580646,6212.532258064516,3071.1370967741937
LSP33564--unmicst_cellRing_482578,26108.506666666668,6925.346666666666,402.93977380971853,261.9108529763171,37995.82666666667,13327.253333333334,7017.946666666667,1679.5866666666666
LSP33564--unmicst_cellRing_482593,26038.511627906977,6926.779069767442,380.080724961422,247.0524712249243,17521.081395348836,14767.290697674418,4526.46511627907,2247.046511627907
LSP33564--unmicst_cellRing_482594,26056.51923076923,6924.826923076923,384.47572006657305,249.9092180432725,10964.596153846154,15241.365384615385,5553.596153846154,3641.173076923077
LSP33564--unmicst_cellRing_482609,25965.092857142856,6928.842857142857,356.6302448680667,231.80965916424336,11525.278571428573,15087.664285714283,5804.128571428571,2495.5
LSP33564--unmicst_cellRing_482610,26029.86923076923,6928.530769230769,378.7359761082972,246.1783844703932,41440.60769230769,14990.661538461538,4098.530769230769,2347.8846153846152
LSP33564--unmicst_cellRing_482611,26100.59349593496,6928.105691056911,402.79236663946466,261.81503831565203,18870.829268292684,15344.967479674797,7981.089430894309,2048.7642276422766
LSP33564--unmicst_cellRing_482612,26115.805970149253,6928.671641791045,408.5836211770228,265.5793537650648,24770.83582089552,13378.388059701492,6389.55223880597,1809.3880597014925
LSP33564--unmicst_cellRing_482663,26054.054545454543,6931.963636363636,390.3199554787577,253.70797106119252,11200.863636363636,16219.936363636363,5878.254545454545,3053.6454545454544
LSP33564--unmicst_cellRing_482690,26041.064516129038,6935.467741935484,389.11617747407075,252.925515358146,22668.233870967742,13735.766129032258,4384.08870967742,2395.298387096774
LSP33564--unmicst_cellRing_482705,25970.035714285717,6937.835714285714,366.77752914600944,238.40539394490614,6713.035714285715,16563.1,5092.021428571428,2275.4785714285717
LSP33564--unmicst_cellRing_482706,26113.56,6936.912,415.5390506207978,270.1003829035186,17132.496,15581.464,7833.12,2051.768
LSP33564--unmicst_cellRing_482722,26013.372093023256,6936.813953488372,380.80377857765626,247.52245607547658,6073.848837209303,17495.837209302324,5932.313953488372,4201.186046511628
LSP33564--unmicst_cellRing_482723,26065.639705882357,6936.955882352941,399.01020370685933,259.3566324094586,27080.441176470587,15103.139705882351,6380.64705882353,3396.323529411765
LSP33564--unmicst_cellRing_482724,26078.176470588234,6936.47794117647,402.8967444917998,261.8828839196699,8594.073529411764,17814.742647058825,5662.036764705882,2751.580882352941
LSP33564--unmicst_cellRing_482734,25983.86896551724,6937.834482758621,371.5596764952802,241.51378972193214,17221.427586206897,17105.855172413794,5210.268965517242,2482.3793103448274
LSP33564--unmicst_cellRing_482735,26086.6875,6940.232142857143,409.36233557593795,266.0855181243597,15813.526785714286,14678.75892857143,3729.276785714286,2360.276785714286
LSP33564--unmicst_cellRing_482736,26103.13432835821,6937.79104477612,412.75885122720024,268.29325329768017,25540.82089552239,15939.537313432837,7557.507462686567,2554.358208955224
LSP33564--unmicst_cellRing_482747,26002.792592592592,6939.874074074074,380.01692289423664,247.01099988125384,5613.837037037037,15651.31851851852,3991.525925925926,4041.481481481481
LSP33564--unmicst_cellRing_482748,26094.922330097088,6938.990291262136,411.044552335705,267.1789590182083,26018.58252427185,14949.16504854369,4405.456310679611,2440.514563106796
LSP33564--unmicst_cellRing_482793,26044.777777777777,6942.791666666667,397.2723050466011,258.22699828029073,12481.194444444443,11994.013888888889,4867.833333333333,1927.1944444444443
LSP33564--unmicst_cellRing_482805,26052.36842105263,6943.526315789473,400.586352274052,260.3811289781338,41459.95614035088,13311.754385964912,4212.745614035088,2001.2280701754387
LSP33564--unmicst_cellRing_482817,26103.915789473685,6946.578947368421,421.2748837337675,273.8286744269489,21100.44210526316,17238.094736842104,10644.631578947368,4116.442105263158
LSP33564--unmicst_cellRing_482829,25978.48148148148,6947.118518518519,378.4081216824917,245.9652790936196,6415.451851851852,14064.251851851852,3253.0814814814817,2208.948148148148
LSP33564--unmicst_cellRing_482842,26037.6625,6945.6625,397.50570763809185,258.3787099647597,13603.35,17382.0375,4067.2125,4587.6
LSP33564--unmicst_cellRing_482858,25964.72932330827,6950.375939849624,376.7093450861262,244.86107430598202,6640.12030075188,14585.3984962406,3591.06015037594,1822.1127819548872
LSP33564--unmicst_cellRing_482859,25992.42857142857,6948.011904761905,384.0690653611184,249.644892484727,7712.7797619047615,14251.535714285714,3451.8928571428573,2853.4523809523807
LSP33564--unmicst_cellRing_482869,26007.924324324325,6950.102702702703,391.3890591123497,254.4028884230273,14458.74054054054,12384.956756756756,4046.8432432432433,2717.162162162162
LSP33564--unmicst_cellRing_482870,26025.513661202185,6948.666666666667,396.1236990745917,257.4804043984846,5044.87431693989,15012.196721311477,4334.693989071038,2545.344262295082
LSP33564--unmicst_cellRing_482871,26057.91869918699,6949.829268292683,408.4196958314691,265.4728022904549,11998.30081300813,17551.10569105691,4113.528455284553,2638.333333333333
LSP33564--unmicst_cellRing_482872,26074.806324110672,6952.233201581028,416.5147946892674,270.7346165480238,4376.193675889328,20189.81818181818,6082.03557312253,4033.691699604743
LSP33564--unmicst_cellRing_482894,26121.014705882357,6951.382352941177,431.6945032621954,280.601427120427,20107.691176470587,13530.191176470587,6911.411764705882,2143.044117647059
LSP33564--unmicst_cellRing_482907,26100.13793103448,6954.241379310345,427.15833566698166,277.6529181835381,5250.948275862069,18286.30172413793,7950.5344827586205,5201.258620689655
LSP33564--unmicst_cellRing_482925,26110.955223880595,6951.417910447762,428.24946966826957,278.3621552843752,6270.164179104478,18677.417910447763,7957.373134328358,6185.298507462687
LSP33564--unmicst_cellRing_482951,25974.359477124184,6957.150326797386,386.3957940185613,251.15726611206483,4517.150326797386,15169.169934640522,3136.496732026144,2595.418300653595
LSP33564--unmicst_cellRing_482965,26062.40625,6956.78125,416.49455988516956,270.72146392536024,4995.114583333333,16850.395833333332,5031.489583333333,3137.9791666666665
LSP33564--unmicst_cellRing_482983,25989.90909090909,6958.527272727273,393.0645942462279,255.49198626004815,8346.663636363637,15191.4,3223.318181818182,2879.918181818182
LSP33564--unmicst_cellRing_482996,26046.20833333333,6958.201388888889,412.2261328336397,267.94698634186585,4343.548611111111,19852.17361111111,4294.0625,5017.152777777777
LSP33564--unmicst_cellRing_482997,26113.166666666668,6960.628787878788,437.6568489361926,284.4769518085252,5852.924242424242,16415.734848484848,4550.484848484848,3391.401515151515
LSP33564--unmicst_cellRing_483010,26019.75531914893,6958.86170212766,403.6987121110351,262.40416287217283,7202.882978723404,16878.09574468085,5604.021276595745,2566.340425531915
LSP33564--unmicst_cellRing_483011,26082.3137254902,6958.196078431372,424.7057802443435,276.05875715882325,4684.686274509804,19162.156862745094,4459.78431372549,5420.254901960784
LSP33564--unmicst_cellRing_483022,26029.891472868218,6960.209302325581,408.4680944294903,265.5042613791687,14810.542635658914,15313.891472868218,4156.961240310077,3031.7906976744184
LSP33564--unmicst_cellRing_483038,26010.0,6960.505747126437,401.868120015762,261.21427801024527,9342.620689655172,16190.06896551724,4278.379310344828,3107.620689655173
LSP33564--unmicst_cellRing_483053,26091.990291262136,6962.359223300971,431.9581113002553,280.77277234516595,6674.883495145631,17031.563106796115,6429.514563106796,3367.4174757281558
LSP33564--unmicst_cellRing_483076,26084.943396226416,6963.981132075472,431.0432754401324,280.1781290360861,17340.056603773584,14232.528301886792,4546.754716981132,3737.7924528301887
LSP33564--unmicst_cellRing_483086,25983.40119760479,6968.263473053892,399.9498935472856,259.96743080573566,8233.185628742514,13596.125748502996,3074.239520958084,2400.736526946108
LSP33564--unmicst_cellRing_483087,26074.166666666668,6964.560606060606,427.8605945704849,278.1093864708152,4633.166666666667,16499.530303030304,5049.575757575758,3813.1666666666665
LSP33564--unmicst_cellRing_483101,26013.169491525423,6969.466101694915,411.3717069989712,267.3916095493313,7830.822033898305,13145.906779661016,3373.7033898305085,1910.957627118644
LSP33564--unmicst_cellRing_483121,26002.72357723577,6968.577235772358,406.9256517743232,264.5016736533101,4651.048780487805,15423.081300813008,3070.5447154471544,3497.7479674796746
LSP33564--unmicst_cellRing_483122,26051.49541284404,6967.559633027523,422.8352912709155,274.84293932609506,4023.4587155963295,17276.0,5943.5504587155965,3435.9174311926604
LSP33564--unmicst_cellRing_483161,26031.236363636363,6970.754545454545,418.82788945484555,272.2381281456496,7980.754545454545,14922.518181818185,5114.036363636364,2821.3636363636365
LSP33564--unmicst_cellRing_483162,26075.872727272726,6969.563636363637,433.14493724696575,281.54420921052775,11320.527272727271,16808.109090909093,5071.181818181818,5482.181818181818
LSP33564--unmicst_cellRing_483163,26117.0,6972.325396825397,449.9574483183052,292.47234140689835,37016.68253968254,15838.753968253968,4760.071428571428,2441.5714285714284
LSP33564--unmicst_cellRing_483174,25996.09659090909,6975.767045454545,411.38045543483685,267.39729603264396,4403.272727272727,14781.323863636364,3452.568181818182,2309.630681818182
LSP33564--unmicst_cellRing_483175,26022.14285714286,6972.065934065934,416.9140045989333,270.9941029893066,6253.923076923077,12634.021978021978,3900.5274725274726,1665.5384615384614
LSP33564--unmicst_cellRing_483176,26064.23188405797,6970.891304347826,430.3655018664625,279.73757621320067,4895.210144927536,17956.485507246376,5310.949275362319,4441.072463768116
LSP33564--unmicst_cellRing_483177,26084.265060240963,6972.819277108434,439.10167815830704,285.4160908028996,58331.14457831325,10516.21686746988,4592.024096385542,1567.578313253012
LSP33564--unmicst_cellRing_483178,26094.14285714286,6969.828571428571,439.7110297142931,285.81216931429054,6451.6,14386.685714285712,4393.914285714286,3667.7714285714287
LSP33564--unmicst_cellRing_483187,26042.112,6972.768,424.47775308816875,275.9105395073097,5566.264,15824.448,4604.368,2619.848
LSP33564--unmicst_cellRing_483231,26095.454545454544,6975.545454545455,445.5288236174793,289.59373535136154,5912.805194805195,16590.545454545456,4916.467532467533,3302.74025974026
LSP33564--unmicst_cellRing_483242,26076.84693877551,6977.673469387755,441.0913770406418,286.7093950764172,12884.683673469388,19109.79591836735,5398.969387755102,4262.632653061224
LSP33564--unmicst_cellRing_483252,25982.127167630057,6983.381502890174,413.69482247599484,268.90163460939664,6209.323699421965,14895.618497109826,3622.566473988439,2238.872832369942
LSP33564--unmicst_cellRing_483253,26012.293103448275,6977.758620689655,418.8496578427855,272.2522775978106,7937.982758620689,13879.56896551724,3095.103448275862,1904.8620689655168
LSP33564--unmicst_cellRing_483254,26105.138613861385,6976.297029702971,449.58262358087046,292.2287053275658,5494.099009900991,16549.158415841583,6120.128712871288,3277.4752475247524
LSP33564--unmicst_cellRing_483268,25973.33980582524,6979.932038834952,407.4196200889081,264.8227530577903,4759.077669902913,17880.64077669903,3465.970873786408,2047.368932038835
LSP33564--unmicst_cellRing_483269,26088.573333333334,6980.106666666667,447.4292690811328,290.82902490273636,9375.133333333331,15614.146666666667,6230.066666666667,2189.5866666666666
LSP33564--unmicst_cellRing_483302,26019.755555555555,6982.288888888889,425.6808632142413,276.69256108925686,42607.188888888886,12659.955555555556,3129.9777777777776,1845.4333333333332
LSP33564--unmicst_cellRing_483314,26062.20382165605,6983.0573248407645,441.0797859993747,286.70186089959356,18203.025477707008,16518.191082802547,4718.515923566879,4078.292993630573
LSP33564--unmicst_cellRing_483315,26110.92380952381,6983.4857142857145,458.3282928881218,297.91339037727914,16962.180952380953,15645.809523809525,8813.438095238096,2949.580952380953
LSP33564--unmicst_cellRing_483316,26130.74418604651,6982.430232558139,464.1914680303207,301.7244542197085,6298.738372093023,11712.040697674418,5294.209302325581,2349.488372093024
LSP33564--unmicst_cellRing_483333,26119.560606060608,6981.818181818182,459.7500802624745,298.83755217060843,17298.969696969696,17752.227272727272,11325.651515151516,3117.939393939394
LSP33564--unmicst_cellRing_483339,25990.416184971094,6987.560693641619,420.4824189768686,273.3135723349646,6779.988439306359,14320.028901734104,3514.242774566474,2533.21387283237
LSP33564--unmicst_cellRing_483340,26027.954545454544,6983.034090909091,429.2151682903512,278.9898593887283,9201.28409090909,15618.886363636364,4017.863636363637,2720.443181818182
LSP33564--unmicst_cellRing_483341,26072.49019607843,6983.196078431372,444.7668337643022,289.0984419467964,5455.745098039216,15707.64705882353,4694.058823529412,3644.529411764706
LSP33564--unmicst_cellRing_483357,26007.285714285717,6987.095238095239,425.8788714913099,276.82126646935143,5824.3877551020405,14974.204081632652,3076.619047619048,2642.462585034013
LSP33564--unmicst_cellRing_483378,26093.38823529412,6987.011764705882,455.57333396575024,296.1226670777377,5707.611764705883,18490.36470588235,8356.482352941177,4518.894117647059
LSP33564--unmicst_cellRing_483394,26052.793388429756,6988.082644628099,442.5411487976374,287.6517467184643,5523.677685950413,14909.148760330578,5550.768595041322,2787.471074380165
LSP33564--unmicst_cellRing_483406,26014.1875,6989.416666666667,430.44362168192544,279.78835409325154,16039.5,11519.125,3073.9166666666665,1593.0
LSP33564--unmicst_cellRing_483407,26067.371900826445,6992.04958677686,451.30438973123916,293.34785332530544,6009.826446280992,19903.297520661155,5371.06611570248,6043.05785123967
LSP33564--unmicst_cellRing_483416,26103.73809523809,6989.912698412699,461.8741276368999,300.21818296398493,20644.29365079365,13567.103174603177,8528.650793650793,3182.626984126984
LSP33564--unmicst_cellRing_483448,26119.80620155039,6991.883720930233,469.27964444316575,305.03176888805774,19267.68217054264,15905.217054263569,12442.054263565891,2141.4573643410854
LSP33564--unmicst_cellRing_483461,26076.233333333334,6990.366666666667,452.78941395352103,294.3131190697887,4855.55,20700.616666666665,5230.833333333333,5346.9
LSP33564--unmicst_cellRing_483462,26084.073770491803,6992.180327868852,457.2022883505414,297.1814874278519,11273.262295081968,18327.83606557377,5517.983606557377,5253.737704918033
LSP33564--unmicst_cellRing_483463,26128.3828125,6995.8515625,475.9683739159334,309.3794430453567,10074.7578125,15685.0390625,12738.0703125,3013.8515625
LSP33564--unmicst_cellRing_483487,26019.67142857143,6993.085714285714,435.7825915083587,283.25868448043315,14356.257142857145,15138.057142857142,3269.5285714285715,2444.2571428571428
LSP33564--unmicst_cellRing_483527,26049.32089552239,6998.649253731343,451.2552225174906,293.3158946363689,14735.81343283582,13794.567164179103,4332.977611940299,3889.044776119403
LSP33564--unmicst_cellRing_483539,26016.71875,7001.0625,442.2463393068734,287.4601205494677,37959.68125,13941.675,5441.19375,2906.125
LSP33564--unmicst_cellRing_483561,26092.841059602648,6998.834437086092,466.4775150089901,303.21038475584356,4862.258278145695,16699.98013245033,7378.655629139072,6621.741721854305
LSP33564--unmicst_cellRing_483562,26106.1,7001.153333333334,473.2380850082095,307.6047552553362,10001.053333333331,15787.893333333332,10881.3,4304.873333333333
LSP33564--unmicst_cellRing_483575,26002.552511415524,7002.867579908676,439.041627713895,285.3770580140318,10212.981735159818,15800.707762557078,4583.397260273972,3536.264840182648
LSP33564--unmicst_cellRing_483576,26038.65445026178,7004.738219895288,453.2803125576205,294.6322031624533,3362.7277486911,12191.277486910994,4373.282722513089,2192.937172774869
LSP33564--unmicst_cellRing_483658,26061.470588235294,7007.491596638655,463.7532782225743,301.4396308446733,5143.983193277311,15383.01680672269,5210.058823529412,7456.508403361345
LSP33564--unmicst_cellRing_483671,26116.64912280702,7006.736842105263,482.12487950524024,313.3811716784062,8736.32456140351,14980.043859649122,7481.894736842105,3047.0087719298244
LSP33564--unmicst_cellRing_483696,26081.56707317073,7010.018292682927,473.0731363507102,307.4975386279616,8039.451219512195,16895.317073170732,12725.44512195122,6179.3109756097565
LSP33564--unmicst_cellRing_483714,25987.29268292683,7011.162601626016,441.54837793241256,287.0064456560682,5998.707317073171,16762.869918699187,6760.121951219512,4676.382113821138
LSP33564--unmicst_cellRing_483748,25995.358974358973,7012.461538461538,445.5563755505596,289.61164410786375,4294.833333333333,17118.82051282051,4010.525641025641,4456.166666666667
LSP33564--unmicst_cellRing_483762,26139.08791208791,7012.582417582417,495.3688193644754,321.98973258690904,5563.978021978022,18342.153846153848,5320.0989010989015,4055.043956043956
LSP33564--unmicst_cellRing_483763,26146.31818181818,7012.272727272727,497.5783367048653,323.42591885816245,6030.030303030303,16086.166666666666,4853.378787878788,3099.212121212121
LSP33564--unmicst_cellRing_483803,26078.25,7016.223684210527,477.74875782160666,310.5366925840443,14697.171052631578,14945.473684210529,11956.026315789471,3099.368421052632
LSP33564--unmicst_cellRing_483804,26117.19512195122,7016.658536585366,491.6233466524872,319.5551753241167,5224.8536585365855,17290.5,6326.682926829269,2892.439024390244
LSP33564--unmicst_cellRing_483815,26030.38797814208,7018.622950819672,463.45015169700224,301.2425986030515,5202.677595628416,13859.83606557377,6042.486338797814,4829.88524590164
LSP33564--unmicst_cellRing_483816,26044.777777777777,7016.083333333333,466.042939627574,302.92791075792314,4523.666666666667,15700.027777777776,4686.263888888889,4736.375
LSP33564--unmicst_cellRing_483817,26066.33802816901,7016.197183098591,473.60493426158473,307.84320727003006,9891.704225352112,16459.6338028169,11407.323943661971,4297.521126760564
LSP33564--unmicst_cellRing_483818,26149.25185185185,7021.392592592592,507.1500518817769,329.647533723155,10635.207407407408,16048.207407407408,4276.066666666667,2381.6666666666665
LSP33564--unmicst_cellRing_483835,26000.841726618703,7019.640287769784,454.1881426628424,295.2222927308476,6364.762589928057,19751.38129496403,5130.89928057554,5217.525179856115
LSP33564--unmicst_cellRing_483836,26109.81818181818,7019.030303030303,491.29798914881434,319.34369294672933,5318.0,17385.272727272728,7425.989898989899,3814.6666666666665
LSP33564--unmicst_cellRing_483848,26093.758928571428,7018.901785714285,485.62438295449476,315.6558489204216,5921.294642857143,17001.66964285714,8942.5625,2574.7053571428573
LSP33564--unmicst_cellRing_483861,26135.17213114754,7021.278688524591,502.1746461824462,326.4135200185901,10925.77049180328,17879.549180327867,5895.803278688524,2780.5819672131147
LSP33564--unmicst_cellRing_483870,26073.471153846152,7022.788461538462,482.25613997892424,313.46649098630076,8861.182692307691,13217.14423076923,8257.028846153846,1739.9903846153843
LSP33564--unmicst_cellRing_483871,26100.761904761905,7021.206349206349,490.2082983413207,318.63539392185845,5207.6984126984125,17474.15873015873,7979.396825396825,2277.8253968253966
LSP33564--unmicst_cellRing_483888,26037.93103448276,7023.5,470.6346182686248,305.91250187460616,6060.551724137931,14920.310344827589,4712.896551724138,3680.913793103448
LSP33564--unmicst_cellRing_483889,26084.757396449702,7026.89349112426,490.01053948097706,318.5068506626351,10308.408284023668,16671.934911242603,11933.46153846154,2283.786982248521
LSP33564--unmicst_cellRing_483903,26044.860103626943,7027.829015544042,477.0925505993965,310.1101578896077,11203.373056994818,17194.834196891192,7545.958549222798,3210.1295336787566
LSP33564--unmicst_cellRing_483904,26056.0,7023.813084112149,477.1763304752788,310.1646148089312,13208.392523364486,18635.971962616823,8394.58878504673,3179.457943925234
LSP33564--unmicst_cellRing_483905,26064.0,7023.0,479.17966573525825,311.46678272791786,11944.901960784313,15636.803921568628,10001.764705882351,2359.098039215686
LSP33564--unmicst_cellRing_483917,26020.87234042553,7027.829787234043,468.7987143137896,304.7191643039633,27036.436170212764,13733.574468085106,5958.287234042553,3114.281914893617
LSP33564--unmicst_cellRing_483949,26120.90909090909,7026.710743801653,502.3397058542613,326.52080880526984,6798.818181818182,22804.785123966944,9919.280991735535,2573.2644628099174
LSP33564--unmicst_cellRing_483982,26096.830409356724,7031.9473684210525,498.92730834611325,324.3027504249736,9797.654970760232,16156.701754385966,9067.391812865497,1427.2923976608188
LSP33564--unmicst_cellRing_484002,26069.64583333333,7031.020833333333,488.6579631706964,317.6276760609527,6753.770833333333,14542.520833333334,8877.03125,1621.9583333333333
LSP33564--unmicst_cellRing_484014,26132.52307692308,7032.038461538462,511.35469948929335,332.3805546680407,20179.32307692308,22143.138461538463,11083.63076923077,2131.7
LSP33564--unmicst_cellRing_484026,26055.546875,7033.65625,486.2556329752646,316.066161433922,43886.234375,16680.828125,11140.4921875,2177.796875
LSP33564--unmicst_cellRing_484039,25999.311475409835,7035.639344262295,468.67115474695265,304.63625058551924,35187.00819672131,17140.524590163935,5330.713114754099,3513.2049180327867
LSP33564--unmicst_cellRing_484040,26008.20754716981,7039.163522012579,475.0540521313445,308.78513388537397,6653.157232704402,16217.194968553458,5122.786163522012,5044.427672955975
LSP33564--unmicst_cellRing_484041,26074.91452991453,7037.273504273504,496.3467606976403,322.62539445346624,7838.25641025641,15964.957264957266,7895.589743589743,1828.5982905982903
LSP33564--unmicst_cellRing_484042,26119.298245614034,7036.026315789473,510.52363936049073,331.840365584319,22527.245614035088,16665.833333333332,6617.421052631579,1970.008771929825
LSP33564--unmicst_cellRing_484056,26031.782352941176,7037.752941176471,481.8822503803178,313.2234627472066,6743.776470588236,19335.95882352941,8213.311764705883,2542.7
LSP33564--unmicst_cellRing_484075,26063.285714285717,7037.9682539682535,492.97760783462087,320.4354450925036,14235.79365079365,16255.90476190476,10895.666666666666,1819.6031746031747
LSP33564--unmicst_cellRing_484098,26016.2734375,7040.4296875,479.03116122369676,311.3702547954029,6845.78125,20367.4765625,9554.671875,2872.640625
LSP33564--unmicst_cellRing_484099,26103.747252747253,7041.791208791209,510.55565339522605,331.8611747068969,14219.445054945056,17856.36813186813,9558.697802197805,2033.9725274725276
LSP33564--unmicst_cellRing_484137,26083.61403508772,7041.377192982456,503.20545224429776,327.08354395879354,37376.84210526316,16954.885964912282,6347.3421052631575,1722.719298245614
LSP33564--unmicst_cellRing_484138,26112.81818181818,7040.545454545455,512.5233170404418,333.1401560762872,10499.09090909091,16842.484848484848,6506.393939393939,1873.4848484848485
LSP33564--unmicst_cellRing_484156,26047.613496932518,7043.668711656442,492.9072439146264,320.3897085445072,10563.067484662575,16990.21472392638,10541.42944785276,2010.466257668712
LSP33564--unmicst_cellRing_484157,26092.227272727272,7045.068181818182,509.6470716646963,331.2705965820526,26205.530303030304,15887.0,6167.409090909091,1302.6969696969695
LSP33564--unmicst_cellRing_484158,26138.835714285717,7041.1,522.0400751391627,339.32604884045577,9694.628571428571,22942.585714285717,12276.121428571429,3233.0214285714287
LSP33564--unmicst_cellRing_484169,26057.855263157893,7043.302631578948,496.1051741661365,322.4683632079888,15596.723684210529,14892.236842105263,11982.828947368422,1615.2236842105262
LSP33564--unmicst_cellRing_484184,26024.33333333333,7045.813725490196,486.87005705675625,316.4655370868916,16821.43137254902,19039.93137254902,8056.813725490196,2094.0098039215686
LSP33564--unmicst_cellRing_484185,26126.438461538462,7043.9384615384615,520.4166857317806,338.2708457256574,14743.276923076925,17075.638461538463,7474.961538461538,1481.176923076923
LSP33564--unmicst_cellRing_484204,26069.89375,7047.8,504.48782415025187,327.9170856976637,23050.24375,16139.0875,7292.425,1699.20625
LSP33564--unmicst_cellRing_484217,26114.9793814433,7047.690721649485,519.9751309282984,337.983835103394,12620.752577319588,22029.03092783505,9103.453608247422,1935.680412371134
LSP33564--unmicst_cellRing_484245,26003.36,7049.83,483.3863639067131,314.2011365393635,6756.65,17643.93,5633.45,3291.6
LSP33564--unmicst_cellRing_484246,26105.26530612245,7048.591836734694,517.4616983263206,336.3501039121084,41733.30612244898,15141.591836734691,8843.040816326531,1514.4489795918366
LSP33564--unmicst_cellRing_484265,26032.736842105263,7050.552631578948,494.22243177105736,321.2445806511873,6206.666666666667,16281.736842105263,6980.333333333333,1616.5526315789473
LSP33564--unmicst_cellRing_484266,26155.225,7049.42,535.5139880381024,348.0840922247666,4003.14,10094.205,3675.89,961.52
LSP33564--unmicst_cellRing_484284,26081.622377622374,7054.958041958042,515.2598786848029,334.9189211451219,23140.216783216783,16116.342657342657,8250.32867132867,1423.3846153846157
LSP33564--unmicst_cellRing_484298,26040.932773109245,7053.605042016807,499.9205662781901,324.94836808082357,19698.277310924368,14595.420168067229,8630.20168067227,1462.9243697478992
LSP33564--unmicst_cellRing_484319,26019.15228426396,7057.842639593909,496.3654431318232,322.6375380356851,27465.17766497462,17296.857868020306,9030.477157360408,1744.1573604060914
LSP33564--unmicst_cellRing_484320,26052.442176870747,7054.931972789115,505.14540067393585,328.3445104380583,12859.897959183674,14325.551020408164,11492.380952380952,1627.0272108843535
LSP33564--unmicst_cellRing_484321,26092.418367346934,7055.918367346939,519.8940354928811,337.93112307037273,56835.4081632653,13983.234693877552,7129.357142857143,1202.469387755102
LSP33564--unmicst_cellRing_484322,26104.955056179777,7055.426966292135,523.7679204430225,340.44914828796465,23749.101123595505,18212.393258426968,8242.38202247191,1595.8426966292134
LSP33564--unmicst_cellRing_484339,26117.556213017757,7057.278106508876,529.8621378069355,344.4103895745081,15566.91124260355,20283.798816568047,9718.112426035505,2565.1005917159764
LSP33564--unmicst_cellRing_484354,26066.14545454545,7056.372727272727,511.2356417813838,332.30316715789945,17247.272727272728,15808.11818181818,7395.2,1830.7545454545452
LSP33564--unmicst_cellRing_484355,26137.112582781458,7056.304635761589,535.710975996938,348.2121343980097,26014.27152317881,20007.43708609272,6702.543046357616,3192.3708609271525
LSP33564--unmicst_cellRing_484375,26128.701149425287,7055.620689655172,532.1606889009352,345.9044477856079,40591.87356321839,17298.701149425287,6811.068965517241,4213.0114942528735
LSP33564--unmicst_cellRing_484408,26072.329411764706,7061.294117647059,517.9917609872033,336.69464464168215,12929.717647058824,16270.117647058823,9955.552941176473,1384.1764705882354
LSP33564--unmicst_cellRing_484424,26009.21686746988,7059.108433734939,494.11765806542434,321.17647774252583,34228.14457831325,14948.253012048192,8278.409638554216,2000.2409638554216
LSP33564--unmicst_cellRing_484425,26034.10655737705,7061.836065573771,505.2834658908538,328.43425282905497,10092.745901639344,15993.139344262296,11638.524590163934,1348.532786885246
LSP33564--unmicst_cellRing_484452,26092.4076433121,7065.592356687898,528.9675719099997,343.8289217414998,18024.28662420382,18157.75159235669,7994.458598726114,1382.0127388535032
LSP33564--unmicst_cellRing_484453,26105.81382978724,7069.606382978724,537.3696222204254,349.2902544432765,11921.601063829788,20440.56382978724,7274.202127659574,1811.021276595745
LSP33564--unmicst_cellRing_484454,26149.75,7064.439024390244,547.7133947628091,356.01370659582597,27209.36585365853,16035.048780487805,4845.15243902439,2727.5548780487807
LSP33564--unmicst_cellRing_484465,26050.244897959183,7064.693877551021,513.5453559334443,333.8044813567388,37182.95918367347,13854.795918367348,7162.3877551020405,1566.1122448979593
LSP33564--unmicst_cellRing_484466,26082.71153846154,7064.173076923077,524.2830930251347,340.7840104663376,17816.134615384617,23177.0,19653.346153846152,2200.096153846154
LSP33564--unmicst_cellRing_484467,26142.311475409835,7062.7213114754095,543.5295245641427,353.2941909666927,10445.262295081968,20208.90163934426,4868.229508196721,3974.163934426229
LSP33564--unmicst_cellRing_484468,26159.475524475525,7068.27972027972,554.6800963473698,360.54206262579044,40242.4055944056,14578.797202797205,6615.839160839161,1943.370629370629
LSP33564--unmicst_cellRing_484486,26060.006711409394,7067.187919463087,519.2610206558113,337.51966342627736,28571.61744966443,17000.208053691276,8340.543624161073,2357.8389261744965
LSP33564--unmicst_cellRing_484514,26122.891891891893,7067.9009009009005,541.6746469334936,352.08852050677086,17252.18918918919,18764.65765765766,4939.81981981982,1677.6576576576576
LSP33564--unmicst_cellRing_484529,26009.135135135137,7068.1621621621625,502.58464120284845,326.6800167818515,40219.36486486487,12779.648648648648,6548.864864864865,1636.662162162162
LSP33564--unmicst_cellRing_484530,26041.65306122449,7067.040816326531,512.7766116932955,333.30479760064213,26418.163265306124,14070.020408163266,5845.224489795918,1801.265306122449
LSP33564--unmicst_cellRing_484540,26134.0,7068.078651685393,545.6824278585221,354.6935781080394,14554.932584269663,18340.88764044944,3981.460674157304,2479.5955056179773
LSP33564--unmicst_cellRing_484569,26036.0,7072.19587628866,515.6589468887523,335.178315477689,20625.536082474227,13760.082474226803,5847.453608247422,1349.5670103092784
LSP33564--unmicst_cellRing_484570,26074.83783783784,7070.981981981982,527.9493957576142,343.1671072424492,8814.855855855856,19965.495495495496,16227.063063063064,1545.5765765765766
LSP33564--unmicst_cellRing_484586,26024.921875,7072.0078125,511.6518567708653,332.57370690106245,16747.2421875,16112.9609375,8797.2421875,2684.7265625
LSP33564--unmicst_cellRing_484587,26093.85148514852,7072.772277227723,536.2038515018219,348.5325034761842,13239.643564356436,18056.37623762376,8464.742574257425,1494.8712871287128
LSP33564--unmicst_cellRing_484588,26114.82242990654,7071.476635514019,542.239527962727,352.4556931757726,39385.542056074766,19828.392523364488,6999.822429906542,3287.728971962617
LSP33564--unmicst_cellRing_484619,26016.144329896902,7073.237113402062,509.7702018987343,331.3506312341773,18604.42268041237,17779.24742268041,10943.690721649484,2464.618556701031
LSP33564--unmicst_cellRing_484620,26044.010752688173,7077.881720430108,523.7640389504696,340.4466253178053,20751.064516129038,16447.47311827957,10006.967741935485,1743.731182795699
LSP33564--unmicst_cellRing_484621,26125.41584158416,7076.821782178218,550.9179781724082,358.09668581206535,14581.663366336634,18651.91089108911,3990.504950495049,5942.0
LSP33564--unmicst_cellRing_484638,26050.891472868218,7079.2558139534885,527.432606812662,342.83119442823033,16271.271317829458,15260.410852713178,7879.15503875969,1554.4263565891472
LSP33564--unmicst_cellRing_484639,26141.285714285717,7076.932330827068,556.5092395352291,361.7310056978989,9576.87969924812,17633.06015037594,6063.225563909775,3153.902255639098
LSP33564--unmicst_cellRing_484640,26169.74683544304,7077.348101265823,566.7407344147806,368.3814773696074,15263.341772151898,17332.113924050635,7071.069620253164,2565.1455696202534
LSP33564--unmicst_cellRing_484662,26083.074285714287,7080.102857142857,539.3556688365412,350.5811847437518,38137.88,18752.20571428572,14253.64,1631.811428571429
LSP33564--unmicst_cellRing_484663,26133.02380952381,7076.071428571428,552.8446163598188,359.34900063388227,10711.880952380952,17807.095238095237,3699.119047619048,4916.595238095239
LSP33564--unmicst_cellRing_484675,26059.8,7078.211111111111,529.532764080348,344.1962966522262,7279.766666666666,21916.71111111111,6804.044444444445,3192.0222222222224
LSP33564--unmicst_cellRing_484676,26096.4128440367,7081.018348623853,544.8269342985428,354.13750729405285,7798.678899082569,15775.532110091744,4682.899082568807,1663.091743119266
LSP33564--unmicst_cellRing_484677,26154.845161290323,7079.787096774194,563.8765339232048,366.5197470500831,26427.251612903223,13757.78064516129,9749.890322580644,1629.4
LSP33564--unmicst_cellRing_484692,26031.53125,7079.09375,520.5861041909925,338.38096772414514,6532.109375,16078.359375,5692.484375,3214.890625
LSP33564--unmicst_cellRing_484693,26071.64814814815,7078.018518518518,533.4489396939151,346.74181080104483,13407.62962962963,19296.277777777777,13279.75925925926,1614.1666666666667
LSP33564--unmicst_cellRing_484718,26065.91891891892,7079.027027027027,532.4141678777496,346.06920912053727,17809.108108108107,15951.297297297297,7134.108108108108,1540.027027027027
LSP33564--unmicst_cellRing_484732,26113.195652173912,7082.108695652174,551.6532322419581,358.57460095727276,9793.152173913044,21107.934782608696,4648.79347826087,3808.130434782609
LSP33564--unmicst_cellRing_484745,26011.81879194631,7086.315436241611,520.5460846103623,338.3549549967355,17828.926174496642,16856.5033557047,8357.375838926175,1945.489932885906
LSP33564--unmicst_cellRing_484746,26145.952,7087.264,567.8171168781122,369.0811259707729,15605.12,15313.28,10049.456,2001.776
LSP33564--unmicst_cellRing_484759,26035.586666666662,7084.426666666666,526.992351382879,342.54502839887135,10487.68,17702.04,6903.48,4017.2266666666665
LSP33564--unmicst_cellRing_484774,26135.074468085106,7086.712765957447,563.5386205158055,366.3001033352736,10256.340425531916,19660.787234042557,5017.968085106383,3738.744680851064
LSP33564--unmicst_cellRing_484795,26021.4587628866,7088.443298969072,525.8760270222948,341.81941756449163,14150.360824742267,16348.226804123711,13412.969072164948,1550.1701030927834
LSP33564--unmicst_cellRing_484796,26068.386363636364,7087.371212121212,541.0968382590371,351.7129448683741,18316.492424242424,21219.916666666668,13182.84090909091,2263.628787878788
LSP33564--unmicst_cellRing_484822,26126.022058823528,7088.558823529412,562.1406340292797,365.3914121190318,13462.183823529413,16710.183823529413,4422.235294117647,5300.669117647059
LSP33564--unmicst_cellRing_484837,26036.446153846155,7091.107692307693,533.5584507524286,346.8129929890786,33753.56923076923,15953.176923076922,6015.9,1982.9846153846156
LSP33564--unmicst_cellRing_484846,26054.8198757764,7091.683229813664,540.4518063700455,351.29367414052956,17411.130434782608,16720.198757763974,8391.074534161491,1749.2298136645963
LSP33564--unmicst_cellRing_484847,26087.591304347825,7090.721739130435,550.881428115177,358.07292827486503,12423.765217391305,20974.460869565217,7279.626086956522,2309.2
LSP33564--unmicst_cellRing_484848,26101.961165048546,7088.805825242718,554.0525516402429,360.1341585661579,4860.21359223301,14282.95145631068,3645.1650485436894,2344.5922330097087
LSP33564--unmicst_cellRing_484849,26166.406976744187,7087.941860465116,575.5261461164008,374.09199497566055,7696.662790697675,18749.31395348837,7375.174418604651,4019.767441860465
LSP33564--unmicst_cellRing_484862,26076.191176470587,7091.088235294118,547.2833465331911,355.73417524657424,27046.029411764703,17880.897058823528,9682.779411764706,1560.0441176470588
LSP33564--unmicst_cellRing_484873,26156.373333333333,7092.706666666667,576.5275697578888,374.74292034262777,30901.626666666667,18150.68,10172.28,3254.26
LSP33564--unmicst_cellRing_484916,26042.95348837209,7096.782945736434,541.1337489742159,351.73693683324035,17671.53488372093,15458.403100775196,6126.007751937985,1393.9147286821706
LSP33564--unmicst_cellRing_484917,26062.706666666665,7095.613333333334,546.8665976431512,355.4632884680483,25770.693333333333,17907.96,12544.746666666666,1856.36
LSP33564--unmicst_cellRing_484918,26139.40350877193,7094.789473684211,572.6140212130571,372.1991137884871,15693.59649122807,15712.368421052632,7160.2807017543855,1948.1052631578948
LSP33564--unmicst_cellRing_484929,26078.102040816328,7098.285714285715,554.6975899126877,360.553433443247,16323.489795918367,17907.571428571428,4649.683673469388,2339.438775510204
LSP33564--unmicst_cellRing_484941,26102.65811965812,7100.837606837607,565.5831419843634,367.6290422898362,17792.089743589742,18173.05128205128,5538.538461538462,5729.132478632479
LSP33564--unmicst_cellRing_484942,26165.130434782608,7099.233695652174,585.6800324704409,380.6920211057866,8010.065217391304,18635.652173913044,4913.635869565217,3661.853260869565
LSP33564--unmicst_cellRing_484964,26091.260869565216,7098.391304347826,559.3467656900219,363.5753976985143,15123.869565217392,16083.130434782608,3738.858695652174,1586.0217391304348
LSP33564--unmicst_cellRing_484965,26118.024096385543,7096.614457831325,566.9337932842541,368.50696563476515,6832.373493975903,21108.24096385542,4302.036144578313,5394.409638554217
LSP33564--unmicst_cellRing_484995,26025.91869918699,7100.536585365854,538.7655032578683,350.1975771176144,7684.536585365854,21940.31707317073,8089.780487804878,3990.7154471544713
LSP33564--unmicst_cellRing_484996,26124.83333333333,7102.388888888889,574.7065440353535,373.55925362297984,8318.555555555555,18546.944444444445,5103.5,3226.7685185185187
LSP33564--unmicst_cellRing_485008,26133.02857142857,7102.209523809524,577.3720170729696,375.29181109743024,12555.790476190476,21344.19047619048,10145.295238095236,5353.228571428572
LSP33564--unmicst_cellRing_485009,26143.464,7102.416,581.1741503249207,377.7631977111985,40015.68,17580.816,11305.72,3058.68
LSP33564--unmicst_cellRing_485025,26063.09523809524,7102.952380952381,553.8872939309031,360.02674105508703,16543.591836734693,19880.687074829933,10508.503401360544,4126.319727891157
LSP33564--unmicst_cellRing_485038,26080.754716981133,7103.88679245283,560.8704131340007,364.5657685371005,14767.924528301886,18623.094339622643,4659.056603773585,2062.6415094339623
LSP33564--unmicst_cellRing_485056,26168.284210526315,7107.252631578947,594.2948384285665,386.2916449785683,5916.557894736842,12864.157894736842,4260.042105263158,1379.4421052631578
LSP33564--unmicst_cellRing_485067,26112.19834710744,7106.107438016529,573.8267493944204,372.98738710637326,11452.338842975209,17295.14049586777,4601.8677685950415,3072.380165289256
LSP33564--unmicst_cellRing_485075,26030.13978494624,7106.924731182796,546.2191728303729,355.0424623397424,10047.881720430109,16670.612903225807,5931.05376344086,1437.247311827957
LSP33564--unmicst_cellRing_485076,26047.42528735632,7105.057471264367,550.4441283756823,357.7886834441935,50279.96551724138,14836.298850574713,6391.96551724138,1158.2298850574712
LSP33564--unmicst_cellRing_485090,26072.164705882355,7108.117647058823,561.8700057343895,365.21550372735317,13344.6,18323.67058823529,5980.694117647059,2741.929411764706
LSP33564--unmicst_cellRing_485091,26089.8671875,7108.2421875,568.1080807811536,369.27025250774983,12008.5,18168.9453125,4430.3359375,3471.6015625
LSP33564--unmicst_cellRing_485092,26150.795321637423,7110.105263157895,590.9241438300645,384.1006934895419,6018.116959064328,22095.707602339186,6836.058479532164,6481.350877192983
LSP33564--unmicst_cellRing_485103,26037.132743362832,7109.309734513275,550.8751021093175,358.06881637105636,11639.194690265487,16320.398230088496,8784.407079646018,1470.8407079646015
LSP33564--unmicst_cellRing_485104,26176.11458333333,7109.375,598.9938972081018,389.34603318526615,8955.34375,19090.39583333333,11120.041666666666,3693.2083333333335
LSP33564--unmicst_cellRing_485136,26052.36440677966,7111.330508474576,558.0380736958217,362.72474790228415,21107.254237288136,14440.830508474575,7389.305084745762,1548.6864406779662
LSP33564--unmicst_cellRing_485137,26158.81395348837,7112.720930232558,596.1511686702135,387.49825963563876,4854.918604651163,17509.93023255814,4573.720930232558,3992.4651162790697
LSP33564--unmicst_cellRing_485150,26119.58947368421,7111.494736842105,581.4374558865484,377.93434632625645,12427.757894736842,17447.526315789473,7938.8,2170.842105263158
LSP33564--unmicst_cellRing_485161,26132.51754385965,7112.675438596491,587.0156321803631,381.56016091723603,37667.0350877193,18391.535087719298,11925.219298245614,6138.7807017543855
LSP33564--unmicst_cellRing_485174,26082.608108108107,7113.108108108108,570.1637785676174,370.60645606895133,13445.486486486489,19675.945945945947,5045.891891891892,4029.0945945945946
LSP33564--unmicst_cellRing_485202,26020.84745762712,7111.64406779661,547.4342661890922,355.83227302291,8344.338983050848,16764.01694915254,8470.389830508475,1990.9322033898304
LSP33564--unmicst_cellRing_485220,26097.27027027027,7115.513513513513,577.4907315765818,375.36897552477814,20241.12162162162,17444.12162162162,6788.202702702703,4126.5
LSP33564--unmicst_cellRing_485228,26172.817204301075,7118.698924731183,606.6024935439845,394.2916208035899,7276.967741935484,21739.68817204301,9858.774193548386,6062.978494623656
LSP33564--unmicst_cellRing_485249,26063.915789473685,7119.2947368421055,569.5052963588245,370.17844263323593,7893.3,16437.4,7928.236842105263,2646.7
LSP33564--unmicst_cellRing_485250,26076.39240506329,7117.898734177215,572.5096081835362,372.13124531929856,12558.367088607594,20746.037974683542,5278.898734177215,5129.974683544304
LSP33564--unmicst_cellRing_485251,26140.440298507463,7118.246268656716,594.9823766352589,386.7385448129183,17800.82089552239,19917.83582089552,8741.23880597015,4714.8432835820895
LSP33564--unmicst_cellRing_485269,26054.12068965517,7118.103448275862,565.0005141490645,367.25033419689197,19176.55172413793,18420.775862068964,9132.53448275862,3134.448275862069
LSP33564--unmicst_cellRing_485270,26112.91176470588,7120.919117647059,587.9714510339719,382.18144317208174,14113.286764705885,16969.816176470587,9047.85294117647,2156.3676470588234
LSP33564--unmicst_cellRing_485271,26162.55072463768,7121.376811594203,605.5652196662792,393.61739278308147,5544.007246376812,16488.021739130436,5369.753623188406,4137.724637681159
LSP33564--unmicst_cellRing_485272,26181.09708737864,7119.0097087378645,609.757149377699,396.34214709550434,17879.93203883495,15474.194174757282,7805.281553398058,3330.78640776699
LSP33564--unmicst_cellRing_485305,26101.770186335405,7122.844720496894,585.9257039046446,380.851707538019,7699.111801242236,16165.490683229811,6885.167701863354,2913.944099378882
LSP33564--unmicst_cellRing_485306,26122.48251748252,7123.475524475524,593.6795681324481,385.8917192860913,53448.56643356643,14584.706293706293,10046.699300699302,2583.5174825174827
LSP33564--unmicst_cellRing_485322,26034.36036036036,7120.18018018018,560.1163561797487,364.07563151683667,17122.297297297297,19763.26126126126,15637.17117117117,3082.009009009009
LSP33564--unmicst_cellRing_485335,26046.40425531915,7121.893617021276,565.8886727914307,367.82763731443,9281.989361702128,17806.436170212764,9121.702127659575,3037.6702127659573
LSP33564--unmicst_cellRing_485346,26071.36842105263,7126.368421052632,578.7196301169449,376.1677595760142,6046.315789473684,19690.621052631577,6256.315789473684,5970.484210526316
LSP33564--unmicst_cellRing_485347,26081.86111111111,7125.083333333333,581.1420073518935,377.74230477873084,8061.666666666667,21934.14814814815,9729.49074074074,3851.4166666666665
LSP33564--unmicst_cellRing_485362,26025.754545454547,7125.727272727273,562.345529256435,365.5245940166828,24004.436363636363,14770.981818181815,11363.172727272728,2484.0636363636363
LSP33564--unmicst_cellRing_485381,26089.58139534884,7125.418604651163,584.1261402275849,379.6819911479302,5628.011627906977,22155.674418604653,10372.546511627908,6054.872093023256
LSP33564--unmicst_cellRing_485395,26041.180722891568,7128.385542168675,570.1739317430706,370.6130556329959,7066.879518072289,19071.168674698794,10357.409638554216,3368.421686746988
LSP33564--unmicst_cellRing_485396,26134.58479532164,7128.777777777777,602.8395111240013,391.84568223060086,38578.19298245614,18064.87134502924,8605.947368421053,5029.994152046784
LSP33564--unmicst_cellRing_485397,26185.606451612904,7128.812903225807,620.5148904755905,403.33467880913383,13422.529032258064,17230.664516129033,14709.07741935484,3311.3870967741937
LSP33564--unmicst_cellRing_485409,26054.139393939397,7131.351515151515,577.4378352027965,375.33459288181774,9106.212121212122,16306.672727272728,6728.981818181818,1701.9272727272728
LSP33564--unmicst_cellRing_485410,26149.172222222223,7128.622222222222,607.7376351119093,395.02946282274104,18546.68888888889,18776.0,8694.744444444445,4561.272222222222
LSP33564--unmicst_cellRing_485430,26174.822033898305,7131.838983050848,619.6252369421735,402.7564040124128,12057.50847457627,17244.084745762713,8759.966101694916,3719.5593220338974
LSP33564--unmicst_cellRing_485463,26093.803921568626,7133.205882352941,592.893133641231,385.3805368668001,8348.539215686274,24441.88235294117,8985.401960784313,9629.009803921568
LSP33564--unmicst_cellRing_485464,26112.11403508772,7133.2807017543855,599.2946634876931,389.54153126700055,11466.27192982456,16881.184210526317,15698.32456140351,2413.0438596491226
LSP33564--unmicst_cellRing_485465,26164.362416107386,7133.053691275168,617.1482574330179,401.14636733146165,38938.12080536913,16937.56375838926,5301.939597315436,4496.86577181208
LSP33564--unmicst_cellRing_485494,26062.39873417721,7136.594936708861,585.2137530776308,380.38893950046,27075.727848101265,18239.79746835443,7308.981012658228,3454.493670886076
LSP33564--unmicst_cellRing_485495,26104.72,7132.36,595.8740241415888,387.3181156920328,9431.64,14498.28,8358.68,3199.32
LSP33564--unmicst_cellRing_485511,26074.965277777777,7137.354166666667,590.2714465291454,383.6764402439445,30747.618055555555,16050.729166666666,9491.951388888889,2279.9444444444443
LSP33564--unmicst_cellRing_485558,26122.24550898204,7138.077844311377,607.2991832641145,394.74446912167446,8820.407185628743,16251.88023952096,10322.520958083833,3510.598802395209
LSP33564--unmicst_cellRing_485568,26032.44144144144,7140.243243243243,578.2782899324557,375.8808884560962,11667.81081081081,17628.81081081081,16014.342342342345,2160.4864864864867
LSP33564--unmicst_cellRing_485569,26043.902654867252,7138.265486725663,580.3856248820675,377.2506561733439,7536.424778761062,18911.46902654867,7751.017699115044,4389.345132743363
LSP33564--unmicst_cellRing_485570,26101.20408163265,7138.183673469388,600.1227167325233,390.07976587614013,7439.142857142857,16695.591836734693,9409.326530612245,6693.306122448979
LSP33564--unmicst_cellRing_485571,26182.516666666663,7140.458333333333,630.3735715030027,409.7428214769518,14190.483333333334,12485.841666666667,6539.0,2572.9333333333334
LSP33564--unmicst_cellRing_485591,26086.95808383233,7142.592814371257,599.3338539847587,389.5670050900931,11792.586826347306,18457.580838323356,12226.047904191617,3063.574850299401
LSP33564--unmicst_cellRing_485592,26143.27333333333,7141.92,618.1753975926525,401.81400843522414,5786.693333333334,18769.786666666667,7055.26,4295.946666666667
LSP33564--unmicst_cellRing_485619,26155.33333333333,7140.728395061728,621.2274401885078,403.7978361225301,10313.432098765432,20045.666666666668,7365.802469135802,4682.283950617284
LSP33564--unmicst_cellRing_485626,26101.433566433567,7148.573426573426,609.9509248054111,396.4681011235172,11186.097902097905,20918.685314685317,12611.510489510489,5219.741258741259
LSP33564--unmicst_cellRing_485633,26110.77319587629,7146.474226804124,611.2107001458065,397.28695509477427,10324.711340206186,17791.298969072166,13412.865979381444,3976.680412371134
LSP33564--unmicst_cellRing_485634,26163.97959183673,7142.693877551021,626.0614100131118,406.93991650852263,9470.142857142857,17826.38775510204,6628.3877551020405,3980.061224489796
LSP33564--unmicst_cellRing_485652,26079.011764705883,7147.0,600.7214782749327,390.46896087870624,7475.623529411765,16756.65882352941,8190.294117647059,1897.6
LSP33564--unmicst_cellRing_485653,26096.22972972973,7144.702702702703,604.5195702270927,392.93772064761026,6793.675675675676,22021.68918918919,10227.77027027027,7352.959459459459
LSP33564--unmicst_cellRing_485672,26046.36363636364,7145.318181818182,587.8542365783671,382.10525377593865,7289.522727272727,17871.68181818182,7000.818181818182,2232.159090909091
LSP33564--unmicst_cellRing_485673,26053.18181818182,7146.484848484848,591.3065481088629,384.3492562707609,15318.075757575758,18755.83333333333,6373.393939393939,1769.1363636363635
LSP33564--unmicst_cellRing_485683,26060.948051948053,7148.181818181818,595.5842709023949,387.1297760865567,53270.38961038961,15016.506493506491,4867.636363636364,1451.0
LSP33564--unmicst_cellRing_485694,26067.39393939394,7147.560606060606,597.2302567576279,388.19966689245814,14564.939393939394,14866.257575757576,6744.227272727273,1953.621212121212
LSP33564--unmicst_cellRing_485695,26151.511904761905,7149.571428571428,628.203601897501,408.3323412333757,18214.02380952381,15705.65476190476,6176.261904761905,3020.3214285714284
LSP33564--unmicst_cellRing_485696,26166.45192307692,7149.740384615385,633.5281399410765,411.7932909616997,8625.288461538461,17409.21153846154,7392.096153846154,2356.9903846153848
LSP33564--unmicst_cellRing_485711,26071.4358974359,7154.324786324786,604.9748255928429,393.23363663534786,12152.803418803418,17838.649572649574,12668.008547008549,2269.128205128205
LSP33564--unmicst_cellRing_485712,26159.06818181818,7149.090909090909,630.3655555339631,409.737611097076,23928.5,17266.522727272728,6420.636363636364,5520.363636363636
LSP33564--unmicst_cellRing_485713,26175.60752688172,7151.806451612903,638.6326126085538,415.11119819556,7076.505376344087,14347.494623655914,5840.387096774193,2562.7419354838707
LSP33564--unmicst_cellRing_485714,26191.477272727272,7148.037878787879,640.5839941266245,416.37959618230593,10613.295454545454,14787.575757575758,8364.424242424242,2115.5227272727275
LSP33564--unmicst_cellRing_485748,26120.03597122302,7151.446043165468,619.0787377108279,402.40117951203814,23894.690647482013,17021.733812949642,10333.647482014389,5313.884892086331
LSP33564--unmicst_cellRing_485749,26140.20408163265,7152.190476190476,626.7510394507091,407.3881756429609,7094.102040816327,17437.244897959183,6387.775510204082,2585.0680272108843
LSP33564--unmicst_cellRing_485770,26040.76,7150.466666666666,590.7474925251993,383.98587014137956,6287.546666666667,24429.45333333333,11692.053333333331,3265.36
LSP33564--unmicst_cellRing_485791,26081.86585365853,7154.707317073171,608.9402611466139,395.8111697452991,7228.0609756097565,19055.548780487807,6082.731707317073,3340.0243902439024
LSP33564--unmicst_cellRing_485811,26183.22772277228,7158.3861386138615,647.4413625030346,420.8368856269725,7367.336633663366,13413.920792079209,8732.366336633664,1536.7623762376238
LSP33564--unmicst_cellRing_485829,26054.341666666667,7156.016666666666,600.6514473244176,390.4234407608715,13655.025,18866.7,7126.85,2369.15
LSP33564--unmicst_cellRing_485830,26193.51724137931,7157.367816091954,650.0437961634623,422.5284675062505,11401.413793103447,15126.494252873565,12664.172413793103,1481.574712643678
LSP33564--unmicst_cellRing_485843,26105.416184971094,7161.063583815029,623.0477423537814,404.9810325299579,10770.14450867052,18419.93063583815,12202.190751445089,5425.7341040462425
LSP33564--unmicst_cellRing_485855,26043.95890410959,7157.575342465753,598.5237928151788,389.04046532986627,6798.767123287671,17413.424657534248,5300.876712328767,1781.6849315068494
LSP33564--unmicst_cellRing_485902,26114.390625,7160.40625,625.5341651604078,406.5972073542651,23155.375,14596.96875,10820.515625,3485.71875
LSP33564--unmicst_cellRing_485903,26142.441860465115,7161.46511627907,636.2273547024173,413.54778055657124,18081.674418604653,15512.011627906975,7566.139534883721,2724.813953488372
LSP33564--unmicst_cellRing_485904,26157.897637795275,7159.212598425197,639.4581293346581,415.64778406752777,14861.527559055115,18448.76377952756,7761.700787401574,4496.377952755905
LSP33564--unmicst_cellRing_485905,26172.81343283582,7166.671641791045,651.6146861237722,423.54954598045197,10696.194029850749,17319.86567164179,11792.462686567163,2818.089552238806
LSP33564--unmicst_cellRing_485924,26091.32824427481,7168.583969465649,625.2328591673543,406.4013584587803,7863.709923664122,22558.351145038167,11070.385496183206,8044.553435114503
LSP33564--unmicst_cellRing_485925,26123.345679012345,7162.037037037037,630.1608616173954,409.60456005130703,9126.74074074074,20114.65432098765,12959.74074074074,4606.222222222223
LSP33564--unmicst_cellRing_485940,26078.702127659573,7166.046808510639,618.4863079215937,402.01610014903594,10403.570212765955,20113.178723404257,7077.344680851064,4163.914893617021
LSP33564--unmicst_cellRing_485941,26133.60869565217,7163.572463768116,635.1503513374104,412.84772836931677,8996.398550724638,18894.22463768116,8237.86231884058,3687.4565217391305
LSP33564--unmicst_cellRing_485962,26054.22033898305,7164.983050847458,609.022782689767,395.8648087483486,26139.262711864405,14402.13559322034,8908.381355932202,2988.677966101695
LSP33564--unmicst_cellRing_485979,26151.380952380958,7164.9047619047615,642.5458100053426,417.6547765034727,12383.880952380952,18648.44047619048,10219.32142857143,3860.2023809523807
LSP33564--unmicst_cellRing_485980,26164.25,7165.894230769231,647.924140707256,421.1506914597164,7069.028846153846,17202.576923076922,9552.91346153846,2926.846153846154
LSP33564--unmicst_cellRing_485995,26194.90099009901,7167.0,659.5602908882785,428.71418907738104,7214.0,16005.20792079208,5621.8712871287125,1811.118811881188
LSP33564--unmicst_cellRing_486008,26182.0,7169.48322147651,657.4293907694888,427.3291040001677,5841.053691275168,15703.328859060402,7263.375838926175,2023.510067114094
LSP33564--unmicst_cellRing_486023,26063.544444444444,7169.533333333334,616.5164958114822,400.7357222774634,25522.844444444443,19954.37222222222,6329.355555555556,4934.666666666667
LSP33564--unmicst_cellRing_486024,26118.163636363635,7168.527272727273,634.4588817864623,412.3982731612005,10553.963636363636,18673.454545454544,12230.145454545454,3282.581818181818
LSP33564--unmicst_cellRing_486045,26111.457142857143,7167.685714285714,631.3502439400246,410.377658561016,22914.542857142857,16912.314285714285,12154.171428571428,4355.8
LSP33564--unmicst_cellRing_486080,26126.480392156864,7171.5392156862745,640.1608242271822,416.1045357476684,31092.852941176472,16914.039215686276,11240.303921568628,3114.823529411765
LSP33564--unmicst_cellRing_486095,26145.82,7172.05,647.3274078992359,420.7628151345034,18448.43,18264.72,13207.4,2924.49
LSP33564--unmicst_cellRing_486096,26201.44943820225,7172.898876404494,667.3596341693567,433.7837622100819,6384.08988764045,15667.449438202248,5622.449438202248,1988.808988764045
LSP33564--unmicst_cellRing_486119,26048.88596491228,7174.11403508772,615.7459819369793,400.23488825903655,7785.964912280701,19433.06140350877,6436.315789473684,4880.429824561404
LSP33564--unmicst_cellRing_486120,26096.668508287294,7178.176795580111,636.0805195730488,413.45233772248173,8184.375690607735,20047.60220994475,7371.933701657458,6831.92817679558
LSP33564--unmicst_cellRing_486121,26110.0,7172.5,635.3637028924431,412.98640688008805,14865.46875,18198.46875,9579.484375,4949.71875
LSP33564--unmicst_cellRing_486122,26156.008928571428,7175.017857142857,653.6353494712941,424.86297715634123,14399.92857142857,13877.24107142857,11495.982142857143,1601.366071428571
LSP33564--unmicst_cellRing_486171,26188.952702702703,7178.425675675676,668.2243516317546,434.34582856064054,6293.02027027027,17607.067567567567,5106.243243243243,2378.195945945946
LSP33564--unmicst_cellRing_486185,26140.77027027027,7176.7972972972975,650.0357552335175,422.52324090178644,16624.68918918919,19536.216216216217,12812.18918918919,3791.081081081081
LSP33564--unmicst_cellRing_486207,26107.166666666668,7180.222222222223,641.6298576243728,417.05940745584235,6514.833333333333,15323.5,6509.75,3505.1944444444443
LSP33564--unmicst_cellRing_486219,26114.29411764706,7177.764705882353,641.7884856530308,417.16251567447,5772.117647058823,18338.098039215685,9966.980392156862,3817.764705882353
LSP33564--unmicst_cellRing_486220,26126.30927835052,7178.752577319588,646.8700578988969,420.465537634283,9621.484536082477,23177.12371134021,11635.659793814431,6398.546391752578
LSP33564--unmicst_cellRing_486221,26169.55833333333,7180.633333333333,663.5895859126053,431.33323084319346,5112.875,20190.45833333333,7795.983333333334,3093.075
LSP33564--unmicst_cellRing_486222,26179.112903225807,7178.758064516129,665.1338016658705,432.3369710828158,4924.048387096775,20637.59677419355,5156.274193548387,3105.048387096774
LSP33564--unmicst_cellRing_486273,26136.591666666667,7183.808333333333,655.1694220746033,425.86012434849215,9171.0,21877.38333333333,17679.391666666666,3568.491666666667
LSP33564--unmicst_cellRing_486274,26197.007751937985,7184.170542635659,676.4001426530582,439.66009272448787,9725.348837209302,15881.46511627907,6706.372093023256,2568.891472868217
LSP33564--unmicst_cellRing_486294,26149.274509803923,7184.64705882353,660.34192173895,429.2222491303175,9233.85294117647,17515.41176470588,12036.862745098038,2538.303921568628
LSP33564--unmicst_cellRing_486309,26065.279411764703,7184.419117647059,631.0839654633979,410.2045775512087,4946.661764705882,20755.25735294117,4939.22794117647,5560.47794117647
LSP33564--unmicst_cellRing_486310,26076.73717948718,7183.948717948718,634.6044837285359,412.49291442354837,4236.942307692308,24344.46153846154,8435.564102564103,8845.923076923076
LSP33564--unmicst_cellRing_486311,26161.70909090909,7182.090909090909,662.243115922237,430.4580253494541,6165.618181818182,23634.127272727277,14247.6,3360.2909090909093
LSP33564--unmicst_cellRing_486332,26053.63888888889,7185.340277777777,627.9232086317278,408.1500856106231,4762.770833333333,18700.368055555555,4252.444444444444,5517.409722222223
LSP33564--unmicst_cellRing_486333,26113.336842105266,7186.673684210527,649.816899727624,422.3809848229556,7169.484210526316,20219.65263157895,8217.926315789473,6608.168421052632
LSP33564--unmicst_cellRing_486334,26121.9,7186.128571428571,652.2664067941411,423.9731644161917,16492.7,20332.628571428573,6907.385714285714,6254.885714285714
LSP33564--unmicst_cellRing_486352,26098.8828125,7188.109375,646.1660717244737,420.0079466209079,28752.2734375,14952.3984375,5051.265625,4805.3984375
LSP33564--unmicst_cellRing_486353,26204.924324324325,7190.254054054054,684.8458057465001,445.1497737352251,22230.24864864865,17162.924324324325,8209.772972972973,2650.6216216216217
LSP33564--unmicst_cellRing_486385,26127.23275862069,7191.103448275862,658.7783831412304,428.2059490417998,7394.732758620689,25234.594827586207,13294.672413793103,5966.310344827586
LSP33564--unmicst_cellRing_486412,26082.21472392638,7192.558282208589,644.5770045008982,418.97505292558384,4800.049079754601,22974.325153374237,6838.981595092025,11326.460122699387
LSP33564--unmicst_cellRing_486413,26138.024193548383,7193.669354838709,664.9175050968059,432.19637831292385,7425.580645161291,22813.0,18065.233870967742,3807.653225806452
LSP33564--unmicst_cellRing_486414,26165.71052631579,7192.1973684210525,673.1097816767394,437.52135808988066,10699.802631578948,19565.46052631579,6613.210526315789,3683.3947368421054
LSP33564--unmicst_cellRing_486466,26059.70652173913,7194.945652173913,639.0341550404671,415.37220077630366,5596.760869565217,23300.78260869565,6320.673913043478,5799.380434782609
LSP33564--unmicst_cellRing_486467,26149.72380952381,7197.442857142857,672.5037652173576,437.12744739128243,6118.357142857143,19013.914285714287,9511.580952380951,2994.138095238095
LSP33564--unmicst_cellRing_486489,26101.535211267605,7197.788732394366,656.1655076172044,426.5075799511829,6531.507042253521,17055.556338028167,5862.37323943662,4185.225352112676
LSP33564--unmicst_cellRing_486490,26112.39622641509,7196.679245283019,658.8800140001274,428.2720091000828,4856.716981132076,21318.18867924528,7179.981132075472,7029.018867924528
LSP33564--unmicst_cellRing_486543,26213.09,7200.32,697.1143806368503,453.12434741395276,14591.94,20618.87,10143.46,2509.51
LSP33564--unmicst_cellRing_486557,26064.05504587156,7201.091743119266,646.304767034937,420.09809857270903,8550.532110091743,23382.83486238532,8299.550458715596,7459.275229357798
LSP33564--unmicst_cellRing_486558,26176.44210526316,7199.515789473684,683.6875597760086,444.39691385440557,8310.61052631579,21845.30526315789,6789.105263157895,3784.715789473684
LSP33564--unmicst_cellRing_486559,26188.65354330709,7200.2677165354335,688.615611354644,447.6001473805186,18865.49606299213,19529.49606299213,10531.496062992126,2281.8976377952754
LSP33564--unmicst_cellRing_486568,26087.385026737968,7205.358288770053,658.375239177246,427.9439054652099,5405.401069518716,21239.652406417117,6546.213903743315,7780.064171122995
LSP33564--unmicst_cellRing_486579,26071.96,7203.02,650.8474770908572,423.05086010905717,18553.37,20077.04,8881.57,6046.81
LSP33564--unmicst_cellRing_486597,26126.67910447761,7203.29104477612,670.0227376444439,435.5147794688885,19512.20895522388,26545.05223880597,14234.283582089553,6861.388059701492
LSP33564--unmicst_cellRing_486598,26160.007751937985,7205.457364341085,683.5799059531274,444.32693886953285,20193.116279069767,17507.53488372093,10935.511627906975,3018.1317829457366
LSP33564--unmicst_cellRing_486646,26167.52100840336,7208.55462184874,689.0840638767211,447.90464151986873,9883.18487394958,19544.53781512605,7746.243697478992,3808.3025210084033
LSP33564--unmicst_cellRing_486647,26200.42,7207.7,699.6580713240254,454.7777463606165,38275.49333333333,14352.286666666669,8832.613333333333,1557.7333333333331
LSP33564--unmicst_cellRing_486668,26108.185185185182,7206.185185185185,666.3434689703155,433.1232548307051,7418.049382716049,23670.296296296296,6290.074074074074,7545.222222222223
LSP33564--unmicst_cellRing_486669,26137.780952380952,7206.361904761905,676.7430002510388,439.8829501631752,10647.438095238096,20494.22857142857,12894.15238095238,3600.647619047619
LSP33564--unmicst_cellRing_486670,26149.574074074077,7208.805555555556,683.1137740841845,444.0239531547199,14962.296296296296,18177.712962962964,9912.49074074074,3381.296296296296
LSP33564--unmicst_cellRing_486671,26189.1,7210.2,698.0895942137163,453.7582362389156,10929.384615384615,17902.115384615383,9196.207692307691,2739.7923076923075
LSP33564--unmicst_cellRing_486672,26210.0,7206.508474576271,701.8526467256689,456.2042203716848,18332.491525423728,18566.169491525423,9692.42372881356,2265.864406779661
LSP33564--unmicst_cellRing_486689,26077.050505050505,7208.50505050505,657.7543896229016,427.54035325488604,13809.20202020202,19051.78787878788,10345.151515151516,9972.181818181818
LSP33564--unmicst_cellRing_486718,26059.137404580157,7213.259541984733,656.0215526255671,426.41400920661863,6617.893129770992,22135.221374045803,6420.824427480916,7946.366412213741
LSP33564--unmicst_cellRing_486719,26215.93220338983,7210.440677966101,707.5935452362434,459.9358044035582,6219.830508474576,21463.745762711864,9250.881355932202,3485.0
LSP33564--unmicst_cellRing_486735,26126.771653543303,7214.283464566929,680.3690865692334,442.23990627000177,15827.464566929131,19596.67716535433,9433.858267716536,3923.346456692913
LSP33564--unmicst_cellRing_486736,26175.118181818183,7212.763636363637,695.660416589443,452.17927078313795,30141.56363636364,14912.572727272727,7098.8,2705.2090909090907
LSP33564--unmicst_cellRing_486753,26112.77981651376,7213.348623853211,674.6537727796683,438.5249523067844,4454.6697247706425,20626.54128440367,8716.247706422018,5253.45871559633
LSP33564--unmicst_cellRing_486761,26066.304347826088,7215.619565217391,660.7142037098764,429.4642324114197,6819.858695652174,16824.41304347826,5237.576086956522,4322.489130434783
LSP33564--unmicst_cellRing_486762,26102.944444444445,7214.925925925926,672.7328738903676,437.27636802873894,7491.314814814815,21915.59259259259,8166.203703703703,4927.7962962962965
LSP33564--unmicst_cellRing_486763,26145.53846153846,7216.397435897436,688.841899446136,447.74723463998845,26111.19230769231,15818.21794871795,9106.51282051282,3903.794871794872
LSP33564--unmicst_cellRing_486779,26136.343137254906,7216.990196078431,686.2185082444734,446.0420303589077,9045.921568627453,19855.049019607843,9115.745098039217,3167.8823529411766
LSP33564--unmicst_cellRing_486801,26162.528301886792,7216.584905660377,694.8926027632192,451.6801917960925,25812.20754716981,20940.754716981133,7581.452830188679,3287.7169811320755
LSP33564--unmicst_cellRing_486802,26222.116279069767,7218.011627906977,716.8358256004719,465.9432866403068,8557.441860465116,16531.56976744186,6184.453488372093,2537.3023255813955
LSP33564--unmicst_cellRing_486836,26080.380952380958,7219.158730158731,668.902503889086,434.7866275279059,33682.74603174603,14156.888888888889,6116.301587301588,4451.68253968254
LSP33564--unmicst_cellRing_486837,26153.050505050505,7219.878787878788,694.7060393704829,451.55892559081394,13375.151515151516,19648.76767676768,9941.323232323231,3840.919191919192
LSP33564--unmicst_cellRing_486857,26074.406593406595,7220.593406593406,668.1828499283107,434.318852453402,14711.813186813188,20011.9010989011,6503.373626373626,7393.362637362637
LSP33564--unmicst_cellRing_486858,26200.666666666668,7220.62962962963,711.8754236012157,462.71902534079027,11649.081481481482,18150.881481481483,9074.185185185184,1981.548148148148
LSP33564--unmicst_cellRing_486868,26097.98888888889,7221.022222222222,676.739570391737,439.880720754629,11445.566666666668,18974.14444444445,8881.222222222223,4703.133333333333
LSP33564--unmicst_cellRing_486884,26083.93548387097,7224.564516129032,675.203927834452,438.8825530923938,18113.298387096773,17842.3064516129,12624.685483870968,3617.1129032258063
LSP33564--unmicst_cellRing_486885,26168.73076923077,7223.707692307692,703.720724529003,457.41847094385196,38590.47692307692,13886.161538461538,6965.638461538461,3004.3384615384616
LSP33564--unmicst_cellRing_486886,26181.43801652893,7221.1322314049585,705.6980820913309,458.70375335936507,35823.94214876033,16900.537190082643,7282.05785123967,2875.8925619834718
LSP33564--unmicst_cellRing_486898,26191.44086021505,7222.677419354839,710.6067675239622,461.8943988905754,12991.43010752688,14850.483870967742,5156.290322580645,1600.6021505376343
LSP33564--unmicst_cellRing_486899,26213.13725490196,7221.21568627451,716.7374462871203,465.8793400866282,13584.803921568628,19490.617647058825,10748.27450980392,2715.8529411764707
LSP33564--unmicst_cellRing_486908,26115.48734177215,7224.2405063291135,685.8100003574273,445.77650023232775,4672.392405063291,14369.006329113923,5304.278481012659,2956.981012658228
LSP33564--unmicst_cellRing_486927,26090.176470588234,7225.964705882353,678.6757732213164,441.13925259385564,12164.70588235294,18622.70588235294,8255.258823529412,3071.6
LSP33564--unmicst_cellRing_486928,26157.398230088496,7228.141592920354,703.9625186099372,457.5756370964592,32604.40707964602,13704.50442477876,4685.070796460177,2273.1238938053098
LSP33564--unmicst_cellRing_486959,26223.8125,7229.604166666667,728.299797308795,473.39486825071674,19175.05208333333,16330.552083333334,6619.03125,2652.0104166666665
LSP33564--unmicst_cellRing_486976,26065.453125,7232.9765625,676.7061878077353,439.85902207502795,5034.625,20329.125,5278.3515625,7769.4765625
LSP33564--unmicst_cellRing_486977,26104.980891719744,7231.592356687898,689.0753965876922,447.89900778199996,19969.3949044586,16182.191082802548,6930.025477707007,4863.815286624204
LSP33564--unmicst_cellRing_486978,26203.6,7228.917647058824,720.6664874037086,468.43321681241065,23483.376470588235,20915.18823529412,12434.211764705882,2665.5176470588235
LSP33564--unmicst_cellRing_486999,26146.00699300699,7229.713286713287,701.4983657414808,455.97393773196256,41094.60839160839,15242.013986013986,7250.909090909091,2691.552447552448
LSP33564--unmicst_cellRing_487000,26180.42307692308,7229.628205128205,713.3190286985941,463.6573686540862,26586.410256410258,13796.564102564103,7500.346153846154,1517.3461538461538
LSP33564--unmicst_cellRing_487012,26190.526315789477,7230.894736842105,718.0009618857749,466.7006252257537,17720.070175438595,13646.59649122807,5722.315789473684,1517.8070175438595
LSP33564--unmicst_cellRing_487031,26090.467455621303,7234.846153846154,687.1099824236144,446.62148857534936,22753.674556213016,16560.621301775147,6472.923076923077,2742.076923076923
LSP33564--unmicst_cellRing_487032,26126.76,7230.68,695.7501641467026,452.2376066953567,5130.32,20260.3,7518.4,4526.8
LSP33564--unmicst_cellRing_487033,26213.95394736842,7233.1776315789475,728.2439115399354,473.35854250095804,8627.453947368422,17959.282894736843,10003.41447368421,2422.657894736842
LSP33564--unmicst_cellRing_487074,26133.93888888889,7237.844444444445,704.9550039849875,458.2207525902419,7452.95,19422.983333333334,7914.25,5439.283333333334
LSP33564--unmicst_cellRing_487075,26169.74074074074,7233.493827160494,713.2524278602481,463.61407810916126,14953.35802469136,17437.0,9318.296296296296,3141.074074074074
LSP33564--unmicst_cellRing_487094,26178.85714285714,7236.922077922078,719.6215020472923,467.75397633074004,11812.805194805194,12844.2987012987,7749.064935064935,1319.051948051948
LSP33564--unmicst_cellRing_487095,26200.77142857143,7235.657142857143,726.0121822545457,471.9079184654547,31270.82857142857,19924.614285714284,10631.07142857143,2350.0714285714284
LSP33564--unmicst_cellRing_487111,26070.417910447763,7238.917910447762,683.9977791533663,444.5985564496881,8045.119402985075,19035.66417910448,5806.0970149253735,5008.79104477612
LSP33564--unmicst_cellRing_487125,26122.397727272728,7238.431818181818,701.5154079688978,455.98501517978355,5702.806818181818,19112.465909090908,9284.09090909091,3950.659090909091
LSP33564--unmicst_cellRing_487126,26161.968421052632,7237.536842105263,714.3585115573649,464.33303251228716,42928.15789473684,17784.094736842104,7478.631578947368,2354.9894736842107
LSP33564--unmicst_cellRing_487127,26186.02727272727,7239.563636363637,724.5794235847151,470.9766253300648,17442.736363636363,13394.60909090909,7156.772727272727,1759.4636363636364
LSP33564--unmicst_cellRing_487128,26227.984615384616,7237.338461538461,736.9996449549964,479.04976922074763,31443.492307692308,16310.261538461538,9132.184615384616,2862.092307692308
LSP33564--unmicst_cellRing_487153,26096.45652173913,7240.913043478261,694.8735501817762,451.66780761815454,22928.402173913044,13165.195652173914,4723.04347826087,2450.858695652174
LSP33564--unmicst_cellRing_487173,26151.123456790123,7238.641975308642,711.6454699623296,462.5695554755142,12580.432098765432,19608.555555555555,5637.753086419753,2158.3703703703704
LSP33564--unmicst_cellRing_487174,26193.646464646463,7245.080808080808,732.3908528109649,476.05405432712723,16922.28787878788,16335.631313131313,9797.858585858588,2372.90404040404
LSP33564--unmicst_cellRing_487187,26113.202614379086,7243.339869281046,702.9411899625326,456.9117734756462,15624.111111111111,17215.46405228758,10137.686274509804,4222.019607843137
LSP33564--unmicst_cellRing_487201,26171.20512820513,7245.333333333333,724.867968608846,471.16417959574994,21418.478632478636,15113.692307692309,10023.273504273504,2163.358974358974
LSP33564--unmicst_cellRing_487215,26082.021276595744,7243.914893617021,692.6987675744456,450.25419892338965,20328.26595744681,15914.127659574468,5248.882978723404,3370.021276595745
LSP33564--unmicst_cellRing_487216,26229.36470588235,7243.694117647059,743.4404611394954,483.236299740672,10384.270588235297,18533.03529411765,11365.90588235294,4084.694117647058
LSP33564--unmicst_cellRing_487232,26161.528301886792,7248.584905660377,724.5728842224682,470.9723747446044,12634.22641509434,18021.443396226416,7163.216981132076,2175.669811320755
LSP33564--unmicst_cellRing_487233,26217.828125,7242.78125,738.5947507978573,480.08658801860724,9828.828125,17744.421875,9027.75,2564.453125
LSP33564--unmicst_cellRing_487256,26103.1,7246.0375,701.9791038586267,456.2864175081074,14554.6625,16373.1625,4397.8,3849.9625
LSP33564--unmicst_cellRing_487257,26137.637630662022,7251.745644599303,719.2776638235089,467.5304814852808,22215.752613240416,18664.50174216028,8401.634146341463,4409.494773519164
LSP33564--unmicst_cellRing_487258,26154.055555555555,7245.652777777777,719.2376775378602,467.50449039960915,38578.11111111111,12240.805555555557,3997.527777777778,1204.361111111111
LSP33564--unmicst_cellRing_487259,26205.733333333334,7243.2,734.8054968299166,477.6235729394458,19782.68333333333,16820.25,7513.5,2256.5
LSP33564--unmicst_cellRing_487276,26211.5,7245.865384615385,739.3004811156184,480.545312725152,9798.096153846154,16724.21153846154,8378.923076923076,4889.269230769231
LSP33564--unmicst_cellRing_487289,26120.084745762717,7248.28813559322,709.9639439978117,461.4765635985776,8476.254237288136,18583.20338983051,10811.881355932202,3402.8813559322034
LSP33564--unmicst_cellRing_487290,26221.21495327103,7249.616822429906,746.1797752103165,485.01685388670575,10163.065420560748,17207.51401869159,7963.644859813084,2412.8317757009345
LSP33564--unmicst_cellRing_487312,26076.25352112676,7249.25352112676,695.713687545832,452.21389690479083,14583.802816901409,17616.929577464787,4841.887323943662,3115.9718309859154
LSP33564--unmicst_cellRing_487313,26089.52755905512,7250.149606299213,701.1444337323907,455.743881926054,8601.03937007874,17635.30708661417,5655.086614173229,3688.6929133858266
LSP33564--unmicst_cellRing_487314,26178.225225225226,7251.333333333333,732.9252857978294,476.4014357685891,27979.09009009009,16355.864864864863,10518.927927927927,2601.4324324324325
LSP33564--unmicst_cellRing_487329,26147.469696969696,7252.136363636364,723.0440424076365,469.97862756496374,30425.21212121212,13481.39393939394,3905.1969696969695,1449.2272727272727
LSP33564--unmicst_cellRing_487345,26126.37254901961,7252.323529411765,715.9246279689934,465.35100817984573,13032.411764705885,19219.519607843136,7740.5,6933.421568627451
LSP33564--unmicst_cellRing_487346,26205.33,7252.41,743.3079076987781,483.15014000420575,10373.22,16090.26,6816.33,2272.98
LSP33564--unmicst_cellRing_487361,26108.373626373625,7254.967032967032,712.1813445154129,462.9178739350184,8964.12087912088,18367.813186813182,9870.791208791208,3934.824175824176
LSP33564--unmicst_cellRing_487375,26154.02173913044,7254.565217391304,727.5886558370228,472.9326262940648,22625.34782608696,13005.326086956522,4867.304347826087,1148.3695652173913
LSP33564--unmicst_cellRing_487376,26233.217391304348,7254.021739130435,754.4632113385072,490.4010873700297,28995.95652173913,17126.206521739132,9171.478260869566,2591.586956521739
LSP33564--unmicst_cellRing_487393,26091.7,7254.5,705.9776643985892,458.88548185908303,12261.825,14067.125,3528.575,3488.575
LSP33564--unmicst_cellRing_487408,26095.415789473685,7261.468421052631,713.801091788647,463.97070966262055,11687.784210526315,17603.547368421052,4583.494736842105,3948.557894736842
LSP33564--unmicst_cellRing_487409,26117.48888888889,7255.377777777778,715.7186550183353,465.21712576191794,12739.488888888887,15447.0,6825.688888888889,4144.222222222223
LSP33564--unmicst_cellRing_487410,26187.914772727272,7258.982954545455,743.4535170696795,483.24478609529166,19129.710227272728,17578.653409090908,11779.78409090909,2837.8863636363635
LSP33564--unmicst_cellRing_487435,26166.48091603053,7258.427480916031,735.5208451432597,478.08854934311887,20086.06106870229,18840.48091603053,11701.541984732825,3367.8167938931297
LSP33564--unmicst_cellRing_487436,26199.93388429752,7259.743801652892,748.3234352344012,486.4102329023608,9062.537190082645,15722.355371900829,6943.94214876033,4835.322314049587
LSP33564--unmicst_cellRing_487449,26078.2,7257.142857142857,703.7894253106024,457.4631264518916,6914.571428571428,19544.51428571429,5725.085714285714,6588.028571428571
LSP33564--unmicst_cellRing_487462,26085.23076923077,7259.673076923077,708.5946876282037,460.5865469583324,5690.576923076923,13333.634615384615,3747.807692307693,1546.9423076923076
LSP33564--unmicst_cellRing_487473,26138.72549019608,7264.869281045751,731.9679256937219,475.7791517009193,36875.71241830065,16895.483660130718,8029.006535947712,3910.81045751634
LSP33564--unmicst_cellRing_487474,26153.511363636364,7268.829545454545,740.7966027277073,481.5177917730098,16297.47159090909,16396.24431818182,10099.210227272728,2678.0
LSP33564--unmicst_cellRing_487475,26158.71875,7261.671875,735.8810822576193,478.3227034674525,11576.90625,15678.609375,9532.171875,1829.53125
LSP33564--unmicst_cellRing_487492,26114.77083333333,7261.020833333333,720.0737585842733,468.0479430797776,14472.958333333334,15441.5625,6170.583333333333,4435.708333333333
LSP33564--unmicst_cellRing_487505,26105.328358208957,7262.686567164179,718.3716935757052,466.94160082420836,8068.238805970149,17075.79104477612,6433.4029850746265,4043.402985074627
LSP33564--unmicst_cellRing_487506,26216.171875,7262.4921875,756.5171064669919,491.7361192035447,6583.2890625,17307.15625,7011.484375,2448.4375
LSP33564--unmicst_cellRing_487507,26228.138461538463,7262.8,760.9437734219581,494.6134527242728,8680.66923076923,19932.976923076923,6412.569230769231,3937.2846153846153
LSP33564--unmicst_cellRing_487526,26147.468085106382,7263.914893617021,734.0954506859397,477.16204294586083,18612.787234042557,13529.829787234044,5694.063829787234,1375.148936170213
LSP33564--unmicst_cellRing_487544,26082.51401869159,7272.616822429906,719.8005857893377,467.8703807630695,22212.85046728972,17478.850467289718,4577.976635514019,3040.495327102804
LSP33564--unmicst_cellRing_487545,26172.99333333333,7265.806666666666,744.6967253311342,484.0528714652372,12865.633333333331,14402.466666666667,9496.286666666669,2552.9666666666667
LSP33564--unmicst_cellRing_487556,26119.1628959276,7267.85520361991,728.0052479335443,473.2034111568038,7124.552036199095,16421.276018099546,7246.882352941177,6081.221719457014
LSP33564--unmicst_cellRing_487574,26207.1797752809,7266.539325842697,757.2052800275493,492.1834320179071,11192.76404494382,18701.842696629214,10086.696629213484,3286.438202247191
LSP33564--unmicst_cellRing_487592,26101.194444444445,7269.0,722.8662421950681,469.8630574267943,15764.111111111111,17019.11111111111,6017.652777777777,4032.3611111111113
LSP33564--unmicst_cellRing_487611,26180.584905660377,7268.11320754717,749.4860226595478,487.16591472870607,8028.603773584906,13921.622641509432,8310.641509433963,1733.6415094339625
LSP33564--unmicst_cellRing_487638,26219.61224489796,7271.438775510204,766.1014412211102,497.96593679372165,12252.285714285714,16801.255102040817,6484.091836734694,3259.4795918367345
LSP33564--unmicst_cellRing_487652,26108.447368421053,7270.657894736842,726.9298065948757,472.5043742866692,26551.815789473683,14460.184210526317,5787.236842105263,4206.526315789473
LSP33564--unmicst_cellRing_487653,26164.136363636364,7272.287878787879,747.7155513084424,486.0151083504876,9195.848484848484,12820.651515151516,6497.560606060606,2055.3636363636365
LSP33564--unmicst_cellRing_487654,26192.26050420168,7270.64705882353,755.9007954084866,491.3355170155163,7994.36974789916,12940.29411764706,8003.218487394958,1946.806722689076
LSP33564--unmicst_cellRing_487655,26232.41322314049,7273.074380165289,772.0625132810794,501.84063363270167,5414.107438016529,13597.578512396694,3791.123966942149,2313.5785123966944
LSP33564--unmicst_cellRing_487667,26141.203883495145,7274.553398058252,741.9116594748365,482.2425786586437,15005.970873786408,15319.932038834952,10065.388349514564,1823.3203883495144
LSP33564--unmicst_cellRing_487698,26200.066666666666,7274.822222222222,762.5176499852495,495.6364724904122,18101.31111111111,17046.62222222222,6809.888888888889,5938.222222222223
LSP33564--unmicst_cellRing_487714,26101.51396648045,7280.139664804469,733.4292366445592,476.72900381896346,34931.0279329609,12662.664804469274,5208.08938547486,3016.731843575419
LSP33564--unmicst_cellRing_487730,26207.41304347826,7278.369565217391,768.3864255093797,499.45117658109683,15250.507246376812,14039.514492753624,6570.275362318841,2428.188405797101
LSP33564--unmicst_cellRing_487746,26090.174496644297,7280.624161073825,729.9628507929044,474.4758530153879,26253.10067114094,15705.060402684565,6410.362416107382,3543.3557046979868
LSP33564--unmicst_cellRing_487747,26175.606382978724,7276.627659574468,755.7537681387499,491.2399492901875,6581.606382978724,17488.872340425532,6623.882978723404,4254.63829787234
LSP33564--unmicst_cellRing_487748,26185.56976744186,7277.639534883721,760.1483942523091,494.09645626400095,9472.813953488372,17804.31395348837,10834.06976744186,5492.325581395349
LSP33564--unmicst_cellRing_487749,26239.76056338028,7278.830985915493,780.0046052503475,507.00299341272586,5081.74647887324,15141.23943661972,3973.901408450704,1916.12676056338
LSP33564--unmicst_cellRing_487772,26150.360655737702,7278.55737704918,748.8349071182789,486.7426896268813,17569.754098360656,16494.0,9082.7868852459,3309.72131147541
LSP33564--unmicst_cellRing_487783,26128.376811594204,7281.884057971014,744.3547408512052,483.83058155328337,15401.427536231884,19006.78260869565,9409.949275362318,4187.355072463768
LSP33564--unmicst_cellRing_487784,26162.689655172413,7280.474137931034,754.8965899052708,490.68278343842604,6491.077586206897,15287.663793103447,7786.775862068966,3348.836206896552
LSP33564--unmicst_cellRing_487785,26217.48795180723,7282.855421686747,776.0793016217403,504.45154605413126,28200.975903614457,16505.981927710844,6440.903614457831,3124.734939759036
LSP33564--unmicst_cellRing_487796,26244.79807692308,7284.692307692308,787.2462550161135,511.7100657604738,5295.125,19637.23076923077,5314.144230769231,4280.6057692307695
LSP33564--unmicst_cellRing_487809,26116.069182389936,7282.811320754717,740.9690362095514,481.62987353620844,6384.641509433963,17106.333333333332,8233.396226415094,4543.415094339623
LSP33564--unmicst_cellRing_487810,26144.533333333333,7283.1,751.0823272261547,488.2035126970006,34372.066666666666,15147.05,8869.966666666667,1802.2
LSP33564--unmicst_cellRing_487811,26225.31221719457,7289.203619909502,784.7414059956594,510.08191389717865,10049.434389140271,21363.81900452489,10213.819004524888,4745.692307692308
LSP33564--unmicst_cellRing_487826,26179.20253164557,7283.860759493671,763.7841777954653,496.45971556705246,7076.873417721519,17027.949367088608,8335.949367088608,4650.848101265823
LSP33564--unmicst_cellRing_487827,26192.53012048193,7282.963855421687,767.5510531435494,498.90818454330713,38135.12048192771,14800.469879518072,7752.542168674699,2960.4698795180725
LSP33564--unmicst_cellRing_487845,26136.971153846152,7285.8557692307695,751.053232492911,488.18460112039213,35653.057692307695,14899.903846153846,8713.182692307691,2108.25
LSP33564--unmicst_cellRing_487846,26235.280701754386,7286.263157894737,785.4292601609354,510.52901910460804,6090.61403508772,16458.491228070176,10155.578947368422,2815.2631578947367
LSP33564--unmicst_cellRing_487878,26155.14450867052,7293.0,764.0408048007237,496.6265231204704,11187.381502890174,19200.16184971098,10014.329479768789,3231.485549132948
LSP33564--unmicst_cellRing_487879,26173.0412371134,7288.556701030928,766.0599770788441,497.9389851012487,18713.360824742267,17854.22680412371,8031.876288659794,3767.680412371134
LSP33564--unmicst_cellRing_487897,26163.52083333333,7288.3125,762.5388460656588,495.6502499426783,35897.416666666664,14137.791666666666,9155.3125,1694.9166666666667
LSP33564--unmicst_cellRing_487898,26201.88622754491,7291.005988023952,778.3322855191577,505.91598558745255,14298.532934131736,17229.19760479042,9532.275449101797,4682.299401197605
LSP33564--unmicst_cellRing_487917,26094.286821705427,7292.434108527132,742.4662679333829,482.60307415669894,21421.75968992248,13185.217054263569,5573.348837209303,2628.0
LSP33564--unmicst_cellRing_487930,26188.64935064935,7290.2467532467535,773.042797697562,502.47781850341534,25595.103896103898,19599.88311688312,8160.12987012987,4803.818181818182
LSP33564--unmicst_cellRing_487946,26121.18918918919,7291.522522522522,750.9132944982213,488.09364142384385,35701.333333333336,15611.684684684684,10076.135135135137,3035.738738738739
LSP33564--unmicst_cellRing_487968,26098.91584158416,7299.410891089109,750.6133205848595,487.8986583801587,14642.519801980196,17896.20297029703,10894.044554455446,5353.029702970297
LSP33564--unmicst_cellRing_487969,26146.11214953271,7292.411214953271,760.365103137679,494.2373170394913,5726.523364485981,18388.5046728972,9001.03738317757,3296.626168224299
LSP33564--unmicst_cellRing_487970,26211.684782608696,7294.70652173913,785.1927236361119,510.37527036347274,15091.652173913044,18286.880434782608,5749.630434782609,3602.6847826086955
LSP33564--unmicst_cellRing_487971,26232.225,7293.275,790.9519637022411,514.1187764064567,6213.325,18539.925,10853.275,3256.95
LSP33564--unmicst_cellRing_487972,26241.34210526316,7295.666666666667,796.3486391243381,517.6266154308198,5059.271929824561,17210.543859649122,4676.631578947368,3332.236842105264
LSP33564--unmicst_cellRing_487991,26165.223214285717,7296.544642857143,770.8518395570363,501.05369571207365,11467.419642857143,14996.080357142857,7907.892857142857,2022.982142857143
LSP33564--unmicst_cellRing_488023,26192.016666666663,7297.066666666667,780.6063820283291,507.39414831841395,20541.1,18009.833333333332,5761.316666666667,3356.0
LSP33564--unmicst_cellRing_488033,26111.658536585364,7296.365853658536,752.1623248883164,488.9055111774057,14582.073170731708,17710.926829268294,9169.19512195122,7232.573170731707
LSP33564--unmicst_cellRing_488034,26127.047244094487,7298.48031496063,759.4675078415315,493.6538800969955,10719.3937007874,17439.850393700788,12648.062992125984,2935.771653543307
LSP33564--unmicst_cellRing_488044,26185.0,7301.390909090909,782.2376375088469,508.4544643807505,7425.727272727273,18075.78181818182,5375.954545454545,2374.609090909091
LSP33564--unmicst_cellRing_488045,26232.68181818182,7301.990909090909,799.2881876587488,519.5373219781868,5435.745454545455,20895.81818181818,8635.536363636364,4455.745454545455
LSP33564--unmicst_cellRing_488069,26176.01785714286,7299.339285714285,777.206697344825,505.18435327413624,30845.86607142857,16943.83035714286,7832.535714285715,2128.0178571428573
LSP33564--unmicst_cellRing_488084,26112.35185185185,7302.462962962963,758.1230676641596,492.7799939817038,26378.046296296296,14840.657407407409,7299.064814814815,2929.046296296296
LSP33564--unmicst_cellRing_488085,26136.01785714286,7301.276785714285,765.193362298362,497.3756854939353,6828.080357142857,20471.11607142857,11452.660714285714,3112.0625
LSP33564--unmicst_cellRing_488100,26197.89075630252,7302.90756302521,788.1181401066749,512.2767910693387,23156.235294117647,16606.210084033613,6237.428571428572,2735.361344537815
LSP33564--unmicst_cellRing_488101,26253.714285714286,7300.883928571428,805.5221611850228,523.5894047702649,31140.973214285717,15234.0625,6749.375,2294.473214285714
LSP33564--unmicst_cellRing_488116,26218.56818181818,7303.659090909091,795.9732115534965,517.3825875097727,32923.681818181816,18863.079545454544,5549.136363636364,3749.590909090909
LSP33564--unmicst_cellRing_488127,26208.626984126982,7307.174603174603,795.8343707196102,517.2923409677467,9276.97619047619,16606.420634920636,4928.1349206349205,2698.404761904762
LSP33564--unmicst_cellRing_488128,26244.90588235294,7304.458823529411,805.8307409986087,523.7899816490957,9554.976470588235,17550.576470588236,5209.682352941177,3517.3411764705884
LSP33564--unmicst_cellRing_488163,26166.480263157893,7307.835526315789,781.8809054928446,508.222588570349,26383.66447368421,16435.473684210527,9386.822368421052,2395.467105263158
LSP33564--unmicst_cellRing_488174,26107.34523809524,7308.25,761.821926656819,495.1842523269323,36645.55952380953,15727.916666666666,9710.559523809525,3907.821428571429
LSP33564--unmicst_cellRing_488175,26122.41,7308.74,767.490839114824,498.8690454246356,10163.19,18990.94,7417.78,3480.41
LSP33564--unmicst_cellRing_488176,26149.73109243697,7308.705882352941,776.9059949394307,504.98889671062994,40250.21008403361,16973.462184873948,8959.33613445378,1921.8235294117649
LSP33564--unmicst_cellRing_488193,26141.08860759494,7307.443037974684,772.7326255203214,502.27620658820894,10625.050632911392,18791.822784810127,9186.759493670888,2497.278481012658
LSP33564--unmicst_cellRing_488194,26250.91176470588,7312.52205882353,815.4733236341714,530.0576603622114,7785.963235294118,18114.5,7152.588235294118,3144.294117647059
LSP33564--unmicst_cellRing_488212,26177.254901960783,7309.882352941177,787.527159395051,511.89265360678314,13017.166666666666,14086.921568627453,6674.196078431372,1818.3529411764705
LSP33564--unmicst_cellRing_488213,26198.01408450704,7310.619718309859,795.3972121384279,517.0081878899781,11945.450704225352,14265.154929577464,4697.802816901409,2444.9295774647885
LSP33564--unmicst_cellRing_488214,26215.9,7311.757142857143,802.649119355883,521.721927581324,30677.27142857143,17453.67142857143,4459.585714285714,3940.1285714285714
LSP33564--unmicst_cellRing_488215,26227.95333333333,7312.74,807.739186062475,525.0304709406088,5767.393333333333,17783.506666666668,4818.6,3427.98
LSP33564--unmicst_cellRing_488251,26239.75609756097,7313.626016260163,812.6517430298749,528.2236329694186,6088.40650406504,16315.975609756097,4004.837398373984,3847.276422764228
LSP33564--unmicst_cellRing_488257,26131.76377952756,7313.653543307087,775.3356659245995,503.9681828509897,39506.18897637796,15789.031496062991,5670.905511811024,2752.314960629921
LSP33564--unmicst_cellRing_488258,26189.23,7313.4,794.968603835907,516.7295924933395,7795.7,17487.16,6182.61,2868.35
LSP33564--unmicst_cellRing_488272,26099.12162162162,7313.310810810811,763.7269722374185,496.42253195432204,14974.72972972973,18286.216216216217,11197.662162162162,6325.554054054054
LSP33564--unmicst_cellRing_488273,26115.63492063492,7313.841269841269,769.9347274768159,500.45757285993034,13214.26984126984,21828.68253968254,16591.015873015873,6401.412698412699
LSP33564--unmicst_cellRing_488274,26160.625,7313.357142857143,785.0372680585608,510.27422423806456,6148.982142857143,17374.910714285714,6669.375,2145.7678571428573
LSP33564--unmicst_cellRing_488303,26151.72142857143,7318.128571428571,786.4356652296043,511.1831823992428,10966.985714285714,18290.907142857144,6482.242857142857,2033.5
LSP33564--unmicst_cellRing_488317,26198.11111111111,7317.355555555556,801.7510961381291,521.138212489784,37901.26666666667,14974.177777777775,5494.4,4789.866666666667
LSP33564--unmicst_cellRing_488318,26205.38805970149,7320.485074626866,807.203814312645,524.6824793032193,19374.5223880597,16465.4776119403,5193.20895522388,3405.037313432836
LSP33564--unmicst_cellRing_488319,26217.376811594204,7323.193236714976,813.8904285269251,529.0287785425013,9155.772946859905,18999.60869565217,6933.690821256038,3913.608695652174
LSP33564--unmicst_cellRing_488338,26177.282352941176,7318.129411764706,795.274986468077,516.9287412042501,8007.341176470588,14989.482352941175,5363.564705882353,1953.2941176470588
LSP33564--unmicst_cellRing_488356,26161.89156626506,7322.77108433735,794.3084630467838,516.3005009804095,6727.506024096386,18612.43373493976,7238.246987951808,2768.8493975903616
LSP33564--unmicst_cellRing_488373,26108.584,7319.472,772.7800349214239,502.30702269892555,16670.272,19134.096,15482.272,3534.856
LSP33564--unmicst_cellRing_488374,26124.727272727272,7320.038961038961,778.8940917313168,506.281159625356,17140.116883116883,16832.285714285714,6516.818181818182,2782.948051948052
LSP33564--unmicst_cellRing_488389,26186.68316831683,7323.415841584158,803.4859623004184,522.265875495272,13625.168316831683,14438.50495049505,7329.227722772277,3119.059405940594
LSP33564--unmicst_cellRing_488390,26255.369863013697,7322.0,825.9081479441176,536.8402961636764,26047.72602739726,13967.917808219176,4045.698630136986,1971.13698630137
LSP33564--unmicst_cellRing_488413,26196.067164179105,7327.380597014925,810.4509759696605,526.7931343802793,40622.36567164179,14231.111940298508,4679.686567164179,4713.328358208955
LSP33564--unmicst_cellRing_488423,26177.430656934303,7328.189781021898,804.7660579547495,523.0979376705872,18528.642335766424,15686.87591240876,6603.1021897810215,2100.78102189781
LSP33564--unmicst_cellRing_488424,26231.874074074072,7323.948148148148,819.6116795822052,532.7475917284333,5413.392592592592,17136.896296296298,4316.57037037037,3154.281481481481
LSP33564--unmicst_cellRing_488444,26118.516129032258,7324.048387096775,780.5084865839697,507.3305162795803,9494.629032258064,15995.32258064516,7629.822580645161,3626.435483870968
LSP33564--unmicst_cellRing_488460,26168.34545454545,7326.745454545455,800.26931705386,520.175056085009,22659.836363636365,16522.29090909091,6964.4,2253.5454545454545
LSP33564--unmicst_cellRing_488461,26248.450704225357,7327.901408450704,829.0529977633574,538.8844485461824,5229.359154929577,17067.12676056338,3860.422535211268,3702.5281690140846
LSP33564--unmicst_cellRing_488477,26122.445945945947,7329.527027027027,787.0080377715389,511.55522455150026,10095.243243243243,14891.878378378378,5145.0,2355.4054054054054
LSP33564--unmicst_cellRing_488478,26260.45238095238,7327.5952380952385,832.9156892839164,541.3951980345457,5758.607142857143,15865.583333333334,5444.75,2054.345238095238
LSP33564--unmicst_cellRing_488506,26111.423529411764,7330.917647058824,784.5015126348634,509.9259832126612,39952.8,15422.0,7582.7764705882355,3637.352941176471
LSP33564--unmicst_cellRing_488507,26131.69230769231,7327.634615384615,788.4295950302062,512.4792367696341,7284.2307692307695,17535.096153846152,10118.942307692309,2600.519230769231
LSP33564--unmicst_cellRing_488524,26138.79411764706,7330.568627450981,793.6383061841225,515.8648990196797,6330.245098039216,16404.764705882353,7693.117647058823,1877.6176470588236
LSP33564--unmicst_cellRing_488525,26240.625,7330.5,828.7852985596257,538.7104440637568,4314.5875,17545.3875,4831.325,5025.4625
LSP33564--unmicst_cellRing_488542,26162.2875,7332.8125,803.8673762520112,522.5137945638073,8598.1,18397.925,5713.825,2370.3
LSP33564--unmicst_cellRing_488543,26230.25,7333.511363636364,828.0234062924253,538.2152140900764,4109.420454545455,18021.875,4866.443181818182,4756.625
LSP33564--unmicst_cellRing_488569,26129.25,7336.315217391304,795.7302214372573,517.2246439342173,5477.771739130435,18315.28260869565,8206.20652173913,3095.608695652174
LSP33564--unmicst_cellRing_488592,26143.691056910568,7337.504065040651,801.8392062127285,521.1954840382735,5664.577235772358,16379.71544715447,5254.390243902439,2559.0162601626016
LSP33564--unmicst_cellRing_488593,26153.252747252747,7336.813186813187,804.4972149768253,522.9231897349364,19642.296703296703,16279.846153846154,5021.659340659341,2161.736263736264
LSP33564--unmicst_cellRing_488594,26186.23214285714,7336.0625,815.1965485143338,529.877756534317,10012.82142857143,16233.625,4999.910714285715,3441.901785714286
LSP33564--unmicst_cellRing_488595,26258.16279069768,7337.1511627906975,841.0904507656857,546.7087929976957,5537.453488372093,17305.43023255814,6387.197674418605,2822.046511627907
LSP33564--unmicst_cellRing_488605,26116.774647887323,7338.683098591549,793.6382742368373,515.8648782539443,29429.556338028167,16051.81690140845,7423.204225352113,2078.007042253521
LSP33564--unmicst_cellRing_488606,26238.68421052632,7338.842105263157,835.9417250261981,543.3621212670288,4398.0,17679.76842105263,5912.042105263158,4896.778947368421
LSP33564--unmicst_cellRing_488616,26175.159722222223,7339.888888888889,814.9582500815278,529.7228625529931,38921.04861111111,13960.479166666666,4880.868055555556,2182.6666666666665
LSP33564--unmicst_cellRing_488629,26222.173553719007,7340.644628099173,831.9239541626449,540.7505702057192,10232.743801652892,13994.504132231405,6305.438016528926,2896.0661157024792
LSP33564--unmicst_cellRing_488641,26161.968,7342.368,812.7229629257027,528.2699259017068,6175.384,17410.408,4291.664,1912.808
LSP33564--unmicst_cellRing_488692,26188.186274509804,7344.323529411765,823.6236977878939,535.3554035621311,25116.91176470588,16733.0,5181.274509803921,2616.627450980392
LSP33564--unmicst_cellRing_488693,26208.19480519481,7344.43722943723,830.6489936463153,539.9218458701049,6123.796536796537,16597.887445887445,5317.30303030303,4082.25974025974
LSP33564--unmicst_cellRing_488694,26247.1,7341.822222222222,841.648048830943,547.071231740113,7513.633333333333,17736.044444444444,6106.566666666667,4432.288888888889
LSP33564--unmicst_cellRing_488706,26256.680555555555,7344.486111111111,847.4604075408575,550.8492649015574,7930.930555555556,16558.194444444445,7321.75,3206.4444444444443
LSP33564--unmicst_cellRing_488718,26128.50354609929,7346.58865248227,805.1118236324091,523.322685361066,6970.617021276596,20051.482269503547,6834.872340425532,3750.8794326241136
LSP33564--unmicst_cellRing_488730,26167.19626168224,7348.719626168225,820.4906298792756,533.3189094215292,7312.598130841122,15602.383177570093,5020.9626168224295,1874.3738317757009
LSP33564--unmicst_cellRing_488742,26196.310344827587,7349.982758620689,831.7429999804062,540.632949987264,5124.672413793103,15423.35632183908,3840.528735632184,3770.764367816092
LSP33564--unmicst_cellRing_488757,26114.8992248062,7349.573643410853,803.208541113094,522.0855517235111,18272.42635658915,17011.37984496124,7365.767441860465,2376.4651162790697
LSP33564--unmicst_cellRing_488758,26137.97701149425,7348.068965517241,809.7765859848541,526.3547808901552,26933.55172413793,18713.850574712644,5674.712643678161,3513.597701149425
LSP33564--unmicst_cellRing_488781,26268.560344827587,7351.224137931034,857.8906249017571,557.6289061861421,7963.818965517241,14771.96551724138,5489.086206896552,5449.129310344828
LSP33564--unmicst_cellRing_488792,26228.074074074077,7348.395061728395,841.2365980698902,546.8037887454286,4661.308641975309,22348.20987654321,5521.530864197531,2272.4814814814813
LSP33564--unmicst_cellRing_488793,26238.26724137931,7350.689655172414,846.9142722236795,550.4942769453917,17439.525862068964,16840.78448275862,4908.396551724138,4396.439655172414
LSP33564--unmicst_cellRing_488794,26247.409836065573,7349.704918032787,849.1516327583722,551.9485612929419,16511.032786885247,14606.180327868851,4249.524590163935,4906.131147540984
LSP33564--unmicst_cellRing_488805,26144.560747663552,7351.355140186916,815.1365953205025,529.8387869583266,12780.289719626167,16491.757009345794,5267.626168224299,2479.1495327102803
LSP33564--unmicst_cellRing_488806,26258.975806451614,7353.669354838709,856.8708371222552,556.9660441294659,5384.185483870968,13968.459677419354,3815.1935483870966,3729.8225806451615
LSP33564--unmicst_cellRing_488819,26218.964601769912,7353.309734513275,842.6982063459816,547.753834124888,6612.362831858407,16263.79646017699,5554.283185840708,3569.2035398230087
LSP33564--unmicst_cellRing_488828,26177.809523809523,7355.422619047619,830.450030848061,539.7925200512396,4923.738095238095,16425.785714285714,4732.672619047619,2505.470238095238
LSP33564--unmicst_cellRing_488841,26153.22549019608,7354.333333333333,820.9271977158377,533.6026785152945,8770.539215686274,16065.598039215687,6243.098039215686,1877.5980392156864
LSP33564--unmicst_cellRing_488856,26168.009523809524,7357.828571428571,829.318897629653,539.0572834592745,18391.761904761905,16523.095238095237,6039.209523809524,2070.2285714285717
LSP33564--unmicst_cellRing_488865,26227.616666666665,7358.716666666666,850.7633460912804,552.9961749593323,5015.266666666666,15219.983333333334,3838.808333333333,1779.6333333333334
LSP33564--unmicst_cellRing_488866,26246.33823529412,7356.705882352941,855.3501978773016,555.977628620246,5075.073529411765,12495.132352941177,4044.485294117647,2142.1323529411766
LSP33564--unmicst_cellRing_488885,26207.548387096773,7360.064516129032,845.088783182276,549.3077090684794,10939.58870967742,14119.709677419354,4928.419354838709,2361.7741935483878
LSP33564--unmicst_cellRing_488896,26127.179190751445,7360.722543352601,817.915919027919,531.6453473681473,5750.254335260116,17759.890173410404,6763.115606936416,2583.2023121387283
LSP33564--unmicst_cellRing_488928,26139.90076335878,7361.045801526718,822.6181402199365,534.7017911429588,4484.0,16463.1679389313,6858.145038167939,2824.557251908397
LSP33564--unmicst_cellRing_488929,26252.957746478874,7360.661971830986,861.3511683923642,559.8782594550368,5132.985915492958,16981.535211267605,7517.30985915493,2546.2676056338028
LSP33564--unmicst_cellRing_488940,26217.39285714286,7362.214285714285,850.5099934281476,552.831495728296,6792.928571428572,17223.160714285714,5924.5,3567.7321428571427
LSP33564--unmicst_cellRing_488954,26185.50364963504,7365.959854014599,842.9977691521216,547.9485499488791,4298.923357664234,15104.040145985402,4096.660583941606,4816.324817518248
LSP33564--unmicst_cellRing_488964,26240.306666666667,7363.066666666667,859.2330003118165,558.5014502026808,7479.733333333334,14627.066666666668,5364.1466666666665,2703.5066666666667
LSP33564--unmicst_cellRing_488965,26263.51111111111,7362.444444444444,866.6728622450444,563.3373604592789,4140.6,17664.733333333334,4864.666666666667,4355.644444444444
LSP33564--unmicst_cellRing_488966,26268.76923076923,7363.641025641025,869.6138000619759,565.2489700402843,5248.076923076923,16360.23076923077,4432.102564102564,4368.346153846154
LSP33564--unmicst_cellRing_488982,26163.070175438595,7365.508771929824,834.8173986038411,542.6313090924967,10245.894736842103,17690.85087719298,5022.666666666667,2121.464912280702
LSP33564--unmicst_cellRing_488983,26197.05,7366.578571428571,847.5708521816503,550.9210539180726,3791.8357142857135,14376.014285714286,3911.657142857143,2741.114285714286
LSP33564--unmicst_cellRing_488984,26275.77215189873,7363.607594936709,872.0039225217843,566.8025496391598,7106.215189873417,14816.481012658229,5034.822784810127,1870.746835443038
LSP33564--unmicst_cellRing_488996,26228.988372093023,7365.767441860465,857.853503187295,557.6047770717418,5849.372093023256,16945.406976744187,4158.941860465116,3196.732558139535
LSP33564--unmicst_cellRing_489010,26149.424657534248,7367.7054794520545,832.160213236052,540.9041386034338,7654.376712328767,18852.41095890411,4741.164383561644,4704.541095890411
LSP33564--unmicst_cellRing_489011,26211.26495726496,7370.478632478633,856.1456264308199,556.494657180033,22198.67521367521,13388.478632478633,3922.2820512820513,1629.2393162393162
LSP33564--unmicst_cellRing_489012,26245.435185185182,7368.666666666667,866.2609160337926,563.0695954219652,4376.490740740741,16681.59259259259,6912.472222222223,2395.953703703704
LSP33564--unmicst_cellRing_489025,26258.278481012658,7367.455696202532,869.5656380453596,565.2176647294838,4460.050632911392,14418.32911392405,5347.772151898735,2394.4050632911394
LSP33564--unmicst_cellRing_489079,26202.43181818182,7375.780303030303,858.0659116544749,557.7428425754088,6710.212121212121,16271.151515151516,3986.5,3292.7954545454545
LSP33564--unmicst_cellRing_489080,26273.236842105263,7371.4473684210525,878.4834287784313,571.0142287059804,24862.157894736843,12226.631578947368,3728.947368421053,1937.6052631578948
LSP33564--unmicst_cellRing_489107,26230.723926380368,7376.073619631902,868.1240645158799,564.280641935322,4505.288343558283,15504.957055214723,4052.60736196319,3458.9325153374234
LSP33564--unmicst_cellRing_489108,26264.48062015504,7376.248062015504,879.9602366878506,571.9741538471029,7028.325581395349,13946.124031007752,3495.798449612403,5065.527131782946
LSP33564--unmicst_cellRing_489118,26121.224719101123,7372.011235955056,826.4493081558172,537.1920503012813,7947.359550561798,18233.30337078652,8169.4157303370785,2970.370786516854
LSP33564--unmicst_cellRing_489119,26254.15909090909,7375.261363636364,875.4653940810147,569.0525061526596,14701.636363636364,12067.636363636364,4561.125,3249.125
LSP33564--unmicst_cellRing_489135,26168.748031496063,7376.968503937008,847.5335374899256,550.8967993684516,4314.866141732284,15871.27559055118,4440.984251968504,3427.488188976378
LSP33564--unmicst_cellRing_489136,26280.776315789477,7375.381578947368,884.7819773350828,575.1082852678039,5021.421052631579,17042.065789473683,7770.526315789473,4113.052631578948
LSP33564--unmicst_cellRing_489175,26158.615384615383,7378.174825174825,845.161749327097,549.355137062613,5621.062937062937,16005.832167832168,4086.020979020979,2864.8391608391607
LSP33564--unmicst_cellRing_489176,26190.42748091603,7380.022900763359,857.89590710617,557.6323396190105,3336.320610687023,14581.381679389311,3348.8167938931297,6981.114503816794
LSP33564--unmicst_cellRing_489177,26244.007936507936,7379.333333333333,875.7760858734507,569.254455817743,4257.650793650793,15633.063492063491,3643.404761904762,3730.730158730159
LSP33564--unmicst_cellRing_489178,26284.25925925926,7384.561728395061,894.600187392649,581.4901218052219,4112.944444444444,14577.487654320988,4914.216049382716,3361.08024691358
LSP33564--unmicst_cellRing_489190,26120.410714285717,7379.017857142857,832.7422534944795,541.2824647714117,5124.160714285715,13407.517857142857,5237.0,6300.714285714285
LSP33564--unmicst_cellRing_489191,26270.55172413793,7381.885057471264,887.3487957988085,576.7767172692255,4522.149425287356,13900.275862068966,3100.551724137931,2347.425287356322
LSP33564--unmicst_cellRing_489204,26128.98795180723,7379.313253012048,835.9852905228042,543.3904388398228,5801.108433734939,18448.51807228916,5755.144578313253,5345.590361445783
LSP33564--unmicst_cellRing_489221,26216.527027027027,7383.114864864865,869.8219208716462,565.38424856657,3857.0945945945946,12889.391891891892,3003.304054054054,2047.168918918919
LSP33564--unmicst_cellRing_489232,26144.625,7381.736842105263,843.6664045520724,548.3831629588472,3791.578947368421,16311.355263157897,4825.828947368421,3037.7631578947367
LSP33564--unmicst_cellRing_489247,26175.84426229508,7385.55737704918,858.0463576600623,557.7301324790405,4226.286885245901,13605.852459016394,3657.745901639344,4837.106557377049
LSP33564--unmicst_cellRing_489248,26274.285714285717,7393.584415584415,899.6176235805087,584.7514553273307,3718.3679653679656,15191.943722943724,3112.6320346320344,5032.467532467533
LSP33564--unmicst_cellRing_489277,26225.436363636363,7388.709090909091,878.1517613739227,570.7986448930498,3752.6,12157.354545454546,3014.7,2432.3636363636365
LSP33564--unmicst_cellRing_489278,26256.25396825397,7385.777777777777,886.0574710464647,575.9373561802021,4319.206349206349,14127.801587301588,3255.190476190476,2899.015873015873
LSP33564--unmicst_cellRing_489291,26157.754385964912,7386.894736842105,853.0460503205888,554.4799327083828,9126.19298245614,15365.298245614034,4346.526315789473,4134.736842105263
LSP33564--unmicst_cellRing_489316,26150.35064935065,7389.155844155844,852.6075939807414,554.1949360874819,4191.12987012987,14721.662337662336,4306.558441558442,5409.207792207792
LSP33564--unmicst_cellRing_489317,26164.951219512197,7389.8536585365855,858.3109920816136,557.9021448530489,4130.951219512195,15026.59756097561,3781.5853658536585,2796.012195121951
LSP33564--unmicst_cellRing_489318,26185.47474747475,7389.040404040404,864.64459035477,562.0189837306006,2997.555555555556,16834.353535353537,3831.1414141414143,9303.171717171715
LSP33564--unmicst_cellRing_489319,26234.135922330097,7388.563106796117,881.0229417389496,572.6649121303172,6478.0,15732.271844660194,4132.766990291262,2791.26213592233
LSP33564--unmicst_cellRing_489334,26210.607476635512,7390.411214953271,874.6213122512934,568.5038529633407,3467.8691588785045,15957.579439252337,3028.3644859813085,2332.822429906542
LSP33564--unmicst_cellRing_489335,26242.55789473684,7390.41052631579,885.6685770495137,575.684575082184,4017.463157894737,16047.031578947368,3669.6,2664.9473684210525
LSP33564--unmicst_cellRing_489358,26262.921348314605,7392.067415730337,894.2645962068568,581.2719875344569,3692.325842696629,13065.101123595505,3106.4157303370785,2720.8651685393256
LSP33564--unmicst_cellRing_489369,26196.96323529412,7391.801470588235,871.2078627866732,566.2851108113376,3481.544117647059,15701.867647058823,3397.5,6211.066176470588
LSP33564--unmicst_cellRing_489379,26124.038834951454,7391.533980582524,845.7408561709285,549.7315565111036,3493.2815533980583,20922.776699029127,6343.873786407767,4770.242718446602
LSP33564--unmicst_cellRing_489380,26286.81300813008,7396.40650406504,906.5973552262215,589.2882808970439,3343.1463414634145,14270.69918699187,3086.7073170731705,10451.317073170732
LSP33564--unmicst_cellRing_489394,26136.741379310344,7394.25,852.6816603213239,554.2430792088605,3238.310344827586,14601.603448275862,4269.206896551724,5622.21551724138
LSP33564--unmicst_cellRing_489395,26175.10714285714,7396.728571428572,868.2735681239333,564.3778192805567,3071.578571428572,13229.014285714286,2920.3,5252.685714285714
LSP33564--unmicst_cellRing_489411,26218.43137254902,7398.205882352941,884.6405318900516,575.0163457285336,3199.803921568628,17046.539215686276,3341.676470588235,4296.1274509803925
LSP33564--unmicst_cellRing_489434,26230.51282051282,7397.961538461538,888.5888196155867,577.5827327501313,4126.25641025641,14410.94871794872,3085.076923076923,5788.269230769231
LSP33564--unmicst_cellRing_489454,26253.412587412586,7399.097902097902,897.5734358728666,583.4227333173633,3749.020979020979,14759.384615384615,3365.4335664335663,3133.4755244755243
LSP33564--unmicst_cellRing_489466,26202.70833333333,7399.701388888889,880.6070279383472,572.3945681599257,3091.375,13876.326388888889,3196.2361111111118,5177.923611111111
LSP33564--unmicst_cellRing_489474,26159.423312883435,7400.325153374233,866.2250916127045,563.046309548258,3215.398773006135,13810.098159509202,3227.104294478528,7018.165644171779
LSP33564--unmicst_cellRing_489480,26236.617283950614,7401.691358024691,894.1993830378659,581.2295989746128,3523.2098765432097,17929.88888888889,4023.185185185185,6597.123456790124
LSP33564--unmicst_cellRing_489504,26128.6171875,7403.015625,858.0973661838209,557.7632880194836,3014.953125,16032.2265625,5842.046875,4345.4765625
LSP33564--unmicst_cellRing_489515,26262.976923076923,7405.546153846154,906.931108617162,589.5052206011553,3852.876923076923,13367.6,3043.730769230769,3396.1615384615384
LSP33564--unmicst_cellRing_489530,26180.113475177302,7407.687943262411,880.2880103145218,572.1872067044392,2569.581560283688,11996.567375886523,2631.1418439716317,7117.212765957447
LSP33564--unmicst_cellRing_489542,26168.29007633588,7408.511450381679,876.9723888475306,570.0320527508949,3121.9541984732823,13796.038167938932,2964.862595419848,4063.4885496183206
LSP33564--unmicst_cellRing_489543,26221.82119205298,7408.092715231788,895.0896325848815,581.8082611801731,2957.0132450331125,16646.91390728477,3117.4900662251657,5563.562913907284
LSP33564--unmicst_cellRing_489544,26285.93700787401,7407.299212598426,916.5152357549575,595.7349032407224,3250.1574803149606,14321.937007874016,2727.6771653543306,12927.212598425196
LSP33564--unmicst_cellRing_489556,26190.37984496124,7408.170542635659,884.29077630424,574.789004597756,2533.4496124031007,12723.37984496124,2731.4108527131784,7887.860465116279
LSP33564--unmicst_cellRing_489557,26200.233009708736,7410.203883495145,889.605746266701,578.2437350733557,2805.0485436893205,14094.95145631068,2924.223300970874,5911.456310679611
LSP33564--unmicst_cellRing_489568,26145.185714285715,7409.690476190476,870.0895905900572,565.5582338835372,3101.947619047619,15175.87619047619,3474.8190476190475,6158.590476190476
LSP33564--unmicst_cellRing_489580,26208.930434782607,7409.147826086956,891.6222538806729,579.5544650224374,3132.8608695652174,11289.434782608696,3394.2260869565216,3437.3565217391306
LSP33564--unmicst_cellRing_489581,26253.8375,7409.0375,907.0468323897201,589.580441053318,3690.9375,13665.75,3155.5125,3478.5875
LSP33564--unmicst_cellRing_489582,26273.666666666668,7408.626262626262,913.5175508418428,593.7864080471978,3538.050505050505,16983.969696969696,2823.575757575757,12755.181818181818
LSP33564--unmicst_cellRing_489609,26239.32608695652,7409.869565217391,902.8097715347461,586.826351497585,3021.891304347826,15069.695652173914,2871.467391304348,6710.347826086957
LSP33564--unmicst_cellRing_489617,26157.51428571429,7412.180952380952,876.6894507807331,569.8481430074766,2790.4190476190474,14415.09523809524,3224.057142857143,9251.971428571427
LSP33564--unmicst_cellRing_489659,26216.751773049644,7417.510638297872,902.1736876511847,586.41289697327,2671.8368794326243,15122.113475177304,2601.9929078014184,9389.14184397163
LSP33564--unmicst_cellRing_489673,26166.140845070426,7417.859154929577,885.0003080930908,575.250200260509,2817.943661971831,10522.732394366198,3243.422535211268,2951.281690140845
LSP33564--unmicst_cellRing_489686,26175.246153846158,7420.276923076923,890.4173958887012,578.7713073276558,2803.3153846153846,12326.246153846154,2866.530769230769,7406.684615384615
LSP33564--unmicst_cellRing_489687,26242.17857142857,7418.035714285715,911.4585283248271,592.4480434111376,2823.654761904762,16098.67857142857,2841.7619047619046,10551.416666666666
LSP33564--unmicst_cellRing_489688,26253.272727272728,7418.006993006993,915.2677490607465,594.9240368894853,3172.020979020979,13897.797202797205,2790.4125874125875,6494.664335664335
LSP33564--unmicst_cellRing_489689,26265.68421052632,7418.218045112781,919.7574620478173,597.8423503310812,3670.330827067669,18779.9022556391,3163.503759398496,9501.631578947368
LSP33564--unmicst_cellRing_489690,26282.046296296296,7417.268518518518,924.5242383284684,600.9407549135045,3003.583333333333,13854.37037037037,2754.805555555556,9932.694444444443
LSP33564--unmicst_cellRing_489714,26275.409638554214,7420.975903614458,925.7080882452673,601.7102573594237,3314.120481927711,14301.590361445784,2816.8192771084337,8071.493975903614
LSP33564--unmicst_cellRing_489726,26145.23404255319,7421.329787234043,881.027636166596,572.6679635082875,3419.6382978723404,16799.840425531915,3391.989361702128,2952.0
LSP33564--unmicst_cellRing_489743,26162.638095238097,7425.038095238096,890.5252206847365,578.8413934450788,3204.133333333333,14270.32380952381,4280.152380952381,3444.2380952380954
LSP33564--unmicst_cellRing_489744,26295.6875,7423.6875,935.2641579584777,607.9217026730105,2806.663461538461,12408.0,2704.903846153846,11055.509615384615
LSP33564--unmicst_cellRing_489770,26153.872,7424.992,887.4508022718308,576.84302147669,2862.192,14686.664,3125.032,4531.44
LSP33564--unmicst_cellRing_489809,26137.325581395347,7427.798449612403,884.3626646524016,574.835732024061,3027.953488372093,17430.356589147286,3818.984496124031,9523.08527131783
LSP33564--unmicst_cellRing_489840,26244.22018348624,7428.761467889908,922.2286133165037,599.4485986557274,2364.238532110092,13236.45871559633,2684.9266055045878,13967.22018348624
LSP33564--unmicst_cellRing_489853,26251.555555555555,7432.973856209151,928.7176052679721,603.6664434241819,2402.392156862745,11747.1045751634,2495.045751633987,15845.91503267974
LSP33564--unmicst_cellRing_489863,26147.474226804123,7433.092783505154,892.8396438928836,580.3457685303744,2657.298969072165,14887.659793814431,3518.216494845361,6604.40206185567
LSP33564--unmicst_cellRing_489864,26261.7875,7430.8125,930.2276056639639,604.6479436815765,2659.7,16893.4625,2700.0125,23551.0125
LSP33564--unmicst_cellRing_489865,26270.46551724138,7431.663793103448,934.0270970478335,607.1176130810918,2450.620689655173,12103.21551724138,2806.198275862069,15473.724137931034
LSP33564--unmicst_cellRing_489866,26280.298850574716,7431.298850574713,937.0848655330964,609.1051625965126,2456.586206896552,14954.16091954023,2620.206896551724,32213.666666666668
LSP33564--unmicst_cellRing_489878,26209.92857142857,7431.047619047619,912.5162861362901,593.1355859885886,3052.1428571428573,13243.857142857143,4265.011904761905,8796.5
LSP33564--unmicst_cellRing_489896,26220.30172413793,7432.181034482759,917.1666460015041,596.1583199009776,4109.370689655172,12931.51724137931,2934.336206896552,11826.922413793103
LSP33564--unmicst_cellRing_489897,26295.905109489053,7434.883211678832,945.8445023789045,614.7989265462879,2780.21897810219,11609.2700729927,2365.3868613138684,17151.5401459854
LSP33564--unmicst_cellRing_489910,26160.96261682243,7436.289719626168,900.5034312243836,585.3272302958493,2937.990654205608,14666.803738317756,3210.626168224299,5867.177570093458
LSP33564--unmicst_cellRing_489911,26170.634146341465,7435.780487804878,903.3698619662798,587.1904102780819,3141.4959349593496,17480.0,3691.918699186992,6090.178861788618
LSP33564--unmicst_cellRing_489957,26273.876623376626,7442.487012987013,945.3621838147302,614.4854194795746,2430.928571428572,11155.72077922078,2611.246753246753,12533.214285714286
LSP33564--unmicst_cellRing_489968,26260.727777777774,7442.838888888888,941.1457069944414,611.744709546387,5268.044444444445,13293.672222222222,3114.8777777777777,13502.83888888889
LSP33564--unmicst_cellRing_489996,26203.695652173912,7440.159420289855,918.9107840618076,597.2920096401749,2868.3115942028985,14987.130434782608,3939.5,7961.021739130435
LSP33564--unmicst_cellRing_490019,26213.285714285717,7442.7,924.6107271850108,600.996972670257,2098.614285714286,10074.328571428572,2512.1428571428573,7041.8
LSP33564--unmicst_cellRing_490032,26163.901408450703,7445.154929577465,909.8379705331978,591.3946808465786,2789.4647887323945,16119.25352112676,3177.394366197183,10881.070422535213
LSP33564--unmicst_cellRing_490061,26237.23717948718,7448.115384615385,937.9740703107029,609.683145701957,2307.275641025641,13086.294871794871,2714.4679487179487,19805.339743589742
LSP33564--unmicst_cellRing_490062,26289.88888888889,7446.413580246914,954.5833078367879,620.4791500939122,2150.543209876543,11313.098765432098,2436.623456790124,35405.32098765432
LSP33564--unmicst_cellRing_490079,26226.722689075632,7446.4789915966385,932.8028871060116,606.3218766189075,2260.27731092437,11674.403361344535,3675.8823529411766,8474.873949579833
LSP33564--unmicst_cellRing_490103,26171.28125,7451.35,918.2027186681762,596.8317671343145,2368.30625,14033.975,2950.3125,11122.8
LSP33564--unmicst_cellRing_490165,26257.015384615384,7454.107692307693,950.4357064057735,617.7832091637529,2338.376923076923,10873.561538461538,2335.769230769231,21561.69230769231
LSP33564--unmicst_cellRing_490166,26285.48314606741,7456.67415730337,962.6875253039693,625.7468914475801,2011.3033707865168,8072.578651685393,2100.752808988764,15587.202247191011
LSP33564--unmicst_cellRing_490205,26229.83035714286,7457.767857142857,944.4699722354569,613.905481953047,2630.553571428572,14744.38392857143,4057.553571428572,23689.258928571428
LSP33564--unmicst_cellRing_490220,26159.397959183672,7461.107142857143,923.2489476500078,600.1118159725052,2398.55612244898,12223.520408163266,2604.765306122449,12654.19387755102
LSP33564--unmicst_cellRing_490221,26180.54385964912,7458.903508771929,928.4931383970496,603.5205399580823,2579.0263157894738,12590.078947368422,3030.6315789473683,10006.315789473683
LSP33564--unmicst_cellRing_490245,26169.744680851065,7461.127659574468,926.8459190911996,602.4498474092798,2367.36170212766,14075.86170212766,3006.8829787234044,14503.04255319149
LSP33564--unmicst_cellRing_490261,26254.33142857143,7467.085714285714,961.6851064557769,625.095319196255,2217.502857142857,13182.617142857143,2376.48,18218.948571428573
LSP33564--unmicst_cellRing_490297,26220.970297029704,7464.821782178218,948.0251144390702,616.2163243853956,2213.158415841584,12761.70297029703,2782.5148514851485,20128.287128712876
LSP33564--unmicst_cellRing_490298,26264.13829787234,7465.617021276596,963.698059033439,626.4037383717354,2198.6382978723404,12908.510638297872,2316.425531914894,24638.75531914893
LSP33564--unmicst_cellRing_490308,26289.0234375,7472.33203125,978.603708225697,636.0924103467031,2446.96484375,13449.32421875,2504.70703125,27220.00390625
LSP33564--unmicst_cellRing_490319,26297.97810218978,7466.839416058394,976.5462783621088,634.7550809353708,2331.109489051095,12192.919708029198,2503.233576642336,27288.094890510947
LSP33564--unmicst_cellRing_490348,26210.87704918033,7468.245901639344,947.747942052733,616.0361623342765,2185.9918032786886,10604.491803278688,2502.344262295082,12131.844262295082
LSP33564--unmicst_cellRing_490364,26228.523529411767,7471.341176470588,956.7541359681167,621.8901883792759,2283.747058823529,7785.170588235294,2347.929411764706,12123.429411764706
LSP33564--unmicst_cellRing_490376,26190.554347826088,7470.608695652174,942.9377416220786,612.9095320543512,2396.9347826086955,13207.423913043478,2490.3478260869565,19731.119565217392
LSP33564--unmicst_cellRing_490377,26275.453125,7472.1953125,973.7830398688036,632.9589759147224,2323.0,11649.3359375,2574.7109375,18289.6171875
LSP33564--unmicst_cellRing_490400,26198.52380952381,7473.107142857143,948.0377751547999,616.2245538506199,2457.833333333333,13886.440476190475,2588.5476190476197,28210.97619047619
LSP33564--unmicst_cellRing_490401,26266.80821917808,7476.917808219178,975.2249648000707,633.896227120046,2423.171232876712,16319.075342465754,2607.9383561643835,25800.54794520548
LSP33564--unmicst_cellRing_490436,26180.12213740458,7478.0,946.2658289041017,615.0727887876661,2218.083969465649,13529.725190839694,3128.3664122137407,19727.396946564884
LSP33564--unmicst_cellRing_490437,26213.316176470587,7478.125,957.8610521450098,622.6096838942564,2349.198529411765,10667.882352941177,2543.955882352941,11392.58088235294
LSP33564--unmicst_cellRing_490450,26310.490566037737,7477.509433962264,990.8847081292537,644.075060284015,2651.2704402515724,18244.415094339623,2787.8427672955977,32956.30817610063
LSP33564--unmicst_cellRing_490457,26171.191489361703,7479.340425531915,944.4355034934171,613.8830772707211,2446.191489361702,14612.595744680852,2777.68085106383,18454.31914893617
LSP33564--unmicst_cellRing_490471,26247.25925925926,7479.9876543209875,971.3457482300748,631.3747363495487,2696.4691358024693,15214.771604938273,2698.425925925926,27896.574074074077
LSP33564--unmicst_cellRing_490472,26283.46551724138,7481.6551724137935,985.4299126349886,640.5294432127425,2094.0172413793102,10405.939655172411,2458.793103448276,14803.551724137931
LSP33564--unmicst_cellRing_490490,26198.84827586207,7482.986206896552,957.4196392658021,622.3227655227713,2180.6413793103447,9872.910344827586,2294.1241379310345,15111.903448275862
LSP33564--unmicst_cellRing_490508,26260.55828220859,7484.355828220859,980.0430450582468,637.0279792878604,2661.006134969325,14341.19018404908,2646.496932515337,24321.944785276075
LSP33564--unmicst_cellRing_490534,26185.81395348837,7485.434108527132,955.2094939909507,620.886171094118,2493.6744186046512,11224.147286821706,2841.937984496124,20561.4496124031
LSP33564--unmicst_cellRing_490535,26311.14606741573,7484.359550561798,997.5389331799129,648.4003065669434,2928.1573033707864,14528.191011235956,2806.449438202247,31077.1797752809
LSP33564--unmicst_cellRing_490558,26213.76923076923,7486.8376068376065,966.1928760625528,628.0253694406593,2355.8547008547007,11599.905982905982,2700.0,12664.196581196582
LSP33564--unmicst_cellRing_490565,26287.717791411043,7488.9754601227,993.7690088953973,645.9498557820083,2157.699386503068,11236.40490797546,2279.638036809816,22756.34355828221
LSP33564--unmicst_cellRing_490566,26305.62827225131,7490.523560209424,1001.4147532111409,650.9195895872416,2293.240837696335,12724.973821989528,2455.057591623037,19296.115183246075
LSP33564--unmicst_cellRing_490593,26172.988023952097,7491.293413173653,956.2723763761735,621.5770446445127,2469.5868263473053,14225.335329341317,2801.395209580838,16093.79640718563
LSP33564--unmicst_cellRing_490594,26223.353535353537,7489.777777777777,972.2657705814678,631.9727508779541,2424.575757575757,11292.444444444443,2809.59595959596,25247.38383838384
LSP33564--unmicst_cellRing_490620,26205.316666666666,7491.116666666667,967.2852271560803,628.7353976514522,2194.0,11813.316666666668,2491.516666666667,18498.366666666665
LSP33564--unmicst_cellRing_490648,26188.22033898305,7495.347457627118,965.3434204932296,627.4732233205992,2412.4576271186443,11724.042372881357,2811.7966101694915,21486.262711864405
LSP33564--unmicst_cellRing_490663,26198.43333333333,7494.7444444444445,968.3090841484596,629.4009046964987,2041.4444444444443,10313.0,2447.8,17284.744444444445
LSP33564--unmicst_cellRing_490676,26231.682432432437,7496.810810810811,981.7449584503424,638.1342229927226,2364.5202702702704,10178.668918918918,2447.25,24079.114864864863
LSP33564--unmicst_cellRing_490708,26320.41052631579,7497.989473684211,1013.5315801258033,658.7955270817722,2133.1894736842105,12208.957894736845,2305.326315789473,22833.610526315788
LSP33564--unmicst_cellRing_490717,26207.89583333333,7500.78125,977.2454779184219,635.2095606469743,2033.5729166666667,11618.927083333334,2398.28125,20867.3125
LSP33564--unmicst_cellRing_490729,26218.76576576577,7499.333333333333,979.6455143830708,636.7695843489961,3018.09009009009,13679.63963963964,3195.3603603603606,19696.63963963964
LSP33564--unmicst_cellRing_490754,26193.21052631579,7504.0526315789475,975.2371334319839,633.9041367307896,2129.484210526316,11588.126315789474,2620.821052631579,15281.031578947368
LSP33564--unmicst_cellRing_490766,26271.0,7502.766666666666,1000.9287703358609,650.6037007183096,2210.038888888889,14009.572222222225,2523.988888888889,24150.63888888889
LSP33564--unmicst_cellRing_490775,26201.122807017546,7505.140350877193,978.9936882791729,636.3458973814625,2481.8245614035086,13780.929824561405,2772.333333333333,17138.80701754386
LSP33564--unmicst_cellRing_490788,26253.73631840796,7505.582089552238,997.6010351317667,648.4406728356483,2552.427860696517,12759.094527363184,2911.009950248756,14556.41791044776
LSP33564--unmicst_cellRing_490789,26288.832487309646,7504.969543147208,1009.1619320094177,655.9552558061215,2171.8883248730963,11568.502538071069,2183.984771573604,27956.69543147208
LSP33564--unmicst_cellRing_490790,26314.72265625,7508.05859375,1021.0128129336186,663.6583284068521,1989.7265625,9319.234375,2161.3125,15870.78515625
LSP33564--unmicst_cellRing_490812,26218.04464285714,7507.848214285715,987.3857987325824,641.8007691761786,2121.410714285714,10879.44642857143,2386.973214285714,18131.42857142857
LSP33564--unmicst_cellRing_490823,26243.12371134021,7508.773195876289,996.925637555944,648.0016644113637,2204.092783505155,13960.185567010309,2609.226804123711,20726.618556701036
LSP33564--unmicst_cellRing_490842,26191.210084033613,7512.4789915966385,982.4519904313893,638.5937937804031,2303.7394957983192,14353.0756302521,2802.63025210084,17651.67226890756
LSP33564--unmicst_cellRing_490843,26226.04109589041,7511.904109589041,993.9565415652185,646.071752017392,2379.054794520548,10911.59589041096,2602.376712328767,17060.19178082192
LSP33564--unmicst_cellRing_490844,26267.02912621359,7515.194174757282,1011.2166209562233,657.2908036215451,2232.029126213592,11605.504854368932,2745.747572815534,12794.456310679612
LSP33564--unmicst_cellRing_490862,26273.506666666668,7512.4,1010.8346295032015,657.042509177081,2274.6266666666666,10817.573333333334,2584.08,17106.213333333333
LSP33564--unmicst_cellRing_490874,26282.53146853147,7515.181818181818,1016.5654728099331,660.7675573264565,2471.874125874126,9299.468531468532,2492.818181818182,13789.202797202795
LSP33564--unmicst_cellRing_490893,26251.131944444445,7519.291666666667,1009.5643821133383,656.2168483736699,2313.5694444444443,13091.743055555557,2625.6111111111118,22575.67361111111
LSP33564--unmicst_cellRing_490903,26259.32530120482,7518.349397590361,1011.5133607243272,657.4836844708127,2537.927710843373,12322.084337349395,2919.710843373494,11035.987951807228
LSP33564--unmicst_cellRing_490921,26237.840490797545,7519.466257668711,1005.1322448618429,653.335959160198,2279.6319018404906,12044.754601226994,2441.3374233128834,29032.914110429447
LSP33564--unmicst_cellRing_490931,26294.6013986014,7523.590909090909,1028.6294213120984,668.6091238528641,2090.4755244755243,8651.307692307691,2200.968531468532,15620.02097902098
LSP33564--unmicst_cellRing_490953,26197.4043715847,7521.830601092896,993.3686205920343,645.6896033848224,2156.912568306011,13925.901639344262,2416.551912568306,17435.83606557377
LSP33564--unmicst_cellRing_490989,26266.043103448275,7525.724137931034,1020.7560883374563,663.4914574193466,2243.206896551724,15039.094827586208,2629.405172413793,20633.80172413793
LSP33564--unmicst_cellRing_491071,26191.174603174604,7532.952380952381,1001.6502001351757,651.0726300878642,2419.095238095238,13824.15873015873,2537.1031746031745,19863.5
LSP33564--unmicst_cellRing_491072,26304.909836065573,7530.745901639344,1038.907536948578,675.2898990165756,2118.8688524590166,8861.057377049181,2315.655737704918,13445.459016393444
LSP33564--unmicst_cellRing_491094,26223.900584795323,7533.760233918128,1013.724307923918,658.9208001505467,2125.058479532164,10884.140350877193,2369.748538011696,16208.456140350878
LSP33564--unmicst_cellRing_491095,26239.528301886792,7533.295597484277,1018.6921314856702,662.1498854656857,2217.584905660377,14009.465408805032,2658.5911949685533,26094.754716981133
LSP33564--unmicst_cellRing_491096,26270.6935483871,7533.927419354839,1030.061391093504,669.5399042107776,1910.9112903225807,10954.274193548386,2311.3951612903224,19454.887096774197
LSP33564--unmicst_cellRing_491119,26250.07692307692,7534.371794871795,1023.3494768414705,665.1771599469558,2301.525641025641,11756.26923076923,2599.769230769231,16018.5
LSP33564--unmicst_cellRing_491129,26200.229357798165,7536.40366972477,1008.0195745680124,655.2127234692081,2577.211009174312,12715.385321100915,2750.651376146789,13329.339449541283
LSP33564--unmicst_cellRing_491160,26208.32098765432,7538.493827160494,1012.7787475549228,658.3061859106998,5418.469135802469,12234.703703703704,3796.074074074074,10398.83950617284
LSP33564--unmicst_cellRing_491175,26284.71851851852,7540.125925925926,1040.7271358162227,676.4726382805447,2002.0592592592595,9753.2,2347.4444444444443,36903.07407407407
LSP33564--unmicst_cellRing_491188,26230.208633093524,7543.201438848921,1024.7643433119276,666.096823152753,2152.1870503597124,9432.007194244605,2490.043165467626,18217.40287769784
LSP33564--unmicst_cellRing_491189,26245.674242424244,7543.674242424242,1030.5557263347198,669.8612221175679,2395.128787878788,12931.674242424242,2540.189393939394,22039.93181818182
LSP33564--unmicst_cellRing_491251,26292.680672268907,7549.126050420168,1051.9252605502918,683.7514193576897,2179.9663865546217,10010.453781512606,2274.09243697479,29197.44537815126
LSP33564--unmicst_cellRing_491275,26212.611940298502,7551.243781094528,1026.2259527983717,667.0468693189416,2115.4626865671644,12254.49751243781,2427.2139303482586,21210.885572139305
LSP33564--unmicst_cellRing_491276,26257.74042553192,7553.83829787234,1044.2650878994139,678.772307134619,2216.272340425532,11414.846808510638,2333.0510638297874,20434.140425531918
LSP33564--unmicst_cellRing_491277,26284.61111111111,7551.194444444444,1051.075747735486,683.1992360280659,2020.5,9264.833333333334,2357.958333333333,23958.722222222223
LSP33564--unmicst_cellRing_491288,26273.78947368421,7551.263157894737,1047.3982844664977,680.8088849032235,1616.438596491228,10324.076023391814,1989.2690058479527,26086.280701754386
LSP33564--unmicst_cellRing_491322,26240.372727272726,7553.236363636363,1037.6948297153021,674.5016393149464,3382.081818181818,15000.518181818185,2621.3636363636365,23027.881818181817
LSP33564--unmicst_cellRing_491365,26186.364864864863,7556.689189189189,1022.2596661454716,664.4687829945565,2656.0810810810813,17115.837837837837,3524.662162162162,11659.162162162162
LSP33564--unmicst_cellRing_491390,26238.052631578947,7561.345864661655,1044.5018426123138,678.926197698004,2724.3383458646617,13563.345864661656,2643.842105263158,28484.22556390977
LSP33564--unmicst_cellRing_491406,26202.18888888889,7561.333333333333,1032.0890122690666,670.8578579748934,2429.088888888889,15592.738888888887,3126.05,16405.044444444444
LSP33564--unmicst_cellRing_491432,26309.30769230769,7565.118881118881,1072.6809063409676,697.242589121629,1560.2237762237762,7932.972027972028,1774.958041958042,9689.475524475523
LSP33564--unmicst_cellRing_491457,26272.5291005291,7567.4338624338625,1062.1356756431583,690.3881891680529,2313.899470899471,13162.089947089948,2481.6031746031745,30411.51851851852
LSP33564--unmicst_cellRing_491464,26221.18181818182,7566.646464646465,1043.6418322873546,678.3671909867805,2491.656565656566,13609.676767676769,2791.656565656566,10842.040404040405
LSP33564--unmicst_cellRing_491465,26319.450819672133,7567.836065573771,1078.7378008135804,701.1795705288273,1398.4098360655737,6814.565573770492,1594.549180327869,5402.360655737705
LSP33564--unmicst_cellRing_491473,26213.46103896104,7572.564935064935,1046.5255048922747,680.2415781799787,2599.1233766233768,13378.214285714286,3094.4025974025976,12422.24025974026
LSP33564--unmicst_cellRing_491518,26201.14857142857,7574.4,1043.9899311734207,678.5934552627235,2401.2514285714287,14247.897142857142,2996.617142857143,9288.028571428573
LSP33564--unmicst_cellRing_491561,26225.394736842107,7575.355263157895,1053.2701799209483,684.6256169486164,3464.0263157894738,13758.552631578948,3024.144736842105,8399.46052631579
LSP33564--unmicst_cellRing_491582,26237.0,7579.352422907489,1061.0336754697728,689.6718890553524,2508.748898678414,15372.453744493392,2495.092511013216,20953.497797356828
LSP33564--unmicst_cellRing_491583,26255.47120418848,7579.335078534032,1067.4044291211744,693.8128789287634,2370.303664921466,15937.104712041884,2464.774869109948,19984.03664921466
LSP33564--unmicst_cellRing_491584,26321.14754098361,7582.03825136612,1092.650615232114,710.2228999008742,1716.114754098361,8664.03825136612,1949.229508196721,16171.677595628416
LSP33564--unmicst_cellRing_491608,26209.53153153153,7583.684684684685,1055.6005705411392,686.1403708517405,2758.7207207207207,14343.486486486489,2619.4684684684685,10563.036036036036
LSP33564--unmicst_cellRing_491609,26333.85380116959,7580.087719298245,1095.214011263746,711.889107321435,2010.4619883040937,12718.912280701754,2263.766081871345,29061.97660818713
LSP33564--unmicst_cellRing_491629,26219.87898089172,7587.834394904458,1063.072275800152,690.9969792700989,2815.872611464968,15490.464968152866,2640.923566878981,11767.535031847134
LSP33564--unmicst_cellRing_491692,26197.39814814815,7590.87037037037,1058.1474861826612,687.7958660187298,2877.9166666666665,13559.99074074074,2508.6296296296296,19703.5
LSP33564--unmicst_cellRing_491693,26273.33783783784,7590.810810810811,1084.350253196894,704.8276645779812,2336.7162162162163,13594.783783783783,2553.2027027027025,19562.68918918919
LSP33564--unmicst_cellRing_491698,26261.98051948052,7591.74025974026,1081.295201169266,702.841880760023,2461.2077922077924,14778.694805194806,2454.8506493506493,27139.88961038961
LSP33564--unmicst_cellRing_491721,26249.09604519774,7593.084745762711,1078.101519934687,700.7659879575466,2684.237288135593,18026.011299435027,2392.4180790960454,14549.988700564973
LSP33564--unmicst_cellRing_491737,26207.483333333334,7594.708333333333,1065.235987976536,692.4033921847484,2309.883333333333,13132.291666666666,2432.491666666667,18592.741666666665
LSP33564--unmicst_cellRing_491754,26215.54054054054,7599.027027027027,1072.074326112724,696.8483119732707,2898.824324324324,18234.027027027027,2861.108108108108,15103.121621621622
LSP33564--unmicst_cellRing_491755,26285.415094339623,7597.033018867924,1094.3647511343363,711.3370882373187,2657.75,14767.514150943396,2627.990566037736,11319.0
LSP33564--unmicst_cellRing_491791,26224.298850574716,7598.908045977011,1074.991159057541,698.7442533874016,3333.689655172414,18738.885057471263,3045.528735632184,16795.183908045976
LSP33564--unmicst_cellRing_491806,26240.858974358973,7601.615384615385,1083.2577032371435,704.1175071041433,3081.423076923077,17330.173076923078,2805.794871794872,12738.564102564103
LSP33564--unmicst_cellRing_491807,26325.98780487805,7603.621951219512,1114.5765949678114,724.4747867290774,2089.942073170732,14299.926829268292,2303.128048780488,23474.298780487807
LSP33564--unmicst_cellRing_491814,26231.090909090908,7601.4,1079.6779739562064,701.7906830715342,3482.8,18989.727272727272,3096.690909090909,16849.072727272727
LSP33564--unmicst_cellRing_491826,26309.99342105263,7603.013157894737,1108.4747695659703,720.5086002178807,2297.592105263158,17134.480263157893,2426.5263157894738,18387.894736842107
LSP33564--unmicst_cellRing_491861,26257.25842696629,7605.921348314607,1092.968703154384,710.4296570503496,2486.85393258427,16205.134831460677,2458.85393258427,15669.393258426966
LSP33564--unmicst_cellRing_491862,26264.945054945056,7606.56043956044,1096.2262769164277,712.547079995678,2628.6043956043954,18367.285714285717,2493.725274725274,16513.01098901099
LSP33564--unmicst_cellRing_491863,26293.108108108107,7606.060810810811,1105.49577261059,718.5722521968835,2804.3716216216217,14601.851351351352,2600.5405405405404,8830.918918918918
LSP33564--unmicst_cellRing_491875,26249.486486486487,7607.7027027027025,1091.9527690494479,709.7692998821411,3056.162162162162,18472.85135135135,2949.0945945945946,18998.783783783783
LSP33564--unmicst_cellRing_491876,26301.842857142856,7608.428571428572,1110.7378043618703,721.9795728352158,2542.428571428572,13210.5,2594.3142857142857,9934.828571428572
LSP33564--unmicst_cellRing_491899,26216.82208588957,7610.055214723926,1082.865371267445,703.8624913238392,2490.914110429448,16730.65644171779,3040.680981595092,15058.41717791411
LSP33564--unmicst_cellRing_491900,26229.84146341464,7610.908536585366,1088.1679347840975,707.3091576096634,2491.390243902439,16622.20731707317,2794.1768292682927,14495.201219512195
LSP33564--unmicst_cellRing_491933,26308.41379310345,7614.25,1118.4722531355646,727.006964538117,2361.758620689656,16587.025862068964,2464.0344827586205,16657.181034482757
LSP33564--unmicst_cellRing_492010,26349.38823529412,7620.123529411765,1118.7219044936953,727.169237920902,2054.4882352941177,16984.2,2184.717647058824,34558.635294117645
LSP33564--unmicst_cellRing_492021,26293.652892561982,7621.214876033057,1118.7219044936953,727.169237920902,2368.710743801653,16139.252066115703,2397.6363636363635,16341.380165289256
LSP33564--unmicst_cellRing_492032,26222.76439790576,7622.371727748691,1096.4768845884794,712.7099749825117,2394.6544502617803,16406.30890052356,2709.4869109947645,21585.84293193717
LSP33564--unmicst_cellRing_492038,26253.809523809523,7623.107142857143,1107.9018115764825,720.1361775247136,2490.753968253968,18105.150793650795,2620.2023809523807,17178.305555555555
LSP33564--unmicst_cellRing_492085,26275.936305732484,7625.929936305733,1118.2015443502703,726.8310038276758,2285.0891719745223,15227.43949044586,2458.312101910828,14788.738853503184
LSP33564--unmicst_cellRing_492098,26265.84375,7626.9375,1115.6571219364948,725.1771292587217,2058.71875,14100.90625,2514.46875,19476.59375
LSP33564--unmicst_cellRing_492160,26216.264,7633.48,1104.6522106718653,718.0239369367125,2320.952,12972.672,2809.064,20951.104
LSP33564--unmicst_cellRing_492161,26287.76649746193,7633.868020304569,1118.7219044936953,727.169237920902,2212.3807106598983,15776.335025380711,2302.97461928934,23391.40609137056
LSP33564--unmicst_cellRing_492202,26316.811764705883,7636.958823529411,1118.7219044936953,727.169237920902,1866.6941176470589,13864.829411764706,2161.5,32193.623529411765
LSP33564--unmicst_cellRing_492215,26223.950704225357,7639.80985915493,1113.2495409230041,723.6122015999528,2329.669014084507,13983.50704225352,2594.823943661972,17177.218309859156
LSP33564--unmicst_cellRing_492224,26302.41007194245,7639.201438848921,1118.7219044936953,727.169237920902,2326.6762589928057,17858.93525179856,2407.129496402877,35237.09352517986
LSP33564--unmicst_cellRing_492235,26251.54225352113,7640.443661971831,1118.7219044936953,727.169237920902,2067.8098591549297,13968.387323943662,2418.281690140845,29620.859154929574
LSP33564--unmicst_cellRing_492295,26234.839552238805,7648.921641791045,1118.7219044936953,727.169237920902,2278.7611940298507,15185.320895522387,2529.876865671642,25004.93656716418
LSP33564--unmicst_cellRing_492296,26289.244444444445,7647.937777777778,1118.7219044936953,727.169237920902,2864.337777777778,14749.306666666667,2809.0666666666666,26593.062222222223
LSP33564--unmicst_cellRing_492354,26247.681159420288,7652.891304347826,1118.7219044936953,727.169237920902,2316.876811594203,14386.630434782608,2750.695652173913,23261.07246376812
LSP33564--unmicst_cellRing_492361,26333.21978021978,7653.763736263736,1118.7219044936953,727.169237920902,2375.736263736264,15577.587912087913,2558.543956043956,30098.82417582417
LSP33564--unmicst_cellRing_492369,26305.752136752137,7652.324786324786,1118.7219044936953,727.169237920902,3452.2820512820517,23205.641025641027,2548.264957264957,34019.23931623931
LSP33564--unmicst_cellRing_492377,26356.171779141103,7653.067484662577,1118.7219044936953,727.169237920902,2288.9263803680983,10780.858895705522,2435.9079754601225,21728.196319018403
LSP33564--unmicst_cellRing_492389,26345.75974025974,7657.279220779221,1118.7219044936953,727.169237920902,2079.8311688311687,13937.818181818182,2423.0064935064934,22886.876623376626
LSP33564--unmicst_cellRing_492417,26296.504587155963,7657.926605504587,1118.7219044936953,727.169237920902,4595.587155963302,27152.71559633028,4199.880733944954,32137.532110091743
LSP33564--unmicst_cellRing_492425,26236.893203883494,7660.47572815534,1118.7219044936953,727.169237920902,2958.9417475728155,17875.563106796115,2981.019417475728,11985.291262135925
LSP33564--unmicst_cellRing_492464,26260.96907216495,7660.896907216495,1118.7219044936953,727.169237920902,2360.494845360825,15710.98969072165,2770.463917525773,32152.29896907217
LSP33564--unmicst_cellRing_492465,26268.617283950614,7662.135802469136,1118.7219044936953,727.169237920902,2456.0,19662.086419753086,2799.333333333333,29920.53086419753
LSP33564--unmicst_cellRing_492482,26247.492753623188,7664.463768115942,1118.7219044936953,727.169237920902,3080.927536231884,16960.347826086956,3039.4347826086955,21197.971014492752
LSP33564--unmicst_cellRing_492483,26334.69047619048,7667.8015873015875,1118.7219044936953,727.169237920902,2218.4761904761904,15469.746031746032,2370.873015873016,37270.79365079365
LSP33564--unmicst_cellRing_492493,26323.82962962963,7664.940740740741,1118.7219044936953,727.169237920902,2222.4222222222224,15277.481481481482,2472.177777777778,42606.83703703704
LSP33564--unmicst_cellRing_492508,26233.340206185567,7669.154639175258,1118.7219044936953,727.169237920902,2780.278350515464,19379.546391752578,2945.237113402062,15762.690721649484
LSP33564--unmicst_cellRing_492525,26253.533333333333,7668.506666666667,1118.7219044936953,727.169237920902,2550.213333333333,18803.746666666662,2843.2533333333336,41295.89333333333
LSP33564--unmicst_cellRing_492537,26274.320261437908,7670.300653594772,1118.7219044936953,727.169237920902,2494.8954248366013,18721.53594771242,2803.967320261438,37581.03921568627
LSP33564--unmicst_cellRing_492550,26242.56779661017,7672.762711864407,1118.7219044936953,727.169237920902,2742.076271186441,16978.01694915254,2854.5,20893.474576271183
LSP33564--unmicst_cellRing_492551,26261.754385964912,7669.982456140351,1118.7219044936953,727.169237920902,2496.6491228070176,19061.245614035088,2864.438596491228,49280.63157894737
LSP33564--unmicst_cellRing_492639,26252.88073394496,7678.532110091744,1118.7219044936953,727.169237920902,1816.1467889908256,16396.045871559632,3054.238532110092,26629.532110091743
LSP33564--unmicst_cellRing_492650,26287.909836065573,7679.090163934426,1118.7219044936953,727.169237920902,1945.2622950819675,16104.188524590165,3219.844262295082,31132.29508196721
LSP33564--unmicst_cellRing_492695,26260.55033557047,7686.174496644296,1118.7219044936953,727.169237920902,1002.6510067114094,6910.744966442953,1661.2818791946308,3540.953020134228
LSP33564--unmicst_cellRing_492696,26275.352459016394,7684.7213114754095,1118.7219044936953,727.169237920902,1176.4180327868853,6415.94262295082,1584.516393442623,5151.172131147541
LSP33564--unmicst_cellRing_492697,26298.35757575757,7686.769696969697,1118.7219044936953,727.169237920902,1072.6181818181817,7424.163636363636,2295.3212121212123,13741.466666666667
LSP33564--unmicst_cellRing_492741,26314.31818181818,7690.340909090909,1118.7219044936953,727.169237920902,953.4242424242424,6517.234848484848,1495.0075757575758,9349.113636363636
LSP33564--unmicst_cellRing_492752,26287.26388888889,7690.923611111111,1118.7219044936953,727.169237920902,959.4236111111112,6420.451388888889,1605.6666666666667,4126.180555555556
